ticket_id,brand,channel,category,priority,created_at,resolved_at,agent_id,satisfaction_score
T0000026,KAYAK,email,General Query,Medium,2025-05-25 16:08:00,,A0006,
T0000162,priceline,chat,TECHNICAL ISSUE,Medium,26/08/2024 01:17,2024-08-26 17:10:24,A0057,
T0002157,KAYAK,phone,Booking Change,High,2025-01-08 21:52:00,2025-01-09 02:20:48,A0053,
T0002559,Booking.com,social,BOOKING CHANGE,Medium,2025-02-04 03:20:00,2025-02-04 05:17:36,A0032,
T0001043,priceline,chat,general query,Low,2025-01-10 22:27:00,2025-01-11 03:31:12,A0034,
T0001827,KAYAK,phone,Billing,Urgent,2024-11-23 02:07:00,,A0037,
T0001125,Booking.com,email,BILLING,Low,2025-04-09 10:26:00,2025-04-09 11:14:00,A0015,5
T0001213,agoda,email,Billing,Medium,2025-04-23 11:50:00,2025-04-24 02:24:48,A0050,2
T0000523,Booking.com,phone,booking change,Low,2025-03-25 11:58:00,2025-03-25 19:26:48,A0038,6
T0003860,agoda,chat,Cancellation,High,2024-06-05 06:25:00,2024-06-05 10:20:12,A0046,2
T0000303,KAYAK,Email,Technical Issue,Medium,2024-06-16 07:41:00,2024-06-16 09:51:48,A0019,4
T0000721,KAYAK,social,General Query,Urgent,2024-10-21 10:33:00,2024-10-21 13:42:36,A0029,1
T0001538,agoda,chat,Billing,Medium,2025-01-11 22:30:00,,A0057,
T0002642,agoda,phone,General Query,Low,2024-09-01 23:25:00,2024-09-02 08:10:00,A0023,3
T0003581,Booking.com,phone,General Query,Low,2025-01-24 23:23:00,2025-01-25 01:15:48,A0050,3
T0002383,KAYAK,phone,Billing,Low,2024-09-23 11:50:00,2024-09-23 13:06:12,A0034,4
T0004034,agoda,chat,General Query,Low,16/02/2025 11:25,2025-02-16 17:53:12,A0016,
T0000248,agoda,chat,General Query,Low,2025-03-19 17:02:00,2025-03-19 20:53:36,A0001,2
T0002865,priceline,phone,CANCELLATION,High,2024-07-22 09:31:00,2024-07-22 13:47:48,A0059,1
T0001214,Booking.com,social,Booking Change,Low,19/10/2024 15:16,2024-10-20 04:55:00,A0003,2
T0001610,priceline,social,Billing,Low,2025-05-30 23:37:00,2025-05-31 07:10:00,A0028,5
T0001152,agoda,chat,Billing,Medium,2024-11-02 20:10:00,2024-11-03 13:03:24,A0012,10
T0003065,priceline,phone,Technical Issue,Urgent,2025-05-03 01:21:00,2025-05-03 07:53:24,A0040,4
T0000877,KAYAK,phone,General Query,Medium,2025-05-21 15:28:00,2025-05-21 23:28:00,A0025,
T0002978,agoda,chat,Booking Change ,High,2025-05-02 15:03:00,2025-05-03 05:46:12,A0012,1
T0001648,Booking.com,chat,technical issue,Urgent,2025-01-30 00:33:00,2025-01-30 10:01:48,A0009,4
T0002322,priceline,chat,Billing,High,25/05/2025 23:07,,A0012,
T0004603,priceline,SOCIAL,Technical Issue ,High,01/10/2024 06:18,,A0021,
T0003331,KAYAK,social,Technical Issue,High,2024-10-07 06:41:00,2024-10-07 10:21:48,A0044,3
T0003489,agoda,social,Technical Issue ,Medium,2025-03-09 15:00:00,2025-03-09 22:42:00,A0017,
T0000499,priceline,phone,Booking Change,High,2024-12-28 19:11:00,2024-12-28 22:44:36,A0017,5
T0001725,priceline,chat,Billing,Low,2025-03-27 04:51:00,2025-03-27 08:28:48,A0033,2
T0000700,agoda,social,BILLING,Medium,2025-04-15 22:58:00,2025-04-15 23:47:48,A0035,
T0003790,priceline,chat,Cancellation,Low,2025-02-25 07:02:00,2025-02-25 11:14:36,A0003,
T0003722,agoda,phone,CANCELLATION,Low,30/12/2024 10:44,2024-12-30 22:42:12,A0039,
T0002355,agoda,chat,booking change,Medium,2024-08-13 06:11:00,,A0029,
T0004783,agoda,social,Booking Change,Low,07/11/2024 11:16,2024-11-07 12:25:00,A0057,6
T0004151,agoda,chat,Cancellation,Urgent,2025-04-24 22:29:00,,A0015,
T0001168,Booking.com,phone,General Query,High,2024-10-07 14:52:00,2024-10-07 19:36:24,A0008,5
T0002326,KAYAK,social,Booking Change ,Urgent,2025-01-01 11:50:00,,A0015,
T0003763,KAYAK,chat,General Query ,Medium,2025-02-14 08:01:00,2025-02-15 02:05:48,A0046,
T0002774,Booking.com,email,Cancellation,Low,2024-11-21 20:55:00,2024-11-22 00:11:48,A0006,2
T0004931,priceline,phone,Billing ,High,2025-02-21 01:24:00,,A0060,
T0001180,agoda,email,Technical Issue,High,2024-10-07 00:53:00,,A0020,
T0000154,agoda,chat,Booking Change,Low,2025-01-10 18:24:00,2025-01-10 19:20:24,A0002,
T0000647,priceline,chat,Cancellation,High,13/03/2025 05:24,2025-03-13 14:10:12,A0034,1
T0000021,Booking.com,social,Cancellation,Medium,2025-02-14 17:12:00,2025-02-14 19:39:36,A0022,4
T0003220,priceline,social,TECHNICAL ISSUE,High,03/05/2025 01:05,2025-05-03 11:30:12,A0039,8
T0001511,priceline,phone,Booking Change,High,23/01/2025 23:37,2025-01-24 08:35:12,A0058,4
T0004950,Booking.com,Email,Billing,Urgent,20/02/2025 19:21,2025-02-21 14:23:24,A0040,2
T0002945,priceline,email,Technical Issue,Low,2024-06-25 22:10:00,2024-06-26 11:29:12,A0043,
T0000602,KAYAK,chat,TECHNICAL ISSUE,Low,2025-02-23 05:00:00,2025-02-23 17:40:48,A0026,
T0002725,priceline,phone,billing,Urgent,2025-05-05 00:14:00,2025-05-05 05:22:24,A0002,2
T0001800,priceline,email,Technical Issue,Medium,04/12/2024 20:32,2024-12-05 02:02:36,A0008,1
T0004359,agoda,social,General Query,High,27/04/2025 18:11,2025-04-27 19:05:00,A0028,3
T0001160,agoda,social,Billing,Low,2024-08-24 15:07:00,2024-08-25 09:44:12,A0030,9
T0000648,agoda,email,BILLING,Low,2024-06-16 16:07:00,2024-06-16 18:02:12,A0050,3
T0000002,KAYAK,social,Technical Issue,Urgent,2024-08-16 20:16:00,,A0031,
T0000340,priceline,email,Booking Change,Medium,2024-12-12 13:53:00,2024-12-12 16:16:24,A0055,
T0004016,agoda,social,GENERAL QUERY,High,2024-08-30 17:31:00,2024-08-30 19:37:36,A0050,2
T0002248,agoda,social,Booking Change,Low,2025-04-25 09:59:00,2025-04-25 22:47:00,A0046,
T0001649,agoda,phone,Billing,High,2025-03-25 19:54:00,,A0012,
T0004128,priceline,SOCIAL,General Query,Urgent,2025-01-24 14:49:00,2025-01-24 16:48:24,A0034,2
T0002109,KAYAK,chat,General Query,High,2024-12-31 12:46:00,2024-12-31 18:28:36,A0011,3
T0004110,priceline,e-mail,General Query,High,2024-07-16 18:22:00,2024-07-16 19:53:48,A0044,2
T0003931,KAYAK,CHAT,billing,Medium,2025-01-13 09:25:00,2025-01-13 15:37:00,A0031,
T0002172,agoda,social,billing,Low,2025-04-14 00:40:00,2025-04-14 15:45:24,A0011,3
T0001361,Booking.com,social,general query,Medium,2024-07-17 21:08:00,2024-07-18 01:05:00,A0005,7
T0000485,Booking.com,phone,General Query,Medium,2024-12-28 03:48:00,2024-12-28 06:49:12,A0032,8
T0002302,Booking.com,email,General Query ,Urgent,22/11/2024 01:38,2024-11-22 20:10:24,A0030,6
T0003899,KAYAK,Email,Bill,Low,2025-03-08 16:51:00,2025-03-08 17:33:36,A0021,4
T0000128,agoda,email,General Query,Urgent,2024-12-07 07:46:00,2024-12-07 08:17:12,A0004,5
T0002728,priceline,chat,Cancellation ,Medium,2024-07-28 08:10:00,2024-07-29 03:49:00,A0053,
T0002289,agoda,CHAT,Booking Change,Low,2024-06-07 19:49:00,2024-06-09 03:25:36,A0054,3
T0001902,Booking.com,chat,Billing,Urgent,19/12/2024 08:17,2024-12-19 10:49:24,A0024,4
T0001199,KAYAK,chat,BILLING,High,2025-01-25 05:18:00,2025-01-25 08:10:48,A0031,6
T0001792,KAYAK,chat,BILLING,Medium,2025-02-26 01:37:00,2025-02-26 12:49:00,A0045,
T0002797,KAYAK,phone,cancellation,High,2024-06-27 18:37:00,2024-06-28 01:15:24,A0023,
T0000436,agoda,chat,General Query,Low,2024-12-29 16:17:00,2024-12-29 23:47:00,A0006,4
T0003416,Booking.com,social,Billing,Urgent,2025-01-30 08:48:00,,A0046,
T0001647,priceline,e-mail,BOOKING CHANGE,Low,2024-11-02 15:16:00,2024-11-02 19:52:00,A0005,3
T0000546,priceline,social,Booking Change,Urgent,15/08/2024 00:32,2024-08-15 11:27:12,A0058,2
T0002644,Booking.com,phone,Booking Change,High,16/12/2024 03:18,2024-12-16 23:34:48,A0009,3
T0001757,KAYAK,phone,booking change,High,2024-07-17 05:32:00,2024-07-17 11:14:00,A0017,
T0004366,Booking.com,chat,Technical Issue,Urgent,13/03/2025 02:27,2025-03-13 02:49:12,A0007,2
T0003963,Booking.com,chat,GENERAL QUERY,High,2024-06-08 22:53:00,,A0016,
T0003208,agoda,chat,CANCELLATION,Low,21/01/2025 02:45,2025-01-21 10:12:00,A0059,3
T0003543,Booking.com,social,Billing ,High,2024-11-05 05:15:00,2024-11-05 12:47:24,A0055,
T0000915,Booking.com,chat,CANCELLATION,Low,2024-09-17 04:59:00,,A0003,
T0000763,agoda,phone,GENERAL QUERY,Low,2024-10-24 08:57:00,2024-10-24 17:12:36,A0014,3
T0000077,KAYAK,chat,BILLING,Medium,2025-04-05 16:46:00,2025-04-05 18:24:24,A0010,1
T0001474,Booking.com,social,Billing,Urgent,29/08/2024 10:37,2024-08-29 13:28:00,A0010,1
T0003356,agoda,phone,Cancellation,Urgent,2024-06-09 23:05:00,2024-06-10 05:50:36,A0034,2
T0001849,agoda,email,Billing ,High,2024-08-01 12:19:00,2024-08-01 17:20:48,A0045,4
T0003693,agoda,chat,Billing,Urgent,2024-12-23 06:22:00,2024-12-23 15:44:12,A0043,
T0004182,Booking.com,email,General Query,Low,2024-09-29 22:56:00,2024-09-30 22:54:48,A0027,4
T0001099,priceline,chat,Technical Issue ,Low,2025-03-09 19:41:00,2025-03-09 21:01:24,A0042,
T0004071,agoda,email,Technical Issue,Low,2024-11-19 07:37:00,2024-11-19 07:57:24,A0038,5
T0004230,agoda,chat,Booking Change,High,2024-07-04 10:32:00,,A0008,
T0003886,KAYAK,social,Booking Change,Medium,2024-12-02 22:39:00,2024-12-02 23:09:00,A0046,1
T0002131,Booking.com,chat,Billing,Medium,2025-01-18 20:40:00,2025-01-19 07:33:24,A0004,5
T0000264,KAYAK,social,Cancellation,High,2025-04-29 02:51:00,,A0021,
T0002714,KAYAK,CHAT,booking change,High,16/04/2025 09:23,,A0007,
T0002816,KAYAK,PHONE,Billing,Urgent,24/01/2025 17:52,2025-01-22 17:52:00,A0050,
T0002332,Booking.com,chat,General Query,Low,2025-03-18 19:58:00,2025-03-19 03:05:12,A0015,6
T0000231,Booking.com,Email,General Query,Urgent,2024-07-11 14:24:00,2024-07-11 18:53:24,A0045,
T0003928,agoda,social,General Query,Urgent,15/04/2025 18:12,2025-04-15 21:19:48,A0041,3
T0004564,Booking.com,phone,Cancellation,Low,2024-08-07 08:34:00,2024-08-07 11:59:48,A0014,
T0000221,KAYAK,phone,Technical Issue,Medium,27/12/2024 04:57,,A0043,
T0001748,Booking.com,phone,Technical Issue,High,17/07/2024 22:50,2024-07-17 23:29:00,A0018,
T0000202,Booking.com,chat,Billing,High,13/08/2024 09:46,2024-08-13 20:20:48,A0038,6
T0001458,Booking.com,chat,Booking Change,Low,2024-06-05 11:51:00,,A0057,
T0004046,priceline,chat,billing,Medium,14/06/2024 15:31,2024-06-15 06:42:24,A0021,
T0003477,priceline,chat,Cancellation,Urgent,2024-08-04 08:07:00,2024-08-04 19:14:12,A0029,
T0000010,agoda,social,general query,Medium,2024-07-02 23:22:00,,A0034,
T0004569,Booking.com,chat,billing,Low,2024-12-06 00:48:00,2024-12-06 10:36:36,A0024,4
T0002091,priceline,email,Cancellation,High,2024-11-30 16:31:00,,A0054,
T0004194,agoda,phone,Billing,Low,2025-02-05 09:56:00,2025-02-05 11:36:48,A0041,6
T0002443,agoda,email,General Query,Low,2024-09-01 06:25:00,2024-09-01 17:56:12,A0031,5
T0002667,priceline,email,Cancellation,High,20/11/2024 17:07,2024-11-21 08:29:12,A0056,3
T0003202,KAYAK,CHAT,Cancellation,High,2025-01-01 06:08:00,2025-01-01 15:52:24,A0024,2
T0001346,agoda,email,Bill,Medium,05/08/2024 16:36,2024-08-05 23:36:00,A0048,3
T0003660,Booking.com,email,booking change,Low,2024-12-25 10:03:00,,A0034,
T0004662,Booking.com,phone,General Query,Urgent,2024-07-25 18:35:00,2024-07-26 12:44:00,,
T0000327,KAYAK,social,Cancellation,High,2024-08-10 00:12:00,,A0047,
T0004893,priceline,email,Cancellation,Medium,2024-12-30 01:35:00,,A0042,
T0000698,Booking.com,phone,GENERAL QUERY,Low,2025-05-18 15:48:00,2025-05-18 20:14:24,A0053,
T0002808,agoda,chat,General Query,High,2024-09-23 14:21:00,2024-09-23 20:53:24,A0053,
T0003274,priceline,PHONE,Technical Issue,Low,05/06/2024 23:00,2024-06-06 10:29:24,A0021,5
T0001652,priceline,chat,Booking Change,Medium,2025-04-07 20:43:00,2025-04-08 00:40:00,A0006,1
T0001239,KAYAK,Email,Technical Issue,Low,2024-12-25 12:37:00,2024-12-26 00:22:00,A0010,
T0004433,KAYAK,email,Billing,High,2024-10-09 16:06:00,2024-10-10 01:32:24,A0030,
T0001034,priceline,phone,General Query,High,28/12/2024 15:00,2024-12-28 16:51:00,A0045,
T0000383,priceline,social,booking change,Urgent,2024-07-13 10:48:00,2024-07-13 19:22:12,A0021,5
T0001916,Booking.com,email,Booking Change,High,2024-06-15 15:38:00,2024-06-18 11:12:12,A0034,6
T0002193,agoda,social,Technical Issue,High,2025-03-29 15:26:00,2025-03-30 13:09:12,A0010,5
T0002418,agoda,chat,Technical Issue,Medium,2024-08-11 17:58:00,2024-08-11 20:25:36,A0042,
T0000015,Booking.com,chat,General Query,Urgent,2024-12-21 15:10:00,,A0013,
T0001895,priceline,chat,Booking Change,Urgent,2024-09-05 03:52:00,2024-09-05 08:22:00,A0044,2
T0003049,KAYAK,phone,Technical Issue,Medium,2024-08-10 07:42:00,2024-08-10 08:34:48,A0048,2
T0000561,Booking.com,social,billing,High,2024-10-07 20:10:00,,A0020,
T0004499,agoda,phone,General Query,Urgent,2025-03-26 12:17:00,2025-03-27 09:32:36,A0055,
T0004199,KAYAK,email,Cancellation,Urgent,01/06/2025 23:25,2025-06-02 06:08:48,A0032,
T0000445,priceline,phone,General Query,Urgent,2025-02-15 03:02:00,2025-02-15 13:02:00,A0030,
T0001163,priceline,email,Billing,High,2024-09-29 01:39:00,2024-09-29 04:30:00,A0053,9
T0000309,agoda,chat,Cancellation,Medium,09/06/2024 19:29,,A0054,
T0002932,priceline,email,Technical Issue,Urgent,2024-07-07 06:43:00,2024-07-07 17:08:12,A0054,1
T0002740,KAYAK,SOCIAL,Technical Issue,Low,2024-08-01 22:27:00,2024-08-02 06:23:24,A0039,
T0001021,priceline,Email,Technical Issue,Low,2024-06-17 11:14:00,2024-06-17 22:03:12,A0023,2
T0001911,priceline,phone,technical issue,Medium,2024-12-01 19:47:00,2024-12-02 03:51:48,A0041,7
T0002235,priceline,social,GENERAL QUERY,Low,30/03/2025 09:02,2025-03-31 06:50:36,A0039,3
T0001815,KAYAK,email,Billing,Urgent,2024-09-19 05:47:00,2024-09-19 08:19:24,A0033,
T0003070,Booking.com,phone,general query,High,01/11/2024 15:36,2024-11-01 22:21:36,A0060,3
T0004903,Booking.com,Email,General Query,Urgent,2025-03-08 10:20:00,2025-03-09 05:42:12,A0004,3
T0001498,Booking.com,email,Billing,High,2025-03-06 19:25:00,2025-03-07 05:18:24,A0048,6
T0000605,KAYAK,email,BOOKING CHANGE,Medium,2024-10-28 13:41:00,2024-10-28 21:39:12,A0006,4
T0001917,Booking.com,phone,Booking Change,Urgent,2025-03-15 16:28:00,,A0054,
T0000909,Booking.com,chat,cancellation,Urgent,01/01/2025 14:20,2025-01-01 21:47:36,A0060,4
T0001472,priceline,social,Billing ,Urgent,28/11/2024 18:33,2024-11-29 07:48:36,A0047,3
T0003759,Booking.com,phone,Cancellation,Urgent,2025-04-18 02:07:00,2025-04-18 08:19:00,A0035,5
T0001431,KAYAK,social,Billing,Urgent,03/04/2025 13:34,2025-04-03 15:05:12,A0026,
T0004730,priceline,e-mail,Cancellation,Medium,2024-06-08 06:53:00,2024-06-08 08:18:48,A0001,5
T0001038,priceline,phone,Billing ,Urgent,01/06/2024 09:14,2024-06-01 10:27:12,A0033,10
T0003601,agoda,email,TECHNICAL ISSUE,Urgent,25/08/2024 20:31,2024-08-26 00:52:36,A0004,5
T0004803,priceline,social,Booking Change,High,2024-06-02 11:29:00,2024-06-02 13:36:12,A0060,1
T0001132,agoda,chat,Technical Issue,Low,2024-10-18 10:22:00,2024-10-18 23:19:36,A0020,5
T0001322,KAYAK,email,Technical Issue,Low,2024-11-06 05:25:00,2024-11-06 17:44:12,A0020,3
T0004584,priceline,chat,Technical Issue,High,10/05/2025 06:52,2025-05-10 07:34:36,A0042,5
T0001136,priceline,SOCIAL,Billing,Medium,2025-05-01 07:55:00,2025-05-01 21:34:00,A0008,3
T0001058,priceline,social,Cancellation ,High,2024-12-04 14:32:00,2024-12-04 15:38:36,A0039,1
T0000473,priceline,chat,Cancellation,Urgent,2024-06-07 00:28:00,2024-06-07 05:10:36,A0037,4
T0003155,agoda,PHONE,cancellation,Medium,2024-11-02 06:08:00,2024-11-02 08:26:00,A0055,3
T0004330,agoda,phone,General Query,High,2024-07-29 17:31:00,2024-07-30 02:06:24,A0014,1
T0003390,priceline,chat,GENERAL QUERY,Low,2024-12-25 00:07:00,2024-12-25 06:20:12,A0008,4
T0001875,Booking.com,social,Cancellation,Medium,2025-04-17 07:24:00,2025-04-17 14:16:12,A0009,4
T0002619,KAYAK,Email,BOOKING CHANGE,Medium,2024-06-30 19:26:00,2024-06-30 23:31:24,A0057,1
T0002955,KAYAK,social,Booking Change ,High,2025-02-06 10:26:00,2025-02-07 12:11:00,A0021,2
T0002050,Booking.com,email,TECHNICAL ISSUE,Low,2025-01-20 19:29:00,2025-01-20 21:59:36,A0026,
T0001576,Booking.com,phone,Billing,Urgent,2025-03-10 05:30:00,2025-03-10 10:42:00,A0029,5
T0002923,priceline,email,General Query,Medium,2024-08-21 14:03:00,,A0013,
T0004122,KAYAK,chat,Technical Issue,Urgent,2024-07-03 20:52:00,2024-07-03 21:05:48,A0046,4
T0004809,Booking.com,chat,Cancellation,Low,2025-03-26 06:30:00,2025-03-26 07:24:00,A0001,
T0000351,priceline,social,Technical Issue,Medium,2025-01-22 05:40:00,2025-01-22 12:07:36,A0041,2
T0003765,priceline,email,Booking Change,Medium,2025-04-21 16:01:00,2025-04-22 05:39:24,A0028,
T0002224,KAYAK,social,Booking Change,Medium,2024-07-15 23:11:00,2024-07-16 08:30:48,A0040,3
T0004739,KAYAK,chat,Booking Change,Medium,2025-04-12 11:00:00,2025-04-12 13:51:00,A0051,5
T0004666,KAYAK,email,billing,Urgent,2025-03-17 19:15:00,2025-03-17 20:33:00,A0005,2
T0004860,Booking.com,email,General Query,Urgent,2024-10-17 02:34:00,2024-10-17 08:16:00,A0015,3
T0000487,KAYAK,phone,Booking Change,Medium,2025-01-11 19:42:00,2025-01-11 22:28:12,A0016,5
T0002567,priceline,phone,Technical Issue,High,2024-11-27 04:11:00,2024-11-27 17:06:12,A0060,10
T0000679,agoda,social,Billing,Urgent,10/09/2024 22:27,2024-09-11 03:44:24,A0047,
T0001359,Booking.com,email,CANCELLATION,Medium,2025-04-19 18:47:00,2025-04-21 14:38:36,A0060,
T0004456,agoda,phone,Booking Change ,High,2025-04-13 23:56:00,,A0033,
T0001247,KAYAK,e-mail,Billing,High,2025-04-16 17:58:00,2025-04-17 18:03:24,A0034,
T0003793,KAYAK,email,cancellation,Urgent,2024-11-13 21:32:00,,A0004,
T0003227,agoda,social,Booking Change,High,2025-03-15 05:31:00,2025-03-16 00:17:12,A0036,5
T0000598,priceline,chat,Booking Change,Medium,2024-06-30 02:09:00,2024-06-30 08:16:12,A0014,
T0003009,priceline,social,General Query,High,2024-08-01 13:54:00,,A0046,
T0002521,KAYAK,social,Billing,Low,17/08/2024 04:39,2024-08-18 01:55:12,A0012,
T0002111,Booking.com,email,General Query,Medium,16/01/2025 05:01,,A0040,
T0002118,KAYAK,chat,Cancellation,High,2025-04-07 12:20:00,2025-04-07 16:59:00,A0014,
T0002388,agoda,chat,Technical Issue,High,2025-02-10 18:30:00,2025-02-10 23:55:12,A0003,3
T0000912,priceline,phone,Billing,Low,2024-11-09 03:43:00,2024-11-09 04:29:48,A0002,
T0000591,Booking.com,PHONE,general query,Medium,2025-04-29 17:09:00,2025-04-29 22:55:48,A0050,4
T0001722,KAYAK,PHONE,Booking Change,Low,2024-08-31 23:43:00,,A0053,
T0000051,priceline,email,Billing ,Low,04/12/2024 23:57,2024-12-05 08:08:24,A0058,4
T0004742,agoda,chat,Booking Change,Medium,2024-09-12 01:27:00,,A0007,
T0002861,priceline,phone,billing,High,2024-09-22 02:55:00,2024-09-22 03:19:00,A0027,
T0000439,priceline,chat,Cancellation,Urgent,2025-03-12 14:02:00,2025-03-12 16:26:00,A0031,
T0003335,KAYAK,chat,Booking Change ,High,2025-01-21 21:32:00,2025-01-22 21:45:48,A0044,3
T0002676,agoda,email,Technical Issue,Medium,2025-02-24 14:35:00,2025-02-24 23:52:24,A0033,5
T0000575,KAYAK,Email,Technical Issue,Low,2024-12-01 07:48:00,2024-12-01 11:58:12,,1
T0001743,Booking.com,email,TECHNICAL ISSUE,Low,2025-05-19 09:25:00,,A0058,
T0003958,Booking.com,phone,General Query,High,2025-03-16 05:08:00,2025-03-16 05:29:36,A0018,1
T0001819,KAYAK,Email,Billing,Low,08/03/2025 17:04,2025-03-08 19:55:00,A0007,9
T0002760,KAYAK,chat,Billing,Urgent,2024-11-10 14:01:00,2024-11-12 09:38:12,A0021,4
T0003687,Booking.com,PHONE,Technical Issue,Low,2025-01-29 18:09:00,2025-01-29 19:37:12,A0050,3
T0001759,KAYAK,chat,Cancellation,Low,2024-12-23 00:37:00,2024-12-23 22:26:48,A0038,
T0004552,agoda,email,Technical Issue,High,2024-09-13 06:18:00,2024-09-13 12:41:24,A0055,1
T0004458,priceline,chat,Booking Change,Low,2024-06-22 08:04:00,,A0028,
T0004514,Booking.com,CHAT,Cancellation,Medium,2024-12-05 22:21:00,2024-12-06 01:42:36,A0057,1
T0002179,agoda,phone,Cancellation,Medium,2025-03-07 04:23:00,2025-03-09 05:02:36,A0030,3
T0004611,priceline,phone,technical issue,High,04/09/2024 22:35,,A0035,
T0001219,agoda,phone,Cancellation ,High,2024-10-28 06:57:00,2024-10-28 18:20:24,A0021,3
T0001799,Booking.com,email,General Query,Low,2025-05-29 04:12:00,2025-05-29 04:27:00,A0054,
T0003505,priceline,phone,cancellation,Medium,2024-10-27 04:30:00,2024-10-27 11:33:00,A0016,
T0004180,agoda,phone,Billing ,Urgent,2024-11-26 17:51:00,2024-11-27 07:31:12,A0047,2
T0002350,agoda,chat,Cancellation,High,2024-11-09 06:49:00,2024-11-09 12:10:00,A0020,5
T0001258,priceline,chat,General Query,High,11/06/2024 20:04,2024-06-12 00:12:24,A0004,5
T0001347,agoda,chat,Cancellation,Low,28/05/2025 00:46,2025-05-28 02:52:00,A0051,2
T0003767,priceline,chat,technical issue,Low,13/12/2024 17:14,,A0014,
T0002980,Booking.com,chat,Cancellation,Low,2024-09-16 16:14:00,2024-09-18 19:43:24,A0030,
T0003729,Booking.com,chat,CANCELLATION,Medium,2025-01-07 20:59:00,2025-01-08 06:36:48,A0042,5
T0002213,priceline,Email,Technical Issue,High,2024-10-31 11:13:00,,A0045,
T0004587,KAYAK,chat,Booking Change,Low,2024-09-01 09:32:00,2024-09-01 19:09:48,A0053,
T0004799,Booking.com,phone,Technical Issue,Medium,2024-08-23 23:08:00,2024-08-24 04:48:12,A0021,
T0001178,KAYAK,email,Cancellation,Urgent,04/03/2025 23:52,2025-03-05 10:37:00,A0013,10
T0002247,priceline,PHONE,Billing ,High,2025-01-22 23:54:00,2025-01-23 00:44:24,A0051,
T0001244,agoda,social,Cancellation,High,2025-05-15 00:13:00,2025-05-15 01:02:12,A0006,4
T0003253,Booking.com,email,General Query,Urgent,2024-10-03 20:05:00,2024-10-04 22:44:36,A0008,1
T0002872,priceline,social,Technical Issue,Urgent,2024-07-02 06:10:00,2024-07-02 16:16:36,A0001,3
T0000234,KAYAK,chat,Billing,Medium,2024-06-29 21:12:00,2024-06-30 02:40:12,A0021,4
T0000751,priceline,phone,Cancellation,Urgent,13/03/2025 12:46,2025-03-13 19:50:48,A0050,
T0002059,Booking.com,chat,Billing,Medium,2024-10-31 19:32:00,2024-11-01 14:09:12,A0036,1
T0002616,agoda,chat,GENERAL QUERY,Low,2025-03-07 07:13:00,,A0032,
T0001455,Booking.com,email,technical issue,Urgent,2024-08-22 03:20:00,2024-08-22 09:41:00,A0012,2
T0003780,priceline,Email,Technical Issue,Urgent,01/08/2024 03:49,2024-08-01 20:04:00,A0051,1
T0003174,agoda,email,General Query,High,2024-11-12 20:04:00,2024-11-13 02:51:24,A0007,4
T0002145,Booking.com,phone,Billing,High,2024-09-25 15:51:00,2024-09-26 09:16:48,A0014,5
T0003594,priceline,chat,Booking Change,Medium,2025-01-17 05:53:00,2025-01-17 18:17:00,A0012,2
T0003725,priceline,e-mail,Bill,Medium,29/04/2025 19:14,2025-04-30 09:59:00,A0003,5
T0003735,KAYAK,email,Billing ,Urgent,2024-09-11 22:03:00,,A0024,
T0003757,priceline,chat,Bill,Urgent,2025-05-28 06:30:00,2025-05-28 17:29:24,A0011,
T0002256,priceline,CHAT,General Query,Low,2024-12-11 16:29:00,2024-12-11 19:59:36,A0012,5
T0001939,agoda,chat,billing,Low,29/10/2024 20:21,2024-10-30 15:41:24,A0047,
T0001279,agoda,email,Billing,Low,2025-04-25 23:40:00,2025-04-26 00:58:00,A0046,
T0003058,priceline,chat,Technical Issue,Urgent,02/06/2024 02:07,2024-06-03 06:34:36,A0038,4
T0000701,priceline,Email,Technical Issue,Urgent,2025-01-20 10:29:00,2025-01-21 02:24:48,A0052,
T0003191,Booking.com,chat,Technical Issue,High,2025-02-26 09:28:00,,A0016,
T0000529,agoda,phone,General Query,Medium,27/12/2024 13:54,2024-12-27 18:34:48,A0046,5
T0002746,priceline,chat,Billing,High,2025-03-11 01:07:00,2025-03-11 04:46:00,A0048,3
T0003424,priceline,email,Booking Change,Low,2024-10-20 08:41:00,2024-10-20 19:32:00,A0037,3
T0001613,priceline,chat,Cancellation,Low,2024-06-16 08:53:00,2024-06-16 10:09:12,A0036,
T0002367,Booking.com,phone,General Query,Low,2025-04-01 04:30:00,2025-04-03 18:23:24,A0011,
T0004112,Booking.com,e-mail,Technical Issue,Urgent,2024-06-22 19:59:00,,A0024,
T0004927,Booking.com,social,Billing,Urgent,2025-03-26 23:52:00,2025-03-27 00:14:12,A0059,
T0000649,KAYAK,social,General Query,Urgent,2024-07-28 07:34:00,2024-07-29 05:25:36,A0006,4
T0002803,Booking.com,SOCIAL,Billing,High,2025-04-09 18:16:00,2025-04-09 21:05:12,A0047,4
T0000003,KAYAK,chat,General Query,Low,2024-11-07 02:09:00,2024-11-07 05:42:36,A0049,3
T0003073,KAYAK,social,Booking Change ,Low,22/02/2025 01:53,2025-02-22 08:40:24,A0050,3
T0004928,agoda,chat,Cancellation ,Urgent,2025-04-08 08:12:00,2025-04-08 10:15:00,A0038,
T0001980,KAYAK,chat,GENERAL QUERY,Low,2025-02-12 21:10:00,,A0046,
T0004038,KAYAK,chat,Technical Issue,Urgent,2024-10-05 10:07:00,2024-10-05 10:46:36,A0052,
T0002386,agoda,phone,billing,Medium,2025-01-10 02:36:00,,A0024,
T0003796,Booking.com,phone,Booking Change,Low,2025-05-10 04:19:00,2025-05-10 09:14:48,A0022,5
T0002395,agoda,social,billing,Low,2025-04-26 18:19:00,2025-04-27 01:15:24,A0015,
T0001747,Booking.com,chat,Cancellation,High,14/05/2025 07:48,,A0044,
T0003312,priceline,social,Booking Change,Medium,2025-01-04 23:16:00,2025-01-05 01:13:36,A0028,8
T0004760,priceline,SOCIAL,Cancellation,Urgent,15/02/2025 11:42,2025-02-15 16:30:36,A0022,
T0000685,Booking.com,social,Billing ,Low,2024-12-13 19:38:00,2024-12-14 04:14:00,A0020,2
T0004071,agoda,email,Technical Issue,Low,2024-11-19 07:37:00,2024-11-19 07:57:24,A0038,5
T0003483,KAYAK,social,Booking Change,Low,2024-11-29 19:04:00,2024-11-30 02:59:12,A0059,1
T0002409,KAYAK,email,General Query,Medium,2025-01-17 22:20:00,2025-01-18 03:20:36,A0012,5
T0000176,agoda,phone,Booking Change,Medium,06/03/2025 08:15,,A0009,
T0002696,Booking.com,social,Billing,High,2025-04-12 03:39:00,2025-04-13 05:55:48,A0056,6
T0003752,priceline,email,TECHNICAL ISSUE,Urgent,2025-01-22 15:17:00,2025-01-23 02:21:48,A0048,10
T0003140,agoda,social,Cancellation,High,2025-01-04 06:06:00,2025-01-05 08:28:12,A0032,
T0001303,agoda,phone,GENERAL QUERY,Low,2024-10-09 01:08:00,,A0015,
T0000510,agoda,phone,Billing,Urgent,2025-01-16 05:28:00,2025-01-16 06:45:24,A0056,5
T0003200,KAYAK,chat,Cancellation,High,2024-06-12 09:32:00,2024-06-12 22:44:00,A0037,
T0004953,KAYAK,phone,Booking Change,Medium,2024-12-28 02:18:00,,A0037,
T0002995,priceline,chat,Booking Change,Urgent,2025-01-01 07:57:00,2025-01-01 08:21:36,A0054,
T0001427,agoda,Email,General Query,High,19/03/2025 17:12,2025-03-19 23:07:48,A0059,4
T0003724,agoda,PHONE,Technical Issue,Medium,2024-06-14 02:05:00,2024-06-14 03:06:12,A0009,4
T0003702,agoda,email,Technical Issue,Medium,2024-11-18 03:16:00,,A0047,
T0003838,KAYAK,phone,Booking Change,High,10/04/2025 07:37,2025-04-10 09:32:12,A0004,
T0004108,Booking.com,social,GENERAL QUERY,High,2024-06-09 17:39:00,2024-06-10 03:15:36,A0057,8
T0002076,priceline,chat,CANCELLATION,Low,24/03/2025 16:26,2025-03-25 04:40:24,A0051,
T0004036,KAYAK,chat,BOOKING CHANGE,Low,2025-02-15 00:01:00,2025-02-15 08:06:24,A0060,
T0002438,KAYAK,phone,cancellation,Low,2024-07-18 16:54:00,2024-07-18 22:34:12,A0037,10
T0003094,KAYAK,phone,Booking Change,Medium,2025-01-15 19:06:00,2025-01-16 15:16:48,A0005,2
T0002603,Booking.com,phone,booking change,Urgent,2025-02-26 07:41:00,2025-02-26 08:46:24,A0058,4
T0001144,agoda,PHONE,Technical Issue,Urgent,2024-10-23 01:32:00,2024-10-23 05:37:24,A0003,10
T0002448,KAYAK,social,General Query,Urgent,2025-04-03 07:29:00,2025-04-03 13:22:24,A0057,4
T0000467,KAYAK,social,Technical Issue,High,2024-09-09 22:51:00,2024-09-09 23:49:48,A0025,5
T0002001,priceline,phone,General Query,Urgent,2024-09-21 01:25:00,2024-09-21 03:08:12,A0047,
T0002794,priceline,phone,Booking Change,High,2025-03-01 02:23:00,2025-03-01 06:05:00,A0028,
T0004958,priceline,email,Cancellation,Low,2024-09-27 05:22:00,2024-09-27 09:34:36,A0010,4
T0001335,KAYAK,chat,technical issue,Urgent,11/12/2024 02:35,2024-12-11 19:19:24,A0021,2
T0002733,priceline,phone,Booking Change,Low,2024-10-01 10:20:00,2024-10-02 01:17:36,A0060,4
T0000992,KAYAK,social,Cancellation,Medium,2025-02-04 22:10:00,2025-02-05 02:11:12,A0031,
T0004759,agoda,social,Technical Issue,Low,2025-02-05 21:12:00,2025-02-07 08:19:48,A0052,4
T0003256,Booking.com,chat,General Query,Urgent,2025-02-21 11:32:00,2025-02-21 12:20:36,A0011,10
T0003895,priceline,phone,General Query,Medium,2024-12-11 22:56:00,2024-12-12 10:14:00,A0011,9
T0002028,priceline,email,Cancellation,Medium,2024-12-16 18:22:00,2024-12-16 22:10:00,A0015,5
T0001175,agoda,social,Billing,Low,10/12/2024 20:54,2024-12-11 07:47:24,A0026,
T0000778,KAYAK,chat,Cancellation,Urgent,2025-03-06 06:55:00,2025-03-06 07:08:48,A0010,2
T0004936,priceline,social,Booking Change,Low,2024-12-10 14:04:00,2024-12-11 00:49:00,A0011,3
T0003799,KAYAK,social,technical issue,High,2025-04-26 19:48:00,2025-04-27 02:08:24,A0007,3
T0002360,agoda,phone,booking change,High,01/05/2025 09:33,2025-05-01 17:36:36,A0024,
T0003499,agoda,PHONE,Cancellation,Low,2025-02-11 14:59:00,2025-02-12 01:57:48,A0057,
T0000508,priceline,Email,Cancellation,Low,19/02/2025 16:30,2025-02-20 16:48:36,A0039,2
T0000996,agoda,chat,General Query,High,2024-12-08 12:09:00,2024-12-08 21:35:24,A0051,
T0003280,agoda,email,Technical Issue,High,2025-02-24 05:49:00,2025-02-25 01:08:48,A0047,3
T0000547,agoda,social,billing,High,2024-08-02 16:29:00,2024-08-02 17:41:00,A0005,2
T0004769,KAYAK,chat,Bill,Medium,2025-04-04 20:20:00,2025-04-05 00:12:48,A0001,3
T0004727,Booking.com,phone,Booking Change,High,2025-03-30 09:38:00,2025-03-30 11:45:48,A0047,4
T0000262,Booking.com,phone,Billing,High,13/03/2025 12:28,2025-03-13 18:25:00,A0010,4
T0000939,agoda,SOCIAL,technical issue,Urgent,13/08/2024 23:44,2024-08-14 17:44:36,A0010,6
T0001127,priceline,email,billing,High,2024-12-31 19:58:00,2025-01-01 00:53:12,A0006,
T0003988,agoda,social,Technical Issue,Medium,2024-11-04 07:07:00,2024-11-05 01:02:48,A0029,
T0002925,priceline,email,Billing,Low,2025-04-18 10:05:00,,A0004,
T0000313,priceline,chat,billing,Urgent,2024-10-02 17:07:00,2024-10-02 21:37:00,A0011,
T0003843,priceline,SOCIAL,Technical Issue,High,2024-12-15 22:25:00,2024-12-16 00:10:00,A0035,7
T0000576,agoda,email,Technical Issue,Medium,23/06/2024 11:07,2024-06-23 12:04:00,A0012,
T0000081,priceline,social,General Query,Low,2024-09-07 12:21:00,2024-09-07 16:22:12,A0028,
T0003002,Booking.com,chat,Cancellation,Low,2025-03-31 19:54:00,2025-04-01 00:30:36,A0033,1
T0003309,priceline,chat,Booking Change,Urgent,13/04/2025 04:08,2025-04-14 01:38:36,A0007,1
T0003359,KAYAK,social,Booking Change,Urgent,03/10/2024 06:20,2024-10-03 19:36:48,A0033,7
T0002680,priceline,phone,Booking Change,Medium,2024-11-09 13:18:00,2024-11-11 00:19:48,A0044,1
T0000341,Booking.com,phone,BILLING,High,2025-03-08 14:21:00,2025-03-08 19:30:36,A0057,
T0000809,agoda,social,General Query ,Low,2024-12-19 22:19:00,2024-12-19 23:14:48,A0025,
T0002419,Booking.com,phone,Booking Change,Low,2024-08-01 04:42:00,2024-08-01 12:26:24,A0021,4
T0002065,priceline,email,Technical Issue,High,2025-04-27 01:25:00,2025-04-27 21:51:24,A0028,1
T0000095,Booking.com,social,Booking Change ,Urgent,2025-01-19 13:20:00,2025-01-19 23:11:00,A0031,
T0004646,Booking.com,chat,TECHNICAL ISSUE,Low,2024-12-28 11:07:00,2024-12-29 11:17:12,A0039,1
T0001910,agoda,phone,Technical Issue,Urgent,18/12/2024 07:39,2024-12-18 12:09:00,A0043,3
T0000017,Booking.com,phone,General Query,Urgent,2024-07-14 08:17:00,2024-07-14 20:33:48,A0045,4
T0002844,Booking.com,social,GENERAL QUERY,Low,2024-11-10 21:06:00,,A0041,
T0000104,KAYAK,chat,General Query,Low,2024-11-25 04:13:00,,A0043,
T0003626,agoda,social,TECHNICAL ISSUE,Urgent,2024-11-05 22:40:00,2024-11-06 07:00:24,A0004,6
T0003429,agoda,phone,Billing,High,2025-05-01 22:06:00,2025-05-02 10:18:36,A0012,
T0001880,Booking.com,chat,GENERAL QUERY,High,2025-03-18 13:55:00,2025-03-18 19:32:12,A0013,3
T0000109,priceline,phone,Technical Issue,High,2024-10-28 11:52:00,2024-10-28 15:19:00,A0013,
T0001190,Booking.com,email,General Query,Low,2025-03-12 12:03:00,2025-03-12 16:49:48,A0001,1
T0000960,KAYAK,phone,Billing,Medium,2024-08-11 04:45:00,2024-08-12 00:17:24,A0033,3
T0003756,Booking.com,social,Billing,Urgent,2025-05-20 07:04:00,2025-05-20 13:16:36,A0060,5
T0002583,priceline,phone,General Query,Medium,2025-02-08 01:13:00,,A0055,
T0003466,Booking.com,email,General Query,Urgent,2024-06-10 13:19:00,2024-06-10 15:18:24,A0053,2
T0004765,Booking.com,phone,booking change,Medium,11/01/2025 03:54,2025-01-11 12:30:36,A0035,3
T0003667,Booking.com,chat,Billing,High,2024-08-29 06:53:00,2024-08-29 14:55:24,A0028,2
T0004143,KAYAK,email,Technical Issue,Low,01/02/2025 06:06,2025-02-01 10:00:00,A0007,
T0000009,Booking.com,phone,General Query,Urgent,2025-02-25 23:59:00,2025-02-27 10:39:12,A0054,1
T0000389,Booking.com,phone,cancellation,Urgent,2024-07-28 10:15:00,2024-07-28 17:27:00,A0029,
T0001967,KAYAK,email,TECHNICAL ISSUE,High,2024-12-05 14:07:00,2024-12-05 19:27:24,A0016,5
T0002022,priceline,CHAT,Booking Change ,Medium,2025-02-07 05:13:00,2025-02-07 15:39:24,A0038,
T0001765,Booking.com,chat,Technical Issue,Low,2024-12-03 20:07:00,2024-12-04 16:02:48,A0017,4
T0003182,Booking.com,chat,Cancellation ,Urgent,2025-03-19 13:31:00,2025-03-20 05:34:00,A0019,5
T0000797,agoda,chat,Cancellation,Low,2025-02-26 11:14:00,2025-02-26 22:16:24,,
T0001493,Booking.com,email,Booking Change,Urgent,13/01/2025 19:15,2025-01-14 07:34:48,A0031,3
T0004717,Booking.com,Email,Booking Change,Medium,2024-09-22 22:54:00,,A0052,
T0002800,agoda,social,Technical Issue,Urgent,2025-02-03 03:04:00,2025-02-03 04:00:24,A0053,1
T0004063,priceline,e-mail,Technical Issue,Low,08/09/2024 14:44,2024-09-08 16:25:24,A0052,4
T0004496,priceline,phone,General Query,High,2024-07-17 05:55:00,2024-07-17 11:31:00,A0004,1
T0003901,Booking.com,phone,Booking Change,High,2024-08-28 16:28:00,,A0005,
T0001417,Booking.com,chat,Billing,Urgent,2024-07-04 18:10:00,,A0025,
T0003456,Booking.com,social,Booking Change,High,22/06/2024 18:49,,A0034,
T0001579,KAYAK,social,General Query,High,2025-05-10 02:34:00,2025-05-10 04:16:36,A0031,1
T0002671,KAYAK,chat,Billing,Low,2024-10-07 00:43:00,2024-10-07 02:18:24,A0030,1
T0003134,Booking.com,chat,booking change,Low,2025-05-06 02:03:00,2025-05-06 07:28:48,A0051,
T0000074,KAYAK,chat,BILLING,Low,31/12/2024 16:23,,A0037,
T0001318,KAYAK,email,Technical Issue,Low,2025-01-22 14:25:00,2025-01-22 15:16:36,A0038,1
T0001987,Booking.com,chat,GENERAL QUERY,Low,2024-09-14 04:15:00,2024-09-14 11:36:36,A0041,5
T0000540,agoda,phone,Bill,Medium,2025-02-27 20:59:00,2025-02-27 21:14:36,A0033,2
T0001926,KAYAK,chat,General Query,High,2025-01-27 04:19:00,,A0031,
T0002026,agoda,email,Booking Change,High,2024-10-13 05:28:00,2024-10-13 13:36:24,A0045,2
T0001887,KAYAK,phone,Billing,Urgent,2025-03-11 16:09:00,2025-03-12 04:37:48,A0024,5
T0001172,Booking.com,chat,booking change,Low,2024-07-23 06:36:00,2024-07-23 18:39:00,A0048,2
T0003578,priceline,chat,booking change,High,14/03/2025 12:25,,A0043,
T0003030,agoda,CHAT,Technical Issue,High,2025-02-27 23:43:00,2025-02-28 07:41:12,A0044,
T0002764,priceline,email,General Query,Medium,2024-08-31 17:54:00,2024-08-31 22:47:24,A0049,5
T0001411,agoda,email,General Query,High,21/10/2024 16:50,2024-10-21 18:37:24,A0046,
T0001191,agoda,SOCIAL,Billing,Low,2025-05-07 04:34:00,2025-05-07 06:05:12,A0046,
T0004504,agoda,social,BOOKING CHANGE,Medium,2024-09-13 13:35:00,2024-09-13 17:17:36,A0059,4
T0001130,KAYAK,social,Technical Issue,Medium,2024-09-26 17:39:00,2024-09-26 22:52:48,A0035,1
T0001075,agoda,chat,billing,Low,2025-04-09 06:20:00,2025-04-09 07:44:00,A0010,4
T0000039,agoda,chat,Technical Issue,Medium,2025-03-08 06:15:00,2025-03-08 09:48:00,A0025,3
T0002827,KAYAK,social,Technical Issue,Urgent,2024-06-19 02:56:00,2024-06-19 18:33:48,A0014,
T0004843,KAYAK,email,Billing,High,19/07/2024 21:40,2024-07-20 03:57:24,A0043,2
T0001832,KAYAK,chat,General Query ,Urgent,2025-05-28 04:49:00,2025-05-28 12:20:48,A0017,3
T0001646,KAYAK,chat,Technical Issue,Medium,2024-10-04 14:39:00,2024-10-05 07:44:24,A0035,1
T0001036,agoda,chat,General Query,Medium,2024-06-30 02:19:00,2024-07-01 03:13:00,A0015,5
T0002940,KAYAK,phone,Cancellation,Urgent,2025-03-18 01:01:00,2025-03-18 04:42:24,A0030,
T0002560,KAYAK,Email,General Query,Low,2024-12-29 16:05:00,,A0025,
T0000019,priceline,CHAT,Booking Change,Medium,2024-08-02 14:00:00,2024-08-02 20:38:24,A0017,
T0004896,Booking.com,chat,Technical Issue,Medium,2025-02-27 09:21:00,2025-02-27 17:22:12,A0043,
T0000430,Booking.com,chat,Cancellation,Medium,2025-04-30 14:16:00,2025-04-30 16:17:12,A0008,5
T0003786,priceline,email,Booking Change ,High,2024-09-03 09:04:00,2024-09-03 09:21:24,A0009,2
T0002657,agoda,social,Technical Issue,Urgent,2024-07-05 09:24:00,,A0043,
T0004246,KAYAK,chat,Cancellation,Urgent,2025-01-30 17:20:00,2025-01-30 20:03:12,A0032,
T0000417,KAYAK,chat,General Query,Medium,2025-03-31 18:53:00,2025-03-31 23:41:00,A0045,5
T0004312,Booking.com,email,Cancellation,Medium,2024-08-07 13:47:00,2024-08-07 14:02:36,A0038,
T0001607,priceline,phone,Billing,Low,2024-08-23 16:42:00,2024-08-23 19:00:00,A0046,
T0004167,priceline,phone,technical issue,Low,28/02/2025 11:41,2025-03-01 02:33:48,A0060,2
T0001135,KAYAK,phone,Booking Change,Medium,2024-10-03 19:45:00,2024-10-05 03:05:24,A0038,
T0004689,agoda,social,general query,Urgent,2025-02-10 12:37:00,2025-02-10 18:25:00,A0029,5
T0002451,priceline,email,Technical Issue,Urgent,2024-09-30 07:01:00,2024-09-30 08:21:24,A0053,4
T0001842,agoda,chat,General Query,Medium,2024-10-04 20:10:00,2024-10-05 04:52:00,A0025,1
T0003975,KAYAK,chat,Booking Change,Urgent,11/10/2024 13:59,2024-10-12 01:00:12,A0010,1
T0000112,agoda,phone,Booking Change,High,2024-06-19 13:49:00,2024-06-20 11:20:48,A0002,3
T0001937,agoda,social,CANCELLATION,Medium,19/01/2025 21:30,2025-01-20 06:58:12,A0010,
T0002810,KAYAK,social,Booking Change ,Low,2025-04-17 06:36:00,2025-04-17 08:10:48,A0048,
T0000132,agoda,social,Booking Change,Medium,31/01/2025 03:40,2025-01-31 07:05:48,A0018,
T0000241,Booking.com,phone,Booking Change,High,2025-05-23 04:02:00,2025-05-23 08:57:48,A0021,
T0001845,Booking.com,email,Technical Issue,Low,2025-05-08 04:25:00,2025-05-08 13:01:36,A0014,5
T0001535,priceline,phone,Technical Issue,Low,2025-03-14 00:01:00,2025-03-14 03:51:24,A0034,4
T0000131,agoda,social,Billing,High,2024-07-10 19:55:00,2024-07-11 07:10:36,A0021,
T0000468,Booking.com,social,Booking Change,Urgent,2024-09-24 02:19:00,2024-09-24 09:31:00,A0022,7
T0000251,agoda,CHAT,Technical Issue,Low,2025-04-13 22:11:00,2025-04-14 01:44:00,A0006,
T0000222,Booking.com,phone,GENERAL QUERY,Urgent,2024-07-15 19:50:00,2024-07-16 06:06:48,A0033,4
T0004737,KAYAK,social,general query,Urgent,2025-03-04 22:27:00,2025-03-05 00:22:48,A0020,4
T0004196,priceline,email,Cancellation,Medium,2025-03-11 15:23:00,2025-03-11 21:09:48,A0010,
T0001557,KAYAK,PHONE,Booking Change,Medium,2024-07-21 13:19:00,,A0047,
T0000367,KAYAK,social,BILLING,High,2024-10-20 03:38:00,2024-10-20 08:29:36,A0014,
T0004423,Booking.com,social,Cancellation ,Medium,2024-12-27 02:06:00,2024-12-27 06:34:48,A0033,2
T0003733,KAYAK,email,Booking Change,Low,2025-04-21 03:09:00,2025-04-21 07:28:48,A0047,
T0004027,priceline,social,Booking Change,Low,2024-09-27 02:26:00,2024-09-28 21:58:24,A0060,2
T0002751,KAYAK,social,Booking Change,Medium,2025-03-31 15:28:00,2025-04-01 02:44:12,A0004,1
T0003117,Booking.com,social,Booking Change,High,2024-12-07 04:16:00,2024-12-07 05:11:12,A0059,
T0000302,priceline,chat,Billing,Medium,2024-12-04 17:46:00,2024-12-04 21:39:24,A0019,
T0001847,KAYAK,email,cancellation,High,22/04/2025 23:32,2025-04-23 01:26:36,A0040,5
T0002979,KAYAK,phone,billing,High,04/02/2025 20:05,2025-02-05 04:27:12,A0023,2
T0003768,agoda,email,Cancellation,Urgent,16/04/2025 21:45,2025-04-17 15:02:24,A0008,
T0003663,priceline,SOCIAL,Technical Issue,High,05/02/2025 06:43,2025-02-05 10:52:36,A0055,1
T0002729,agoda,e-mail,booking change,High,2024-07-07 21:54:00,2024-07-08 01:03:36,A0004,10
T0000376,priceline,e-mail,billing,Low,30/05/2025 07:45,,A0049,
T0001829,priceline,phone,General Query,Medium,2024-08-25 00:13:00,2024-08-25 02:12:24,A0030,2
T0001268,priceline,PHONE,cancellation,Medium,2024-11-11 21:14:00,2024-11-12 07:40:24,A0023,9
T0000471,Booking.com,chat,technical issue,Urgent,2024-06-23 02:31:00,2024-06-23 18:31:00,A0046,3
T0000831,Booking.com,email,Cancellation,Urgent,15/07/2024 22:42,2024-07-16 04:09:00,A0050,3
T0004487,priceline,email,Technical Issue,High,2024-10-12 21:17:00,2024-10-12 22:24:48,A0003,1
T0004294,priceline,social,Bill,Urgent,2024-10-19 22:36:00,2024-10-20 00:18:00,A0019,1
T0000306,Booking.com,email,Technical Issue,Urgent,2025-01-08 16:03:00,2025-01-08 17:45:00,A0051,
T0003563,KAYAK,SOCIAL,GENERAL QUERY,Medium,07/11/2024 02:07,2024-11-07 07:01:00,A0046,4
T0003474,agoda,social,Billing ,Low,02/07/2024 00:56,2024-07-02 02:06:12,A0047,1
T0001116,priceline,email,Technical Issue,Urgent,2025-02-16 19:37:00,2025-02-17 11:05:12,A0020,
T0002543,Booking.com,phone,Cancellation ,Low,2024-08-29 18:34:00,2024-08-30 14:12:24,A0058,4
T0003923,agoda,social,BILLING,Urgent,2024-07-03 23:33:00,2024-07-04 14:25:48,A0040,3
T0000170,priceline,social,Technical Issue,Medium,2025-02-12 09:12:00,2025-02-12 12:22:48,A0060,4
T0003263,agoda,Email,Cancellation ,Urgent,2024-09-30 14:22:00,,A0014,
T0000507,Booking.com,phone,Billing,Low,2024-07-14 19:24:00,2024-07-14 21:15:00,A0016,4
T0001143,priceline,social,BOOKING CHANGE,Low,2024-11-23 11:25:00,2024-11-23 19:35:12,A0016,
T0003431,priceline,social,Booking Change,Urgent,2025-03-08 19:31:00,2025-03-09 04:07:36,A0011,5
T0003533,agoda,email,General Query,Medium,2025-05-24 23:02:00,2025-05-25 03:55:24,A0030,5
T0003705,Booking.com,email,BOOKING CHANGE,Urgent,2025-05-12 07:45:00,,A0026,
T0001439,Booking.com,chat,Billing,Low,2024-12-24 07:52:00,2024-12-24 11:26:48,A0022,
T0001093,Booking.com,email,Billing,Low,2024-11-22 18:08:00,2024-11-22 18:21:48,A0046,
T0004560,agoda,phone,Cancellation,High,2024-09-13 14:53:00,2024-09-13 18:42:12,A0004,2
T0000976,KAYAK,social,Billing,Medium,2025-05-28 00:37:00,2025-05-28 12:02:12,A0001,
T0004997,Booking.com,chat,Cancellation,Medium,14/10/2024 00:06,2024-10-14 01:57:00,A0037,5
T0002878,priceline,phone,General Query,Low,2024-09-30 04:14:00,2024-10-01 01:12:48,A0005,4
T0002983,KAYAK,email,GENERAL QUERY,Urgent,20/01/2025 11:22,2025-01-20 17:04:36,,5
T0003444,agoda,email,General Query,Urgent,2024-07-09 21:13:00,2024-07-10 00:59:12,A0030,8
T0000272,Booking.com,chat,Cancellation,Urgent,21/03/2025 21:15,2025-03-22 01:35:24,A0057,2
T0003590,agoda,phone,CANCELLATION,High,2025-01-19 23:22:00,2025-01-20 00:08:48,A0056,3
T0003081,priceline,email,BOOKING CHANGE,Urgent,2024-10-09 21:47:00,2024-10-10 00:46:24,A0058,
T0001745,KAYAK,chat,TECHNICAL ISSUE,Medium,2024-12-06 17:30:00,2024-12-07 15:02:24,A0001,2
T0002006,agoda,email,billing,High,2025-01-14 02:12:00,2025-01-14 06:13:48,A0007,
T0000360,priceline,chat,Technical Issue,Urgent,2025-05-29 22:40:00,2025-05-30 03:50:48,A0017,3
T0001509,Booking.com,phone,TECHNICAL ISSUE,Medium,2024-06-30 16:52:00,2024-06-30 22:17:48,A0033,2
T0000594,priceline,email,Technical Issue,Urgent,2024-09-28 07:51:00,2024-09-28 09:40:12,A0048,5
T0003869,agoda,chat,Cancellation,High,2025-05-06 11:23:00,2025-05-06 12:21:48,A0044,3
T0004825,agoda,phone,Technical Issue,High,2024-06-29 19:27:00,,A0025,
T0001566,agoda,email,Billing,Low,2024-06-27 22:22:00,2024-06-28 13:22:00,A0003,6
T0004406,Booking.com,phone,technical issue,Urgent,28/06/2024 19:37,2024-06-28 20:31:36,A0034,4
T0001459,Booking.com,social,General Query,Medium,2024-06-25 07:53:00,2024-06-25 12:01:24,A0019,1
T0002511,agoda,social,Technical Issue,High,2024-09-06 10:51:00,2024-09-07 07:22:48,A0003,9
T0003132,KAYAK,phone,General Query,High,2024-10-19 17:33:00,2024-10-20 01:58:48,A0039,10
T0000814,priceline,chat,BOOKING CHANGE,Low,2025-04-21 13:08:00,,A0056,
T0001033,KAYAK,chat,Billing,Medium,2025-05-24 09:29:00,2025-05-24 10:20:36,A0006,3
T0004982,priceline,social,Booking Change,Medium,19/05/2025 01:32,2025-05-19 06:09:12,A0015,
T0004967,Booking.com,social,Billing,Low,2024-09-03 16:45:00,2024-09-03 19:22:12,A0008,3
T0003014,Booking.com,social,cancellation,Medium,2024-08-21 15:50:00,2024-08-21 17:26:00,A0050,5
T0001245,priceline,chat,Booking Change ,High,2024-07-02 07:52:00,2024-07-03 00:39:24,A0016,3
T0002674,agoda,PHONE,cancellation,Urgent,2025-02-22 11:34:00,,A0049,
T0003154,KAYAK,social,Cancellation ,Urgent,2024-11-09 18:13:00,2024-11-10 19:25:00,A0021,2
T0004557,agoda,e-mail,General Query,Low,2025-04-22 00:51:00,2025-04-22 03:40:12,A0029,4
T0000500,priceline,chat,cancellation,High,15/01/2025 23:09,2025-01-16 09:00:36,A0026,5
T0003951,KAYAK,CHAT,General Query ,Low,2024-07-22 00:10:00,2024-07-22 06:53:12,A0041,9
T0000314,Booking.com,SOCIAL,Technical Issue,Low,2025-03-27 14:50:00,2025-03-28 08:34:24,A0002,5
T0002853,priceline,social,Cancellation,Urgent,2024-07-18 08:32:00,2024-07-18 09:17:36,A0001,
T0001621,agoda,PHONE,Cancellation,Low,2024-06-13 07:32:00,2024-06-13 11:23:36,A0051,3
T0003461,KAYAK,chat,cancellation,Low,2025-01-28 12:49:00,2025-01-28 15:09:24,A0019,10
T0004692,priceline,email,Technical Issue,Medium,2024-09-25 11:19:00,2024-09-25 16:58:36,A0026,
T0000393,priceline,phone,Billing,Urgent,2024-10-20 03:49:00,2024-10-20 08:44:12,A0021,5
T0003503,KAYAK,email,Cancellation,Medium,2024-11-15 12:09:00,2024-11-16 06:31:12,A0001,2
T0001077,priceline,phone,General Query,Low,2025-01-13 18:36:00,2025-01-13 22:14:24,A0033,6
T0001197,agoda,social,General Query ,High,28/08/2024 04:49,2024-08-28 08:08:48,A0040,
T0004477,Booking.com,social,Technical Issue,High,2025-05-06 08:23:00,2025-05-06 17:30:12,A0059,3
T0003465,Booking.com,social,General Query,Medium,28/09/2024 15:05,2024-09-29 19:38:36,A0011,
T0002599,agoda,phone,Cancellation,Urgent,2024-09-11 17:49:00,2024-09-12 01:25:00,A0009,3
T0000936,agoda,email,Billing,Low,2025-03-25 23:55:00,2025-03-26 00:08:12,A0060,5
T0001954,priceline,phone,Booking Change,Medium,2025-04-15 02:27:00,2025-04-15 12:19:12,A0042,3
T0001457,agoda,email,booking change,Medium,2025-05-26 18:59:00,2025-05-26 19:51:48,A0018,5
T0004943,KAYAK,email,Cancellation,Urgent,06/01/2025 03:45,2025-01-06 07:05:24,A0042,3
T0001395,priceline,social,Cancellation,High,2024-08-07 04:30:00,2024-08-07 05:00:00,A0013,5
T0002860,KAYAK,phone,Technical Issue,Urgent,2025-01-10 04:32:00,2025-01-10 06:00:12,A0042,2
T0002600,KAYAK,chat,technical issue,Urgent,07/11/2024 06:20,2024-11-07 06:41:00,A0014,1
T0001964,agoda,social,Cancellation,Urgent,2024-06-22 19:14:00,2024-06-22 20:42:48,A0060,
T0001088,KAYAK,chat,Billing,Medium,2024-07-24 03:00:00,2024-07-24 19:22:48,A0005,3
T0003437,priceline,chat,BILLING,Medium,2025-05-07 10:57:00,2025-05-07 16:09:36,A0048,4
T0002197,priceline,social,Cancellation,High,2024-10-18 01:18:00,2024-10-18 02:54:00,A0059,3
T0000782,priceline,chat,Cancellation,High,2025-05-14 19:07:00,,A0003,
T0001936,priceline,phone,General Query,High,2024-07-09 01:33:00,2024-07-09 16:00:36,A0023,1
T0001467,Booking.com,email,Billing,Medium,2025-01-05 10:36:00,2025-01-05 21:25:12,A0012,2
T0000123,Booking.com,phone,General Query,Medium,2024-12-15 14:34:00,2024-12-16 03:54:24,A0013,
T0004654,agoda,CHAT,Technical Issue ,Medium,2024-08-22 20:54:00,2024-08-22 23:34:12,A0015,9
T0002610,agoda,SOCIAL,billing,Low,2025-04-19 10:35:00,2025-04-20 12:13:24,A0046,
T0002828,priceline,social,Technical Issue,Medium,2024-08-13 23:49:00,2024-08-14 12:44:12,A0021,5
T0000028,Booking.com,email,Booking Change,Medium,2025-02-13 17:05:00,2025-02-13 17:50:00,A0015,
T0003956,priceline,social,General Query,High,29/01/2025 10:38,2025-01-29 11:44:36,A0018,2
T0000616,Booking.com,chat,Technical Issue,High,2024-11-14 02:49:00,2024-11-15 01:02:12,A0009,3
T0002653,agoda,chat,General Query,High,2024-12-01 02:34:00,2024-12-01 23:47:12,A0020,
T0002711,agoda,social,general query,Urgent,2024-09-15 19:40:00,2024-09-17 05:17:12,A0022,4
T0002540,agoda,social,Technical Issue,Urgent,08/09/2024 06:20,2024-09-08 09:15:12,,3
T0002477,agoda,chat,General Query,Medium,14/04/2025 08:14,2025-04-15 09:15:48,A0037,5
T0004511,KAYAK,email,Billing,High,2025-02-09 21:10:00,2025-02-09 23:01:36,A0021,4
T0000284,priceline,social,General Query,Low,2024-12-13 03:06:00,2024-12-13 04:22:48,A0056,5
T0004549,agoda,email,TECHNICAL ISSUE,Medium,20/03/2025 23:21,2025-03-21 04:37:12,A0041,3
T0003361,Booking.com,social,Booking Change,Low,2024-11-13 00:42:00,2024-11-13 01:13:12,A0019,
T0001499,priceline,phone,Technical Issue,High,2024-08-28 14:39:00,2024-08-28 15:39:00,A0005,8
T0001067,priceline,phone,Cancellation,Low,23/02/2025 08:43,2025-02-23 21:00:24,A0050,4
T0003511,agoda,email,Booking Change,High,27/10/2024 05:30,2024-10-27 11:15:36,A0016,1
T0002822,agoda,email,General Query,Medium,2024-11-03 09:49:00,2024-11-03 17:20:48,A0011,4
T0000374,KAYAK,phone,Technical Issue,Medium,2025-03-29 10:10:00,2025-03-29 11:10:00,A0021,2
T0000111,Booking.com,e-mail,Technical Issue,Medium,2024-09-06 15:38:00,2024-09-06 16:20:00,A0007,4
T0001376,KAYAK,chat,GENERAL QUERY,Urgent,2024-08-04 15:02:00,2024-08-04 20:40:24,A0037,3
T0002514,Booking.com,phone,TECHNICAL ISSUE,Medium,14/03/2025 09:22,2025-03-15 05:53:12,A0057,3
T0001378,KAYAK,e-mail,Technical Issue,High,27/09/2024 16:31,2024-09-28 17:49:00,A0051,2
T0004055,priceline,email,Cancellation,Urgent,2025-04-06 07:58:00,2025-04-06 08:36:24,A0019,3
T0004372,priceline,phone,CANCELLATION,Medium,2024-09-14 19:57:00,2024-09-14 22:22:48,A0039,
T0000980,agoda,chat,Technical Issue,Low,2025-04-07 05:57:00,2025-04-07 08:09:00,A0021,2
T0002675,priceline,chat,BOOKING CHANGE,Low,2024-09-17 16:09:00,2024-09-18 00:52:12,A0001,
T0002286,Booking.com,phone,General Query,Medium,2024-08-19 06:18:00,,A0021,
T0002854,agoda,email,Technical Issue,Medium,2024-09-24 07:22:00,2024-09-25 00:14:12,A0049,5
T0004701,Booking.com,chat,General Query,Urgent,2025-01-03 10:50:00,2025-01-03 13:45:12,A0025,1
T0004715,KAYAK,phone,Booking Change,Urgent,2025-02-28 03:15:00,,A0028,
T0000920,agoda,e-mail,Technical Issue,High,2025-02-03 18:00:00,2025-02-03 20:47:24,A0020,3
T0001319,priceline,e-mail,Technical Issue,Low,10/10/2024 22:35,2024-10-10 23:57:12,A0027,1
T0003973,Booking.com,social,General Query,Medium,2024-06-25 01:15:00,2024-06-25 07:39:36,A0035,2
T0003521,KAYAK,email,Billing ,High,17/08/2024 05:45,2024-08-17 09:18:36,A0004,
T0000816,KAYAK,social,Technical Issue,High,2024-06-03 08:59:00,2024-06-03 21:16:24,A0057,
T0001537,agoda,chat,Technical Issue,Urgent,2024-08-02 18:37:00,,A0030,
T0002742,priceline,social,cancellation,Urgent,20/02/2025 16:07,2025-02-21 02:50:48,A0013,1
T0001779,Booking.com,phone,Booking Change,High,2025-05-23 07:54:00,2025-05-24 05:48:36,A0013,9
T0001076,priceline,chat,Booking Change,High,2025-03-24 16:02:00,,A0015,
T0003591,Booking.com,social,TECHNICAL ISSUE,Urgent,2025-04-13 19:07:00,2025-04-13 22:17:12,A0009,5
T0002143,priceline,PHONE,Billing,High,2024-09-02 03:40:00,2024-09-02 18:57:24,A0059,2
T0003141,priceline,CHAT,General Query ,Medium,2024-08-15 10:15:00,2024-08-15 14:49:12,A0033,1
T0004846,KAYAK,email,Technical Issue,Urgent,2024-08-15 00:00:00,2024-08-15 00:27:00,A0014,1
T0000044,agoda,chat,Booking Change,Low,2024-12-16 08:14:00,2024-12-16 08:26:36,A0027,5
T0001124,agoda,social,Cancellation,Low,2025-01-13 21:41:00,2025-01-13 22:38:00,A0027,4
T0004087,KAYAK,email,Billing ,Urgent,2025-03-12 09:01:00,2025-03-12 11:47:12,A0053,
T0003393,Booking.com,social,Booking Change,High,03/04/2025 08:00,2025-04-03 19:06:00,A0005,2
T0002093,Booking.com,chat,General Query,High,2024-10-25 15:05:00,2024-10-26 00:42:48,A0044,5
T0003605,agoda,email,BOOKING CHANGE,Medium,2024-06-25 07:24:00,2024-06-25 13:33:00,A0055,5
T0000761,KAYAK,phone,Billing,Urgent,2025-01-19 01:13:00,2025-01-19 04:30:24,A0042,1
T0003944,Booking.com,phone,Technical Issue,Low,2025-01-31 06:02:00,2025-02-01 03:00:12,A0002,5
T0004390,KAYAK,social,BOOKING CHANGE,Medium,06/07/2024 14:16,2024-07-06 18:58:00,A0042,4
T0003610,agoda,phone,billing,Low,2024-10-02 01:47:00,2024-10-02 03:56:36,A0003,1
T0000821,agoda,social,Billing,Medium,2025-05-06 08:10:00,,A0030,
T0001675,Booking.com,phone,Booking Change,Urgent,2024-06-24 11:26:00,,A0040,
T0002220,agoda,email,General Query,Urgent,2024-11-08 00:11:00,2024-11-08 04:04:24,A0046,
T0004033,priceline,e-mail,Booking Change,Low,03/11/2024 12:24,2024-11-03 14:00:00,A0034,2
T0002641,agoda,chat,Technical Issue,Low,2025-05-21 17:10:00,2025-05-21 20:25:36,A0013,3
T0001992,agoda,email,Booking Change,High,2024-11-10 01:42:00,,A0026,
T0004990,priceline,social,General Query,Low,19/10/2024 11:12,2024-10-19 21:42:00,A0055,1
T0001807,Booking.com,phone,CANCELLATION,Urgent,2024-11-27 12:52:00,2024-11-27 17:17:12,A0027,4
T0001036,agoda,chat,General Query,Medium,2024-06-30 02:19:00,2024-07-01 03:13:00,A0015,5
T0001780,priceline,email,Billing,Urgent,2024-09-23 16:05:00,2024-09-23 18:54:12,A0015,
T0002139,priceline,e-mail,Technical Issue ,Urgent,11/04/2025 01:57,,A0021,
T0002345,KAYAK,phone,Technical Issue,Medium,2024-06-07 04:10:00,2024-06-07 17:37:36,A0032,
T0004136,agoda,chat,Booking Change,Medium,2024-07-01 23:33:00,2024-07-02 00:25:12,A0011,3
T0001715,priceline,phone,Booking Change ,Medium,30/10/2024 15:03,2024-10-30 17:55:48,A0026,3
T0003481,priceline,SOCIAL,Technical Issue,Medium,2025-03-28 11:36:00,,A0016,
T0004311,Booking.com,PHONE,BILLING,Low,2025-03-24 08:26:00,2025-03-24 16:00:48,A0051,8
T0000152,agoda,phone,GENERAL QUERY,Urgent,29/12/2024 03:00,2024-12-29 09:35:24,A0045,5
T0000709,agoda,email,GENERAL QUERY,Low,2024-06-17 20:27:00,2024-06-18 04:53:24,A0037,4
T0002158,agoda,SOCIAL,General Query,High,2024-07-30 03:13:00,2024-07-30 07:01:00,A0044,
T0000871,priceline,phone,general query,Low,2024-12-23 17:27:00,2024-12-23 23:36:00,A0033,5
T0002370,Booking.com,email,General Query,Low,2024-09-23 09:37:00,,A0039,
T0000102,KAYAK,phone,Booking Change,High,04/02/2025 13:39,2025-02-04 22:27:36,A0041,7
T0004657,priceline,CHAT,General Query,Medium,18/10/2024 21:28,2024-10-18 23:48:24,A0044,
T0003194,priceline,phone,general query,Urgent,2025-05-12 01:44:00,2025-05-12 03:49:24,A0059,1
T0000371,Booking.com,chat,Billing ,High,2025-04-27 05:53:00,2025-04-27 09:21:48,A0050,8
T0002798,KAYAK,email,Technical Issue,Medium,06/03/2025 11:19,2025-03-06 19:43:36,A0059,
T0004890,Booking.com,email,Technical Issue,Medium,2024-11-26 13:49:00,2024-11-27 00:19:00,A0052,1
T0001534,priceline,Email,Technical Issue ,Low,2025-01-01 20:35:00,2025-01-02 02:51:12,A0052,6
T0001293,priceline,phone,General Query,Low,2025-05-23 23:42:00,,A0016,
T0001713,Booking.com,phone,Billing,Medium,2025-05-29 03:59:00,2025-05-29 10:01:24,A0021,4
T0002482,KAYAK,chat,Technical Issue,High,2024-07-16 18:33:00,2024-07-17 03:19:48,,4
T0004195,priceline,chat,Cancellation,Low,2025-03-01 14:23:00,2025-03-02 03:47:36,A0026,
T0001445,priceline,email,Billing,Low,2024-12-26 21:32:00,2024-12-26 22:29:36,A0037,
T0000435,priceline,email,General Query ,High,2024-11-01 17:17:00,2024-11-01 23:10:24,A0024,3
T0002054,priceline,social,CANCELLATION,Low,2025-03-13 01:24:00,,A0032,
T0001054,Booking.com,CHAT,Technical Issue,Low,2024-10-15 02:37:00,2024-10-16 08:14:48,A0036,
T0001097,priceline,email,General Query,High,2024-10-05 04:34:00,2024-10-06 00:32:12,A0019,5
T0004905,agoda,email,Booking Change,High,2024-08-24 06:00:00,2024-08-24 09:57:00,A0014,1
T0003754,Booking.com,social,Billing,Medium,2024-09-03 08:35:00,2024-09-03 13:39:48,A0042,5
T0002592,KAYAK,social,Bill,Medium,01/12/2024 19:53,,A0008,
T0001839,KAYAK,social,BILLING,Urgent,2024-07-12 09:42:00,2024-07-12 16:55:12,A0029,
T0004602,agoda,Email,General Query,Low,20/08/2024 06:07,2024-08-20 17:05:48,A0053,3
T0004323,KAYAK,chat,Booking Change,High,2024-07-31 23:00:00,2024-08-01 05:55:48,A0056,3
T0004502,KAYAK,phone,Cancellation,Medium,2025-03-01 16:26:00,2025-03-01 16:46:24,A0005,
T0002967,KAYAK,social,Cancellation,High,2025-04-22 02:58:00,2025-04-22 03:21:24,A0032,4
T0003041,priceline,chat,General Query,Urgent,2025-05-14 05:45:00,2025-05-15 10:12:36,A0053,5
T0001951,priceline,chat,Cancellation,Low,2024-09-01 01:52:00,2024-09-01 18:59:12,A0021,
T0000396,agoda,social,Booking Change,Medium,2025-02-05 03:23:00,2025-02-05 21:42:48,A0046,3
T0001586,Booking.com,chat,Technical Issue,High,2025-03-14 22:28:00,2025-03-15 07:01:36,A0059,
T0002896,priceline,chat,Booking Change,Urgent,14/07/2024 12:39,2024-07-15 02:13:12,A0055,
T0002049,priceline,social,Booking Change,High,2025-03-10 22:15:00,2025-03-11 08:32:24,A0043,2
T0000756,priceline,chat,technical issue,Medium,19/05/2025 18:11,2025-05-20 01:54:12,A0040,2
T0004934,priceline,email,billing,Medium,2024-09-18 14:59:00,2024-09-18 18:45:12,A0052,9
T0004697,priceline,phone,Billing,Medium,20/08/2024 01:15,2024-08-20 03:02:24,A0023,2
T0001198,KAYAK,chat,Technical Issue,Low,2024-06-18 19:10:00,2024-06-19 02:13:36,A0030,
T0004882,KAYAK,social,Cancellation,High,2025-03-23 01:35:00,2025-03-23 05:58:24,A0009,8
T0004579,Booking.com,social,CANCELLATION,Medium,2024-06-18 14:52:00,2024-06-19 06:16:36,A0046,3
T0000480,priceline,phone,Technical Issue,Medium,2024-07-15 18:59:00,2024-07-15 22:05:36,A0016,1
T0000412,priceline,email,Technical Issue,High,2024-07-04 02:01:00,2024-07-04 03:14:48,A0036,3
T0003751,agoda,email,Cancellation,Urgent,2024-08-31 14:32:00,2024-09-01 01:26:36,A0045,1
T0000739,Booking.com,chat,Billing,Low,2025-05-12 08:17:00,,A0055,
T0003727,Booking.com,phone,Billing,Urgent,04/08/2024 06:24,2024-08-04 09:44:24,A0029,4
T0002716,agoda,chat,Billing,Urgent,2024-08-27 09:32:00,2024-08-27 14:53:36,A0057,4
T0002576,priceline,email,Cancellation,Medium,2024-11-15 13:34:00,2024-11-15 22:01:00,A0043,
T0003121,Booking.com,phone,booking change,Medium,23/04/2025 22:49,2025-04-24 16:19:00,A0021,5
T0003139,KAYAK,SOCIAL,Billing,High,11/04/2025 18:16,2025-04-11 21:08:48,A0012,
T0001570,Booking.com,email,General Query ,Medium,2025-01-11 01:44:00,2025-01-11 19:47:00,A0044,1
T0003044,priceline,social,BOOKING CHANGE,Urgent,2024-07-22 10:11:00,2024-07-22 13:00:12,A0023,1
T0003935,priceline,email,Billing,High,2025-03-15 10:25:00,2025-03-16 05:07:36,A0040,3
T0000403,KAYAK,phone,Booking Change,Low,2024-08-21 03:16:00,2024-08-21 14:29:12,A0006,
T0004962,Booking.com,social,billing,Low,13/08/2024 09:57,2025-02-24 03:57:00,A0009,1
T0004961,KAYAK,phone,Technical Issue,Low,2024-10-31 21:57:00,2024-11-02 03:16:12,A0014,
T0003707,agoda,phone,technical issue,High,2024-12-14 03:58:00,2024-12-14 06:08:12,A0038,5
T0002136,priceline,Email,Billing,Urgent,2024-09-10 19:24:00,2024-09-12 01:49:48,A0053,3
T0004879,agoda,chat,Billing,Low,2025-02-14 11:44:00,2025-02-14 17:14:00,A0016,
T0000781,agoda,chat,Technical Issue ,Low,2025-05-23 06:08:00,2025-05-23 09:00:48,A0028,5
T0000307,agoda,social,Booking Change,Low,2024-07-09 14:40:00,2024-07-09 16:42:24,A0042,1
T0002390,agoda,email,Technical Issue,Urgent,2025-03-02 23:47:00,2025-03-03 02:08:00,A0008,
T0004069,KAYAK,social,General Query,Medium,2025-05-22 02:09:00,2025-05-22 06:30:00,A0014,4
T0002509,agoda,chat,Technical Issue,High,2025-02-02 20:26:00,2025-02-03 02:47:36,A0038,
T0004726,Booking.com,chat,BILLING,High,15/10/2024 16:34,2024-10-15 18:12:24,A0055,
T0003890,priceline,phone,Technical Issue,Low,06/03/2025 06:32,,A0013,
T0004149,priceline,chat,Cancellation,Urgent,2025-05-11 12:33:00,2025-05-11 13:25:48,A0058,4
T0002712,Booking.com,phone,Billing,Low,2024-12-18 17:02:00,,A0049,
T0000125,KAYAK,social,Booking Change ,High,2024-07-12 04:20:00,2024-07-12 07:54:48,A0028,1
T0001540,KAYAK,email,cancellation,Low,2024-06-28 01:18:00,,A0033,
T0002485,KAYAK,phone,Billing,Medium,2025-05-23 13:35:00,,A0047,
T0002457,KAYAK,CHAT,Cancellation,Low,03/06/2024 16:44,,A0059,
T0002994,KAYAK,phone,booking change,Urgent,2024-08-05 22:16:00,2024-08-06 14:28:00,A0024,4
T0004146,Booking.com,email,Booking Change,Low,2024-09-23 08:24:00,2024-09-23 12:04:48,A0044,2
T0002703,Booking.com,social,BILLING,High,2024-07-31 06:35:00,2024-07-31 17:53:36,A0045,
T0001864,Booking.com,phone,Technical Issue,High,22/04/2025 00:51,,A0032,
T0001391,agoda,social,Billing ,High,2024-12-26 08:00:00,2024-12-26 08:12:36,A0031,1
T0000917,KAYAK,phone,Booking Change ,Low,2024-08-05 08:30:00,2024-08-05 10:46:48,A0046,
T0004791,Booking.com,chat,General Query,High,27/09/2024 18:05,2024-09-28 06:06:48,A0013,5
T0003240,priceline,social,CANCELLATION,Medium,2025-01-11 01:16:00,2025-01-11 01:33:24,A0008,2
T0002881,priceline,phone,Booking Change,High,2024-10-25 19:39:00,2024-10-25 20:38:24,A0053,
T0002204,Booking.com,chat,cancellation,Medium,2025-05-28 21:31:00,,A0054,
T0004260,agoda,social,Technical Issue,Medium,2024-08-06 17:01:00,,A0044,
T0000628,Booking.com,phone,Billing,Medium,2024-10-02 04:45:00,2024-10-02 23:42:36,A0033,
T0002119,agoda,social,Billing,Urgent,2025-02-05 16:51:00,,A0028,
T0001485,Booking.com,email,General Query,Medium,2024-08-28 20:25:00,2024-08-28 23:42:24,A0035,8
T0004510,priceline,phone,Technical Issue,Urgent,2024-12-05 22:48:00,2024-12-07 01:34:48,A0050,
T0001396,Booking.com,social,Technical Issue,Low,2025-05-13 18:15:00,2025-05-15 02:18:00,A0045,5
T0000832,agoda,phone,Billing,Low,2025-04-23 06:07:00,2025-04-23 19:29:12,A0035,5
T0001919,KAYAK,email,Billing ,Low,2025-03-09 14:01:00,,A0004,
T0004117,KAYAK,social,Technical Issue,Low,2024-12-11 10:25:00,2024-12-12 04:01:00,A0006,1
T0002004,agoda,email,Technical Issue,Urgent,2024-08-22 08:27:00,2024-08-23 11:32:24,A0041,
T0003607,Booking.com,phone,Technical Issue,Urgent,2024-06-18 13:32:00,2024-06-18 16:56:00,A0057,2
T0003264,Booking.com,phone,Cancellation,Low,2024-08-08 13:13:00,2024-08-08 15:11:48,A0052,4
T0002563,agoda,chat,General Query,Urgent,2024-07-11 04:28:00,2024-07-11 06:13:36,A0004,8
T0004816,Booking.com,chat,Billing,Urgent,2024-10-01 16:00:00,,A0018,
T0000258,KAYAK,phone,cancellation,High,2024-12-26 21:34:00,2024-12-26 22:47:48,A0057,2
T0003555,priceline,social,Technical Issue,Low,2025-03-12 18:45:00,,A0011,
T0003032,Booking.com,phone,CANCELLATION,Medium,2024-10-20 04:12:00,2024-10-20 16:37:12,A0028,
T0002639,priceline,email,general query,Urgent,2025-01-22 23:54:00,2025-01-23 09:48:36,A0025,4
T0000956,priceline,email,billing,Low,18/06/2024 20:14,2024-06-19 03:57:48,A0041,1
T0001962,Booking.com,email,General Query ,Medium,18/02/2025 19:41,2025-02-19 06:36:12,A0022,4
T0000852,agoda,e-mail,General Query,High,2025-02-27 02:21:00,2025-02-27 05:31:12,A0004,
T0002682,KAYAK,social,General Query,Medium,24/07/2024 06:43,2024-07-24 07:36:24,A0001,
T0001629,priceline,chat,Technical Issue,Medium,2024-09-18 07:53:00,2024-09-18 19:53:00,A0008,3
T0002585,KAYAK,chat,Technical Issue,Urgent,2025-04-10 05:25:00,,A0012,
T0003972,Booking.com,chat,Cancellation,Urgent,2025-04-09 06:18:00,2025-04-10 04:35:24,A0037,1
T0002490,agoda,chat,Cancellation,Low,2024-10-28 10:50:00,2024-10-28 16:21:48,A0046,3
T0004991,Booking.com,email,Booking Change,Low,2024-09-12 20:06:00,2024-09-13 03:10:12,A0024,
T0001383,KAYAK,chat,General Query,Low,2024-12-28 19:49:00,2024-12-29 00:28:36,A0004,2
T0002976,KAYAK,email,cancellation,Medium,2024-08-31 01:25:00,,A0053,
T0002478,Booking.com,social,General Query,Medium,19/12/2024 09:36,2024-12-19 12:46:48,A0011,
T0002538,priceline,social,GENERAL QUERY,High,2025-03-23 15:28:00,2025-03-23 23:17:48,A0005,
T0004545,Booking.com,SOCIAL,Billing,High,2024-11-12 08:48:00,2024-11-12 16:30:00,A0052,4
T0001232,priceline,social,Technical Issue,Low,2025-01-07 14:33:00,2025-01-07 15:12:00,A0042,3
T0000632,priceline,email,General Query,Urgent,2024-10-21 06:33:00,2024-10-21 11:39:00,A0057,2
T0001855,KAYAK,Email,Technical Issue,Medium,03/02/2025 14:40,2025-02-03 17:29:48,A0046,
T0000564,Booking.com,PHONE,Billing,Medium,2024-09-25 07:03:00,2024-09-25 15:42:36,,
T0002329,KAYAK,social,BOOKING CHANGE,Medium,2024-12-18 01:00:00,2024-12-18 03:07:12,A0038,9
T0002267,agoda,social,Cancellation,Urgent,01/11/2024 01:59,2024-11-01 10:24:12,,5
T0003360,agoda,email,General Query,Urgent,2024-10-05 06:51:00,2024-10-05 09:58:12,A0033,
T0000786,agoda,social,General Query ,High,2024-11-21 02:40:00,2024-11-21 10:58:00,A0023,4
T0000164,KAYAK,CHAT,Booking Change,Medium,05/07/2024 07:43,2024-07-05 18:03:24,A0001,4
T0004025,Booking.com,Email,BOOKING CHANGE,Medium,2024-07-12 20:53:00,2024-07-13 04:01:24,A0042,10
T0004838,KAYAK,email,Technical Issue,High,2024-10-04 06:35:00,2024-10-04 14:20:36,A0032,10
T0003296,agoda,e-mail,GENERAL QUERY,Low,21/03/2025 15:44,2025-03-22 01:05:00,A0047,4
T0001690,priceline,email,Booking Change,Low,2024-12-06 11:49:00,,A0042,
T0004310,agoda,email,Technical Issue,High,2025-03-24 09:25:00,2025-03-24 14:10:36,A0004,1
T0000541,KAYAK,chat,Cancellation,Medium,2024-09-10 22:19:00,2024-09-11 10:10:36,A0027,4
T0001053,priceline,chat,Cancellation ,High,2024-06-10 09:47:00,,A0031,
T0002152,priceline,email,Technical Issue ,Low,2024-08-15 18:47:00,2024-08-15 21:07:24,A0019,3
T0001601,agoda,social,Billing,Urgent,2024-12-15 06:21:00,2024-12-15 08:18:36,A0057,
T0000305,Booking.com,chat,Booking Change,Urgent,31/07/2024 06:04,2024-07-31 10:57:24,A0008,1
T0000634,priceline,social,Billing,High,2024-12-08 17:44:00,2024-12-08 20:59:00,A0045,
T0003769,Booking.com,social,BOOKING CHANGE,Medium,2025-02-13 08:25:00,2025-02-13 13:43:00,A0006,
T0001772,priceline,chat,BOOKING CHANGE,Low,2025-06-01 13:49:00,2025-06-01 17:14:12,A0038,9
T0001856,agoda,phone,General Query ,Medium,2024-11-21 08:17:00,2024-11-22 14:29:36,A0011,
T0003034,Booking.com,CHAT,General Query,Low,2025-04-03 12:22:00,2025-04-03 15:37:36,A0008,1
T0003451,Booking.com,chat,General Query,High,2024-11-27 20:06:00,2024-11-29 02:42:36,A0006,3
T0000846,agoda,chat,Booking Change ,Urgent,2024-09-07 11:30:00,2024-09-07 14:55:48,A0039,
T0002778,Booking.com,email,Technical Issue,Urgent,2024-06-29 23:51:00,,A0028,
T0002371,agoda,email,Booking Change,Urgent,2024-11-26 17:13:00,2024-11-26 19:44:12,A0034,4
T0001295,Booking.com,social,Technical Issue,High,2025-01-05 03:00:00,2025-01-05 08:38:24,A0027,
T0001905,KAYAK,phone,Technical Issue ,Urgent,2024-09-26 17:26:00,2024-09-26 19:50:00,A0005,2
T0003411,priceline,email,Cancellation,Medium,2024-10-08 20:05:00,2024-10-08 23:26:36,A0027,
T0003428,priceline,phone,Technical Issue ,Low,2024-10-28 16:51:00,2024-10-28 19:10:12,A0021,2
T0004190,Booking.com,email,Booking Change,Low,2024-09-17 19:06:00,,A0014,
T0004279,agoda,CHAT,BOOKING CHANGE,High,2024-06-16 02:40:00,2024-06-16 09:22:36,A0015,2
T0000062,priceline,email,Booking Change,Low,2024-12-30 13:01:00,2025-01-01 10:44:12,A0026,4
T0003595,agoda,social,Bill,Medium,2024-06-24 06:07:00,2024-06-24 07:35:12,A0034,
T0000862,Booking.com,email,Booking Change,Low,2024-08-19 00:54:00,2024-08-19 19:45:36,A0023,2
T0000923,KAYAK,chat,Cancellation,Urgent,2024-12-11 08:18:00,,A0044,
T0000456,Booking.com,e-mail,Booking Change,Low,2024-08-23 00:25:00,2024-08-23 09:46:36,A0038,
T0001017,priceline,PHONE,Cancellation,High,2025-04-04 15:13:00,2025-04-05 00:22:00,A0012,4
T0000899,priceline,e-mail,Bill,High,2024-12-27 10:22:00,2024-12-27 11:56:48,A0008,4
T0004823,priceline,email,General Query ,High,2025-01-23 23:44:00,2025-01-24 05:42:48,A0033,
T0002431,priceline,chat,Billing,Medium,2024-11-19 04:46:00,2024-11-19 05:30:24,A0032,2
T0004591,priceline,social,BILLING,Urgent,2024-12-30 08:41:00,2024-12-31 02:15:48,A0060,
T0004797,priceline,social,GENERAL QUERY,High,2025-05-08 17:44:00,2025-05-08 21:03:48,A0032,1
T0003156,priceline,phone,TECHNICAL ISSUE,Low,2024-10-29 08:35:00,2024-10-29 21:59:00,A0005,5
T0004082,Booking.com,social,Cancellation,Low,2024-06-24 17:37:00,2024-06-25 03:59:12,A0035,
T0001227,Booking.com,phone,general query,Low,2025-04-25 10:58:00,2025-04-26 00:16:00,A0033,5
T0000297,KAYAK,chat,General Query,Medium,06/10/2024 10:16,,A0042,
T0000678,Booking.com,phone,Booking Change,Urgent,2024-10-28 23:05:00,,A0024,
T0003818,KAYAK,email,general query,Urgent,2025-01-30 09:40:00,2025-01-30 10:49:36,A0011,9
T0003906,KAYAK,chat,General Query,Low,2024-11-21 12:38:00,2024-11-21 19:34:24,A0003,3
T0003024,Booking.com,chat,Billing ,Urgent,2024-10-03 12:19:00,2024-10-03 20:31:00,A0049,5
T0001441,agoda,phone,Booking Change ,Low,17/09/2024 00:39,2024-09-17 07:55:48,A0036,5
T0003183,priceline,chat,CANCELLATION,High,2024-08-25 20:21:00,2024-08-26 11:39:00,A0049,4
T0003728,KAYAK,email,Booking Change,Medium,2024-07-12 05:11:00,2024-07-12 13:59:00,A0027,3
T0001207,Booking.com,social,Booking Change,High,2024-12-08 14:10:00,2024-12-08 19:49:00,A0015,
T0000395,priceline,phone,Booking Change,Urgent,2025-05-22 00:17:00,2025-05-22 03:50:00,A0007,5
T0000070,agoda,social,General Query,Urgent,2024-07-04 11:39:00,2024-07-04 13:13:48,,
T0002105,agoda,phone,General Query,Low,2024-07-18 13:14:00,2024-07-18 14:06:48,A0002,3
T0003620,priceline,chat,booking change,Low,2024-11-15 22:41:00,2024-11-16 03:06:48,A0010,5
T0002264,agoda,social,Booking Change,Low,2024-08-10 22:30:00,2024-08-11 02:21:36,A0025,1
T0003104,agoda,phone,booking change,Urgent,2025-03-15 10:20:00,2025-03-15 16:14:00,A0037,
T0003797,KAYAK,PHONE,Cancellation,Medium,25/02/2025 13:48,2025-02-25 15:02:24,A0042,5
T0003504,Booking.com,chat,Technical Issue,Medium,2024-06-16 11:26:00,2024-06-16 17:46:24,A0024,9
T0004627,KAYAK,social,General Query,Medium,2025-01-07 03:05:00,2025-01-07 21:41:00,A0041,1
T0004015,KAYAK,Email,Booking Change,Medium,2024-10-05 19:40:00,2024-10-06 19:09:24,A0036,4
T0001869,Booking.com,social,Cancellation,Urgent,2024-07-03 19:33:00,2024-07-04 10:08:24,A0053,4
T0004227,agoda,chat,Cancellation,Low,2025-03-01 18:02:00,2025-03-02 02:43:24,A0005,2
T0004757,priceline,chat,TECHNICAL ISSUE,Medium,2024-09-26 19:51:00,2024-09-27 06:25:12,A0050,
T0004288,Booking.com,Email,general query,Medium,2024-07-25 23:31:00,2024-07-26 07:48:24,A0034,1
T0002239,agoda,phone,general query,Urgent,27/05/2025 11:10,,A0046,
T0004660,Booking.com,phone,Technical Issue,Medium,2024-06-18 00:03:00,2024-06-18 02:05:24,A0016,2
T0004711,KAYAK,chat,Booking Change,High,19/01/2025 01:00,,A0031,
T0003734,KAYAK,phone,Technical Issue ,Medium,18/08/2024 06:12,2024-08-18 06:49:48,A0055,
T0000169,Booking.com,email,Booking Change,Low,05/03/2025 08:47,2025-03-05 12:52:24,A0005,3
T0000172,agoda,email,Booking Change,Medium,2025-05-31 21:02:00,2025-06-01 04:44:00,A0037,3
T0003613,KAYAK,social,Bill,Urgent,11/01/2025 14:03,2025-01-12 13:03:00,A0011,
T0001857,agoda,phone,Booking Change,Urgent,2025-03-26 08:11:00,2025-03-26 13:02:36,A0043,
T0004501,Booking.com,e-mail,CANCELLATION,High,09/10/2024 21:48,2024-10-10 17:09:36,A0047,8
T0002432,priceline,social,Cancellation,Low,2024-06-11 06:37:00,2024-06-11 09:00:24,A0002,3
T0004252,KAYAK,chat,CANCELLATION,Urgent,2024-12-21 23:25:00,2024-12-22 04:37:36,A0011,2
T0002186,Booking.com,chat,Billing ,Medium,2024-07-20 18:48:00,2024-07-21 03:06:00,A0016,
T0000405,agoda,phone,Cancellation,High,2024-09-21 12:22:00,2024-09-21 19:56:12,A0009,1
T0003113,priceline,social,Cancellation,Low,2024-10-07 01:41:00,2024-10-07 12:58:24,A0049,4
T0001630,Booking.com,email,Cancellation,Low,11/11/2024 18:33,2024-11-11 21:12:00,A0030,4
T0004081,KAYAK,phone,Cancellation,Urgent,17/05/2025 11:57,2025-05-17 15:52:12,A0002,1
T0001421,KAYAK,chat,CANCELLATION,High,2024-09-03 17:44:00,,A0008,
T0003847,priceline,social,GENERAL QUERY,Urgent,05/04/2025 09:25,,A0012,
T0001934,priceline,social,booking change,Medium,2024-06-10 00:29:00,2024-06-10 00:55:24,A0024,9
T0004910,priceline,social,CANCELLATION,Low,2024-09-26 04:32:00,2024-09-26 10:30:48,A0012,
T0004159,Booking.com,email,Booking Change,Low,2024-07-15 20:53:00,2024-07-16 05:50:00,A0060,
T0000041,Booking.com,social,Booking Change,Medium,05/08/2024 01:27,2024-08-05 19:43:48,A0010,1
T0004041,KAYAK,chat,Booking Change,Low,2025-05-07 16:39:00,2025-05-08 09:51:00,A0044,
T0002273,priceline,chat,billing,Low,19/11/2024 07:20,2024-11-19 13:59:36,A0036,5
T0003039,agoda,chat,GENERAL QUERY,Low,2025-04-29 10:29:00,2025-04-29 15:56:00,,4
T0004100,KAYAK,social,Booking Change,Medium,2025-03-30 22:55:00,2025-03-31 13:05:12,A0059,3
T0003316,KAYAK,phone,booking change,Low,19/07/2024 14:58,2024-07-19 16:47:12,A0056,
T0003589,Booking.com,phone,CANCELLATION,Urgent,2024-07-11 12:51:00,2024-07-11 13:24:00,A0029,3
T0003467,agoda,email,Cancellation,High,16/04/2025 19:07,2025-04-16 20:07:00,A0056,3
T0001644,priceline,chat,Cancellation,High,2024-11-10 04:35:00,2024-11-10 16:02:00,A0049,4
T0001843,agoda,phone,TECHNICAL ISSUE,Low,2024-06-03 10:13:00,2024-06-03 11:13:00,A0029,1
T0000338,Booking.com,social,Billing,Low,2024-06-20 10:14:00,2024-06-21 00:06:12,A0059,3
T0004205,priceline,phone,Cancellation,Low,2024-07-28 12:47:00,2024-07-28 17:11:36,A0019,4
T0000898,priceline,social,Booking Change,Urgent,2025-02-20 23:01:00,2025-02-21 01:11:12,A0058,2
T0003469,agoda,chat,TECHNICAL ISSUE,Low,2024-10-22 22:23:00,,A0030,
T0000902,agoda,phone,cancellation,Low,2024-11-17 04:21:00,2024-11-17 08:21:36,A0049,
T0001272,priceline,chat,General Query,Medium,2024-08-01 09:38:00,2024-08-01 10:49:24,A0052,3
T0003480,priceline,chat,Bill,High,2025-03-15 01:36:00,2025-03-15 10:53:24,A0060,
T0004405,KAYAK,phone,Booking Change,Low,2024-07-22 00:31:00,2024-07-22 09:20:48,A0015,1
T0002847,priceline,chat,Booking Change,Urgent,2024-07-14 13:58:00,2024-07-14 16:39:24,A0014,
T0001693,priceline,e-mail,Booking Change,Medium,2025-05-22 17:20:00,2025-05-23 01:53:36,A0012,2
T0002285,agoda,social,Billing,Medium,2024-08-28 16:54:00,2024-08-28 18:38:24,A0013,
T0001635,priceline,phone,Booking Change,Low,2024-09-30 20:45:00,2024-10-01 21:51:36,A0024,
T0004042,Booking.com,chat,Technical Issue,High,2024-08-07 06:27:00,2024-08-07 09:47:24,A0046,9
T0000667,agoda,email,TECHNICAL ISSUE,Medium,2025-01-09 08:41:00,2025-01-09 14:54:12,A0002,1
T0003862,agoda,phone,Booking Change,Medium,2024-10-17 14:26:00,2024-10-17 14:42:48,A0009,5
T0002894,priceline,chat,Billing ,Medium,2025-01-12 08:52:00,2025-01-12 10:07:00,A0049,5
T0004983,priceline,chat,General Query,High,2025-02-01 12:57:00,2025-02-01 16:20:24,A0051,4
T0003980,Booking.com,Email,Technical Issue ,Medium,2024-07-04 13:31:00,2024-07-04 22:13:00,A0050,
T0001324,Booking.com,phone,Booking Change ,Urgent,2024-06-17 10:39:00,,A0035,
T0003325,KAYAK,phone,Technical Issue,High,2025-03-12 14:58:00,2025-03-12 21:20:12,A0039,1
T0004249,Booking.com,email,General Query ,Urgent,2025-04-23 00:07:00,2025-04-23 09:10:00,A0024,3
T0001465,KAYAK,phone,Billing,Urgent,2024-06-09 16:43:00,2024-06-09 23:10:00,A0019,4
T0002400,agoda,chat,Technical Issue,Medium,23/07/2024 19:23,2024-07-24 02:05:36,A0001,5
T0000906,Booking.com,phone,General Query,Low,2025-03-05 06:08:00,2025-03-05 12:19:24,A0008,
T0000477,priceline,phone,General Query,Urgent,2024-09-07 18:09:00,2024-09-08 04:52:12,A0058,3
T0003124,Booking.com,chat,TECHNICAL ISSUE,High,2024-09-09 23:10:00,2024-09-10 08:47:12,A0017,10
T0004204,Booking.com,SOCIAL,Billing,Medium,2024-10-01 22:46:00,2024-10-01 23:06:24,A0034,
T0003012,KAYAK,email,BILLING,Low,2024-10-18 22:17:00,2024-10-19 01:21:12,A0055,2
T0001710,Booking.com,PHONE,Billing ,High,2025-04-29 17:15:00,2025-04-29 18:56:24,A0011,
T0001257,agoda,social,General Query,Low,2025-01-13 03:46:00,2025-01-13 13:13:36,A0049,3
T0004911,Booking.com,phone,General Query ,Low,2024-06-06 21:13:00,2024-06-06 23:26:12,A0060,4
T0004479,agoda,email,Cancellation,Urgent,2025-01-04 01:44:00,2025-01-04 04:32:00,A0016,2
T0004918,agoda,e-mail,Booking Change,Medium,2025-05-25 02:27:00,,A0057,
T0003051,priceline,social,General Query,Urgent,2024-08-19 16:16:00,2024-08-20 07:22:36,A0005,
T0001348,agoda,social,Billing,Low,2025-05-24 11:21:00,2025-05-24 16:46:48,A0025,5
T0001825,KAYAK,chat,BOOKING CHANGE,Urgent,2024-10-03 19:38:00,2024-10-04 11:27:12,A0001,1
T0004292,agoda,social,Technical Issue,Medium,2024-12-27 23:54:00,2024-12-28 09:41:24,A0013,
T0004215,agoda,phone,technical issue,Medium,19/04/2025 18:45,2025-04-20 00:34:12,A0021,1
T0001313,agoda,social,Cancellation,Urgent,2025-05-15 23:31:00,2025-05-16 04:13:36,A0036,1
T0001697,agoda,chat,Billing,Medium,2025-01-27 19:03:00,2025-01-27 21:43:48,A0043,1
T0000954,KAYAK,phone,General Query,High,13/07/2024 23:46,2024-07-14 11:41:48,A0037,
T0001979,Booking.com,CHAT,Cancellation,High,2024-12-31 23:41:00,2025-01-01 16:39:48,A0035,1
T0002150,agoda,social,Cancellation,High,2024-12-05 20:14:00,2024-12-05 22:11:00,A0004,3
T0004590,KAYAK,chat,general query,High,06/03/2025 22:16,,A0038,
T0003438,Booking.com,social,Technical Issue,Medium,2025-02-15 03:10:00,2025-02-15 09:09:24,A0006,
T0003625,priceline,PHONE,Booking Change,High,2025-05-12 23:44:00,2025-05-13 05:08:36,A0018,
T0004598,Booking.com,social,Billing ,Urgent,2025-01-12 11:06:00,2025-01-12 19:36:36,A0035,4
T0003708,agoda,Email,Booking Change,High,31/05/2025 04:21,2025-05-31 12:05:24,A0053,4
T0001978,Booking.com,social,billing,Urgent,03/01/2025 01:46,2025-01-04 15:46:00,A0050,9
T0000967,priceline,phone,technical issue,Low,2024-08-06 04:25:00,2024-08-06 09:37:36,A0009,
T0003462,priceline,phone,Booking Change,High,2025-05-21 19:39:00,,A0036,
T0004766,agoda,email,TECHNICAL ISSUE,Medium,2024-08-04 17:08:00,2024-08-05 06:37:24,A0057,10
T0003730,KAYAK,chat,Billing,Medium,2024-09-01 01:55:00,2024-09-02 00:54:24,A0029,1
T0004258,Booking.com,email,General Query,High,2025-03-24 07:29:00,2026-03-11 16:29:00,A0032,4
T0000914,agoda,phone,Booking Change,Medium,2025-04-05 02:26:00,2025-04-05 08:35:00,A0006,1
T0002580,Booking.com,PHONE,Cancellation,Low,2024-08-17 04:56:00,2024-08-17 14:57:12,A0003,2
T0003554,KAYAK,phone,General Query,Medium,2024-09-16 11:04:00,2024-09-16 15:55:00,A0032,
T0000742,priceline,chat,General Query,Low,2025-04-19 03:32:00,,A0045,
T0002461,agoda,PHONE,billing,Urgent,2024-09-27 21:44:00,2024-09-29 02:45:12,A0042,
T0002265,KAYAK,phone,Technical Issue,Urgent,2024-12-21 12:55:00,2024-12-21 14:19:36,A0010,4
T0003718,KAYAK,phone,CANCELLATION,Urgent,2024-06-01 19:00:00,2024-06-01 19:53:24,A0028,3
T0004920,priceline,social,Technical Issue,Medium,2024-07-31 18:20:00,2024-07-31 20:12:12,A0029,1
T0003587,Booking.com,chat,Billing,Low,2025-01-31 10:02:00,2025-01-31 13:56:00,A0023,
T0003149,KAYAK,phone,BILLING,Medium,2025-05-16 03:13:00,,A0023,
T0000227,KAYAK,phone,CANCELLATION,Medium,2024-08-29 16:09:00,2024-08-29 17:28:12,A0001,5
T0003930,agoda,CHAT,Booking Change,High,2025-01-23 17:17:00,,A0005,
T0003720,priceline,chat,billing,High,2024-06-02 14:33:00,2024-06-03 10:51:00,A0052,3
T0001574,priceline,email,Billing,Medium,2024-07-12 04:56:00,2024-07-12 15:04:24,A0034,2
T0004047,priceline,phone,TECHNICAL ISSUE,Urgent,2024-11-15 10:54:00,2024-11-15 17:36:36,A0015,3
T0004439,priceline,phone,BOOKING CHANGE,High,2024-07-31 00:16:00,2024-07-31 09:48:24,A0053,
T0000721,KAYAK,social,General Query,Urgent,2024-10-21 10:33:00,2024-10-21 13:42:36,A0029,1
T0002276,agoda,phone,BOOKING CHANGE,High,2024-07-25 10:21:00,2024-07-25 18:07:12,A0010,4
T0000402,KAYAK,social,General Query,Urgent,01/06/2025 15:29,,A0036,
T0004748,agoda,email,Cancellation,Low,28/09/2024 22:03,2025-08-06 07:03:00,A0008,
T0003271,KAYAK,phone,BOOKING CHANGE,High,2025-03-23 05:04:00,2025-03-23 06:23:48,A0054,
T0004371,Booking.com,social,Cancellation,Urgent,18/12/2024 15:55,2024-12-18 21:25:00,A0050,
T0004507,agoda,social,Cancellation,Low,2025-05-22 18:16:00,,A0037,
T0002029,Booking.com,phone,General Query,High,2025-03-08 05:50:00,2025-03-08 12:50:36,A0056,3
T0001634,agoda,phone,General Query,High,2024-08-25 21:10:00,2024-08-26 00:50:12,A0054,5
T0003996,agoda,phone,General Query ,High,2024-07-30 17:23:00,2024-07-31 05:27:48,A0039,4
T0004218,priceline,social,Bill,Medium,2025-02-05 01:58:00,2025-02-05 02:52:00,A0026,2
T0002382,Booking.com,chat,TECHNICAL ISSUE,Medium,2024-10-16 18:24:00,2024-10-16 20:12:00,A0046,3
T0000156,KAYAK,phone,General Query,Medium,01/12/2024 01:38,2024-12-01 06:39:48,A0057,2
T0004573,KAYAK,e-mail,Cancellation,Low,2025-01-21 16:09:00,2025-01-22 02:21:36,A0012,
T0004089,agoda,chat,BILLING,Urgent,2024-06-04 19:50:00,2024-06-04 21:51:12,A0026,5
T0001556,KAYAK,email,technical issue,High,19/11/2024 21:21,2024-11-20 07:17:24,A0006,5
T0001311,KAYAK,email,Cancellation,Medium,2025-05-28 12:36:00,2025-05-28 21:43:48,A0042,
T0001614,agoda,SOCIAL,Technical Issue,Urgent,2025-02-24 21:13:00,2025-02-25 04:02:12,A0032,5
T0004868,agoda,social,booking change,High,2024-06-07 01:58:00,2024-06-07 06:34:36,A0023,
T0003122,KAYAK,phone,General Query,Low,2025-04-27 11:00:00,2025-04-28 20:27:00,A0008,10
T0000286,agoda,chat,Billing,Urgent,2024-06-03 12:36:00,2024-06-04 02:41:24,A0016,1
T0001952,Booking.com,email,General Query ,Urgent,07/01/2025 07:44,2025-01-07 20:17:00,A0025,
T0000837,KAYAK,social,Booking Change ,High,2024-09-08 09:30:00,2024-09-08 16:34:48,A0057,
T0001455,Booking.com,email,technical issue,Urgent,2024-08-22 03:20:00,2024-08-22 09:41:00,A0012,2
T0002107,agoda,chat,GENERAL QUERY,Low,2025-04-02 09:53:00,2025-04-02 15:39:12,A0024,5
T0003919,agoda,social,Booking Change,Low,2025-03-04 15:31:00,2025-03-05 00:17:12,A0004,3
T0004831,agoda,phone,Technical Issue,High,2024-06-16 11:46:00,2024-06-16 13:01:00,A0041,
T0001332,Booking.com,chat,general query,High,31/01/2025 20:26,2025-02-01 23:23:36,A0019,2
T0000656,agoda,chat,Cancellation,Low,2024-12-12 22:08:00,2024-12-13 01:56:00,A0035,
T0003993,KAYAK,phone,BOOKING CHANGE,High,2025-04-16 10:50:00,,A0017,
T0001321,agoda,phone,billing,Medium,2024-10-06 23:54:00,2024-10-07 04:56:24,A0055,
T0001233,agoda,email,Technical Issue ,High,2024-11-11 08:56:00,,A0033,
T0000750,agoda,email,cancellation,High,2025-02-14 13:33:00,2025-02-15 06:33:00,A0027,1
T0002515,KAYAK,chat,Technical Issue,Urgent,07/10/2024 14:39,2024-10-07 20:21:00,A0047,1
T0002184,priceline,phone,booking change,Medium,2024-11-24 04:49:00,2024-11-24 13:05:48,A0003,2
T0001188,priceline,email,General Query,Low,2024-07-29 21:41:00,,A0029,
T0003267,priceline,SOCIAL,technical issue,Urgent,2024-11-06 08:32:00,2024-11-06 11:19:24,A0003,3
T0003985,priceline,phone,Billing,High,2024-12-20 16:56:00,2024-12-20 22:12:12,A0023,5
T0002508,priceline,social,Technical Issue,Urgent,16/09/2024 16:50,2024-09-16 20:05:00,A0026,4
T0004754,priceline,email,Billing,High,2025-04-07 12:40:00,2025-04-07 20:40:00,A0010,9
T0003885,KAYAK,email,Cancellation,Low,2025-02-17 09:35:00,2025-02-17 14:39:48,A0005,4
T0004053,Booking.com,email,General Query,Urgent,2025-04-08 18:01:00,,A0008,
T0001826,agoda,social,technical issue,Urgent,06/01/2025 04:36,2025-01-06 15:39:00,A0025,4
T0004325,agoda,phone,Cancellation,Low,2024-10-08 04:06:00,2024-10-09 11:10:48,A0057,2
T0004801,Booking.com,chat,Cancellation,Medium,2025-04-01 02:28:00,2025-04-01 06:12:24,A0023,4
T0003459,KAYAK,phone,Billing,Low,2025-01-11 17:39:00,2025-01-12 06:26:24,A0025,5
T0003061,priceline,social,Cancellation,Medium,2024-09-29 05:12:00,2024-09-29 14:00:36,A0050,1
T0000399,priceline,chat,Booking Change,Medium,2024-07-29 10:21:00,2024-07-29 10:50:24,A0015,
T0001419,Booking.com,phone,General Query,Medium,2024-11-17 00:04:00,2024-11-17 03:23:48,A0056,5
T0001274,agoda,PHONE,GENERAL QUERY,High,2024-08-27 08:41:00,2024-08-27 18:26:36,A0046,
T0001248,priceline,social,Cancellation,Medium,2024-09-01 12:29:00,2024-09-01 13:51:48,A0050,3
T0002404,Booking.com,social,Technical Issue,Urgent,2025-04-22 09:57:00,2025-04-22 12:01:12,A0020,
T0004705,agoda,phone,Billing,Medium,2024-09-22 00:36:00,2024-09-22 03:16:48,A0023,
T0002766,priceline,social,General Query ,Low,2025-01-31 11:07:00,2025-02-01 04:50:12,A0041,
T0000082,agoda,Email,Booking Change,Medium,20/03/2025 09:50,2025-03-20 17:50:00,A0045,3
T0003918,priceline,SOCIAL,cancellation,High,2024-11-16 04:23:00,2024-11-16 07:28:24,A0045,
T0003651,agoda,chat,Billing,High,2024-12-05 09:09:00,,A0014,
T0000366,KAYAK,social,BILLING,Medium,2024-07-13 18:26:00,,A0007,
T0003749,KAYAK,phone,Technical Issue,Urgent,2024-12-15 20:02:00,2024-12-16 02:55:24,A0030,
T0003265,Booking.com,email,Technical Issue,High,2024-11-04 19:42:00,2024-11-05 15:13:12,A0011,2
T0001539,KAYAK,email,BOOKING CHANGE,Low,2024-06-24 11:26:00,2024-06-25 01:27:12,A0044,
T0001277,Booking.com,phone,Technical Issue,High,2024-12-22 01:18:00,2024-12-22 06:35:24,A0020,
T0000078,KAYAK,phone,Technical Issue,Low,2024-09-11 16:38:00,2024-09-12 01:10:24,A0025,5
T0000562,priceline,chat,technical issue,High,27/06/2024 10:29,2024-06-27 14:37:24,A0030,1
T0002100,KAYAK,social,Cancellation,Urgent,2025-05-16 11:34:00,2025-05-16 21:15:24,A0035,5
T0002303,agoda,email,BOOKING CHANGE,Medium,2025-03-27 19:36:00,2025-03-28 14:27:00,A0031,3
T0003892,agoda,email,Booking Change,Urgent,2025-01-10 14:44:00,2025-01-11 00:20:00,A0006,3
T0002406,KAYAK,e-mail,Cancellation,Medium,2025-02-23 15:55:00,2025-02-24 07:24:24,A0035,
T0000885,agoda,email,Booking Change,Medium,2025-01-15 18:31:00,2025-01-15 20:10:36,A0012,1
T0003422,priceline,CHAT,BOOKING CHANGE,Urgent,05/07/2024 08:57,,A0023,
T0002637,agoda,phone,technical issue,Urgent,2025-03-10 10:14:00,,A0040,
T0002385,agoda,chat,BOOKING CHANGE,Medium,2024-06-19 22:57:00,2024-06-20 03:47:24,A0054,5
T0002920,agoda,phone,Bill,Medium,2025-03-16 08:09:00,2025-03-16 19:14:24,A0040,
T0000210,Booking.com,chat,Booking Change,High,2025-04-16 04:07:00,2025-04-16 09:53:12,A0050,5
T0000604,priceline,phone,Billing,Urgent,2025-02-12 18:48:00,2025-02-12 21:10:48,A0060,1
T0000578,priceline,social,Technical Issue,High,16/08/2024 14:45,2024-08-16 23:30:00,A0046,2
T0001154,KAYAK,phone,General Query,Low,05/09/2024 03:24,2024-09-05 14:44:24,A0043,4
T0001047,priceline,chat,Technical Issue,Low,15/09/2024 15:01,2024-09-15 22:17:48,A0015,3
T0003355,KAYAK,chat,Booking Change,High,2024-10-24 19:56:00,2024-10-25 04:18:48,A0007,
T0000423,Booking.com,chat,Cancellation,Urgent,2024-07-29 10:47:00,2024-07-29 20:32:36,A0042,
T0000515,agoda,email,Billing ,Medium,2024-07-23 21:08:00,,A0049,
T0002165,KAYAK,social,General Query,High,2024-06-22 06:00:00,2024-06-22 06:54:00,A0033,
T0000545,Booking.com,chat,Booking Change,High,2024-08-22 15:10:00,2024-08-22 17:46:00,A0021,1
T0004189,priceline,social,Technical Issue,High,2025-02-01 07:35:00,2025-02-01 16:10:24,A0041,
T0000801,priceline,email,Technical Issue,Medium,06/01/2025 00:25,2025-01-06 06:38:12,A0009,
T0004048,Booking.com,email,Booking Change,Low,06/07/2024 05:34,2024-07-06 22:14:12,A0014,
T0002470,Booking.com,Email,Technical Issue,Medium,2025-03-20 01:40:00,2025-03-20 03:52:36,A0007,
T0000990,priceline,social,Technical Issue,Medium,2025-03-13 15:44:00,2025-03-13 16:36:12,A0039,
T0000381,priceline,chat,Billing ,High,2025-02-13 18:36:00,2025-02-14 00:17:24,A0016,1
T0001083,Booking.com,social,Booking Change,High,07/10/2024 00:48,2024-10-07 01:18:00,A0055,4
T0004203,Booking.com,chat,Booking Change,High,2025-03-09 18:36:00,2025-03-09 23:39:36,A0029,2
T0003925,KAYAK,phone,Billing,Low,2025-02-13 19:05:00,2025-02-13 22:29:00,A0015,4
T0003347,Booking.com,email,Booking Change,High,2024-09-19 01:35:00,2024-09-19 03:14:00,A0009,3
T0004845,Booking.com,social,Booking Change,Medium,2024-06-06 23:17:00,2024-06-07 02:22:24,A0031,1
T0000773,agoda,chat,General Query,High,2025-04-12 06:25:00,2025-04-12 19:08:12,A0012,6
T0004472,KAYAK,phone,Billing,Medium,29/09/2024 03:26,2024-09-29 19:59:36,A0050,5
T0004624,agoda,Email,Cancellation,Low,10/04/2025 23:03,2025-04-11 00:00:36,A0021,4
T0000800,Booking.com,email,Technical Issue,Low,2024-10-25 21:33:00,2024-10-26 01:46:12,A0059,
T0002087,Booking.com,chat,Booking Change ,Low,2024-09-04 19:33:00,2024-09-05 03:46:12,A0058,
T0003368,agoda,social,technical issue,Medium,2025-01-11 02:39:00,2025-01-11 05:49:48,A0040,
T0004068,Booking.com,email,general query,Low,2024-11-26 07:36:00,2024-11-27 16:40:12,A0028,5
T0000637,priceline,CHAT,Cancellation,Medium,14/10/2024 07:44,2024-10-14 07:56:36,A0040,
T0001344,agoda,social,Technical Issue,Low,2024-11-03 11:17:00,2024-11-03 14:06:48,A0060,3
T0003745,priceline,phone,Technical Issue,Medium,04/03/2025 15:37,2025-03-04 16:35:12,A0026,6
T0002297,priceline,Email,Billing,Low,2024-11-07 22:30:00,,A0059,
T0001200,agoda,phone,Billing,High,25/10/2024 15:50,2024-10-25 22:38:00,A0033,5
T0003854,Booking.com,chat,Cancellation,Medium,2024-08-25 19:22:00,2024-08-26 01:54:24,A0042,5
T0003839,Booking.com,email,Cancellation,Medium,28/10/2024 15:40,,A0026,
T0004695,agoda,social,General Query ,Medium,02/09/2024 15:27,2024-09-03 07:45:36,A0012,
T0001551,agoda,PHONE,CANCELLATION,Urgent,2024-12-16 13:53:00,2024-12-16 15:21:48,A0025,4
T0004804,agoda,social,Technical Issue,Medium,2025-02-16 16:50:00,2025-02-16 18:42:12,A0007,4
T0002935,Booking.com,social,Bill,Medium,04/12/2024 03:17,2024-12-04 12:59:00,A0030,
T0000513,Booking.com,phone,Booking Change,High,2024-11-09 01:22:00,2024-11-09 07:37:00,A0041,5
T0004450,KAYAK,email,GENERAL QUERY,Medium,13/06/2024 03:48,,A0037,
T0000668,agoda,email,General Query,Medium,2025-03-11 08:33:00,2025-03-12 12:24:36,A0054,4
T0001389,Booking.com,chat,general query,High,2024-10-20 11:05:00,2024-10-20 12:46:24,A0056,1
T0002417,agoda,chat,Billing,High,2024-07-26 11:48:00,2024-07-26 21:42:00,A0050,
T0003170,agoda,social,Technical Issue,Urgent,24/03/2025 10:40,2025-03-24 17:59:12,A0031,2
T0000488,agoda,email,Billing,Low,2024-06-15 20:42:00,2024-06-15 23:24:36,A0026,1
T0000610,agoda,phone,cancellation,Urgent,2024-07-03 02:13:00,2024-07-03 23:14:12,A0036,3
T0000310,agoda,social,Technical Issue,Urgent,2024-11-03 23:20:00,2025-08-14 07:20:00,A0044,1
T0001638,Booking.com,social,Billing,High,2025-04-25 21:30:00,2025-04-26 12:56:24,A0001,7
T0004707,Booking.com,social,Cancellation,Urgent,2024-09-15 20:28:00,2024-09-16 02:41:12,A0032,
T0000146,Booking.com,email,cancellation,Low,2024-06-21 01:55:00,2024-06-21 04:35:12,A0028,5
T0004663,priceline,social,Billing,High,03/11/2024 09:30,,A0054,
T0004713,KAYAK,social,Technical Issue,Low,19/03/2025 22:50,2025-03-20 06:05:36,A0001,1
T0002584,Booking.com,chat,CANCELLATION,Low,2025-01-21 01:22:00,2025-01-21 08:13:36,A0042,
T0000524,Booking.com,phone,Cancellation,Low,2025-01-23 17:46:00,2025-01-23 19:56:48,A0035,2
T0004105,agoda,Email,Booking Change ,Low,2025-03-04 02:26:00,2025-03-04 05:36:48,A0032,3
T0004669,priceline,social,Cancellation,Medium,2025-04-15 03:30:00,,A0049,
T0001943,KAYAK,phone,Technical Issue,Medium,2024-07-30 17:10:00,2024-07-30 17:24:24,A0017,2
T0002048,Booking.com,email,Cancellation ,Low,2024-08-29 04:23:00,2024-08-30 06:59:00,A0008,8
T0000601,Booking.com,email,Booking Change ,Low,2025-03-10 21:12:00,2025-03-10 22:33:00,A0036,
T0002298,Booking.com,phone,Booking Change,Medium,2024-07-21 13:28:00,,A0004,
T0003617,Booking.com,social,Cancellation,High,2024-11-01 18:27:00,2024-11-01 19:34:48,A0017,2
T0004945,agoda,phone,Technical Issue,High,2024-07-15 06:27:00,2024-07-15 08:44:24,A0046,5
T0004010,Booking.com,chat,CANCELLATION,Urgent,2025-02-22 00:59:00,2025-02-22 02:27:48,A0035,2
T0002632,Booking.com,chat,Billing,Urgent,2024-06-11 12:18:00,2024-06-11 22:32:24,A0015,4
T0000425,Booking.com,Email,Cancellation,Urgent,2025-03-14 06:29:00,,A0001,
T0002719,Booking.com,email,booking change,Urgent,2025-01-14 04:48:00,2025-01-14 06:42:36,A0003,
T0001706,Booking.com,chat,Technical Issue,High,2024-09-01 01:45:00,2024-09-01 13:42:36,A0001,2
T0004670,priceline,chat,Technical Issue,Urgent,2025-02-15 22:38:00,2025-02-16 22:49:24,A0014,2
T0001009,agoda,Email,Technical Issue,High,2024-08-14 02:20:00,2024-08-14 12:12:12,A0012,3
T0002649,KAYAK,email,Technical Issue,Medium,2025-03-10 06:53:00,2025-03-10 13:45:48,A0015,4
T0001659,agoda,chat,Booking Change,Medium,2024-11-15 05:57:00,2024-11-15 07:17:24,A0016,
T0000267,KAYAK,chat,General Query,Urgent,2024-11-11 12:50:00,,A0041,
T0003992,KAYAK,CHAT,Billing,Low,2025-02-06 13:27:00,2025-02-06 13:49:12,A0052,10
T0004226,priceline,chat,CANCELLATION,Medium,2024-10-18 17:03:00,2024-10-18 20:22:12,A0058,
T0002488,priceline,social,CANCELLATION,Urgent,2024-07-27 06:18:00,2024-07-27 20:43:48,A0042,5
T0004505,Booking.com,chat,General Query,High,2024-08-16 22:00:00,2024-08-16 22:36:36,A0052,1
T0001733,agoda,phone,Cancellation,Medium,2024-12-30 22:31:00,2024-12-31 04:53:12,A0010,
T0002499,Booking.com,chat,Cancellation,Medium,2024-06-06 10:18:00,2024-06-07 12:07:48,A0018,
T0000295,priceline,email,General Query ,Urgent,04/01/2025 20:21,2025-01-05 02:43:12,A0060,
T0001271,agoda,phone,Cancellation,Urgent,11/12/2024 18:27,2024-12-12 22:00:36,A0059,8
T0000451,Booking.com,social,Cancellation,Low,2024-07-30 23:38:00,2024-07-31 11:29:00,A0053,
T0003008,Booking.com,chat,Cancellation,Urgent,2024-07-13 00:52:00,2024-07-14 12:41:48,A0021,
T0002281,KAYAK,chat,Billing,Medium,2024-08-02 18:48:00,2024-08-03 08:34:48,A0007,5
T0001817,priceline,social,Cancellation,Medium,28/03/2025 03:27,2025-03-29 13:28:12,A0034,8
T0002064,agoda,chat,Cancellation,Low,07/04/2025 00:00,2025-04-07 03:25:48,A0017,2
T0003821,Booking.com,email,Bill,High,2024-07-01 14:58:00,,A0038,
T0001430,KAYAK,SOCIAL,Billing,Urgent,12/11/2024 05:26,2024-11-12 20:16:24,A0046,5
T0000770,priceline,social,Booking Change,Low,2024-10-25 18:44:00,2024-10-25 22:29:36,A0024,
T0000496,agoda,chat,Technical Issue,Low,2024-12-05 03:22:00,2024-12-06 13:16:36,A0047,
T0001764,KAYAK,phone,billing,Low,2025-04-02 23:53:00,2025-04-03 12:54:12,A0055,
T0003864,Booking.com,chat,Technical Issue,Low,2025-03-27 12:48:00,2025-03-27 22:09:00,A0037,2
T0004581,Booking.com,email,Billing,Medium,12/11/2024 10:46,2024-11-12 11:25:36,A0060,3
T0003967,KAYAK,e-mail,General Query,Urgent,2024-10-17 02:17:00,2024-10-17 05:15:12,A0052,3
T0001564,KAYAK,social,Cancellation,Urgent,2024-09-13 20:34:00,2024-09-13 21:09:24,A0056,2
T0003176,priceline,social,Cancellation,Urgent,18/01/2025 09:12,2025-01-18 09:56:24,A0058,8
T0002974,agoda,chat,general query,Urgent,25/02/2025 13:20,2025-02-25 17:14:00,,5
T0000385,Booking.com,social,TECHNICAL ISSUE,Urgent,2024-11-19 01:06:00,2024-11-19 12:19:48,A0001,2
T0001030,priceline,Email,BOOKING CHANGE,Low,2024-06-02 00:23:00,2024-06-02 08:29:36,A0015,10
T0004177,KAYAK,social,Cancellation,Medium,29/04/2025 15:04,2025-05-01 00:42:24,A0019,
T0003884,Booking.com,chat,Technical Issue,Urgent,2024-09-19 14:16:00,2024-09-19 22:35:12,A0053,6
T0003283,Booking.com,chat,Cancellation,Low,12/06/2024 17:15,2024-06-13 01:14:24,A0036,2
T0003809,priceline,e-mail,Booking Change,Low,2024-06-13 04:54:00,2024-06-14 19:21:00,A0057,
T0003700,Booking.com,chat,General Query,Low,2024-12-06 09:10:00,2024-12-06 22:13:00,A0043,2
T0001138,priceline,social,Technical Issue,Low,2024-11-04 07:16:00,,A0019,
T0003857,Booking.com,chat,Booking Change,Medium,2024-09-19 13:03:00,2024-09-19 20:52:48,A0043,4
T0003827,KAYAK,social,Billing,High,2024-07-09 22:48:00,2024-07-10 07:08:24,A0028,4
T0003277,Booking.com,social,Cancellation,High,2025-05-09 08:47:00,2025-05-09 09:12:48,A0037,3
T0000952,priceline,email,General Query,Low,2024-12-01 15:49:00,2024-12-02 13:44:48,A0019,2
T0002663,agoda,social,Technical Issue,High,2025-03-22 09:59:00,2025-03-22 14:38:36,A0013,5
T0004827,priceline,email,Booking Change,High,2024-06-15 12:36:00,2024-06-15 13:29:24,A0002,3
T0003666,KAYAK,chat,BOOKING CHANGE,Low,2025-02-23 23:57:00,2025-02-24 06:09:36,A0033,3
T0003328,agoda,email,Technical Issue,Low,2024-09-18 07:45:00,2024-09-18 15:16:12,A0051,4
T0001184,KAYAK,phone,booking change,High,2025-05-02 02:35:00,,A0058,
T0002941,priceline,social,Booking Change,Medium,2024-10-31 13:24:00,2024-10-31 13:54:00,A0004,3
T0002631,Booking.com,social,Cancellation,Medium,2024-11-12 15:26:00,2024-11-13 07:02:36,A0014,3
T0003987,priceline,email,Technical Issue,High,14/04/2025 05:46,2025-04-14 09:01:00,A0056,2
T0002384,priceline,chat,Booking Change,Medium,2024-11-11 20:12:00,2024-11-12 15:13:12,A0006,2
T0004493,priceline,social,Billing,Urgent,2024-12-25 13:57:00,2024-12-25 15:10:48,A0033,7
T0004694,priceline,phone,General Query ,Low,2024-06-06 17:20:00,,A0052,
T0003458,Booking.com,chat,Cancellation,High,2024-12-11 18:56:00,2024-12-11 22:17:00,A0019,2
T0000986,KAYAK,Email,Cancellation,Medium,2024-11-16 21:51:00,2024-11-17 15:04:48,A0013,2
T0003912,KAYAK,social,Booking Change,High,04/03/2025 16:12,2025-03-04 22:37:48,A0050,2
T0004134,agoda,social,Billing,High,2025-03-17 21:16:00,2025-03-18 11:52:36,A0003,1
T0002492,agoda,email,BOOKING CHANGE,Medium,2024-07-01 01:22:00,2024-07-01 02:02:48,A0051,
T0003737,KAYAK,chat,General Query,Low,2025-02-10 01:11:00,2025-02-10 01:26:36,A0027,2
T0003083,priceline,e-mail,General Query,Low,2025-04-09 00:56:00,,A0031,
T0003712,Booking.com,email,Technical Issue,Low,2025-02-12 01:56:00,2025-02-12 22:32:36,A0004,5
T0001470,KAYAK,Email,Technical Issue,Low,2025-01-13 10:19:00,2025-01-13 22:27:24,A0058,8
T0002311,priceline,chat,Technical Issue,Medium,2024-09-21 22:12:00,2024-09-22 21:48:00,A0013,5
T0003539,KAYAK,SOCIAL,Billing,High,2024-07-03 10:04:00,2024-07-03 10:28:36,A0020,
T0001412,agoda,social,Booking Change,High,2025-02-27 12:56:00,2025-02-27 20:13:24,A0019,1
T0002962,agoda,chat,Billing,Medium,2024-07-04 06:26:00,2024-07-04 07:49:24,A0049,3
T0002620,Booking.com,social,Cancellation,Urgent,2024-09-13 05:25:00,2024-09-13 10:22:36,A0008,8
T0004848,Booking.com,chat,Booking Change,High,2025-05-17 17:12:00,2025-05-17 17:40:48,A0004,4
T0004900,Booking.com,social,Billing,Low,2025-02-13 20:06:00,2025-02-14 21:58:12,A0029,
T0002877,Booking.com,PHONE,cancellation,Low,2024-09-08 06:12:00,2024-09-08 12:30:00,A0029,5
T0003348,Booking.com,Email,Booking Change,Medium,2025-02-14 19:47:00,2025-02-15 06:54:12,A0052,3
T0003031,priceline,chat,Cancellation,Medium,27/03/2025 04:09,2025-03-27 04:31:48,A0009,3
T0001423,KAYAK,email,Billing,Low,2024-08-24 23:00:00,2024-08-25 10:49:48,A0018,1
T0004686,agoda,phone,General Query,Urgent,01/10/2024 09:38,2024-10-02 00:35:36,A0015,1
T0002440,KAYAK,email,General Query,High,2024-10-18 20:24:00,2024-10-19 22:56:24,A0011,1
T0000620,KAYAK,social,Cancellation,Urgent,2024-06-11 02:51:00,2024-06-11 05:19:48,A0040,
T0005000,agoda,chat,Booking Change,Urgent,2025-05-02 15:53:00,2025-05-03 22:25:24,A0048,6
T0001567,KAYAK,email,Technical Issue,Urgent,2024-12-28 07:41:00,2024-12-28 15:26:36,A0048,1
T0000818,agoda,social,Technical Issue,Low,2024-07-13 12:59:00,2024-07-13 13:29:00,A0058,
T0002643,KAYAK,social,General Query,High,2025-03-31 01:25:00,2025-04-01 02:41:48,A0050,3
T0002218,Booking.com,social,billing,High,2024-08-10 22:45:00,2024-08-11 00:35:24,A0041,
T0002214,agoda,social,Technical Issue,Urgent,2025-02-06 05:21:00,2025-02-06 19:26:24,A0009,
T0001382,priceline,phone,Cancellation ,Medium,09/06/2024 10:07,2024-06-10 00:19:00,A0024,
T0003495,priceline,phone,Cancellation,Low,2024-07-27 14:59:00,2024-07-28 21:06:48,A0059,1
T0003871,priceline,chat,Billing,Medium,2024-07-18 16:37:00,2024-07-18 23:25:36,A0029,
T0002237,KAYAK,SOCIAL,Booking Change,Medium,2025-02-20 01:35:00,2025-02-20 15:32:00,A0029,
T0000182,KAYAK,chat,Cancellation,High,2024-08-14 09:23:00,2024-08-14 17:42:48,A0025,
T0003880,Booking.com,social,booking change,Urgent,2024-07-10 03:17:00,2024-07-10 05:45:12,A0045,
T0004976,priceline,phone,Booking Change,Urgent,2025-03-31 13:16:00,2025-03-31 14:07:00,A0052,3
T0003212,agoda,social,booking change,Low,2024-06-28 13:18:00,2024-06-29 05:19:48,A0022,4
T0003206,priceline,phone,Booking Change,Urgent,2025-04-11 04:11:00,2025-04-11 09:57:48,A0028,3
T0002232,Booking.com,phone,Booking Change ,Low,2024-12-26 01:47:00,2024-12-26 20:57:48,A0035,3
T0003522,priceline,chat,General Query,High,04/10/2024 06:54,2024-10-04 11:51:36,A0012,
T0001973,Booking.com,phone,Billing,Urgent,09/07/2024 05:56,2024-07-09 08:21:12,A0028,5
T0002062,priceline,email,Billing,Urgent,2024-06-29 22:05:00,2024-06-30 02:53:00,A0053,
T0001450,KAYAK,email,booking change,High,2025-03-16 09:39:00,,A0046,
T0000193,Booking.com,email,Billing ,High,2025-04-15 06:36:00,2025-04-15 17:13:12,A0047,3
T0001896,agoda,chat,General Query,Low,22/09/2024 02:03,2024-09-22 04:58:48,A0043,4
T0000291,agoda,social,Technical Issue,Medium,2024-06-04 02:04:00,2024-06-04 11:27:24,A0059,
T0000489,agoda,social,Billing ,Urgent,08/02/2025 15:11,2025-02-08 21:07:24,A0060,
T0003332,KAYAK,phone,Billing,Low,2024-09-27 16:05:00,,A0013,
T0003204,Booking.com,email,booking change,Urgent,14/08/2024 17:03,2024-08-15 00:45:00,A0060,
T0002115,KAYAK,phone,Technical Issue,Medium,2024-11-15 20:57:00,2024-11-16 01:40:48,A0012,2
T0004229,KAYAK,chat,Billing,High,2024-12-27 11:31:00,2024-12-28 01:26:12,A0059,1
T0002907,KAYAK,phone,TECHNICAL ISSUE,High,2024-10-18 17:10:00,2024-10-19 03:27:24,A0047,7
T0004303,priceline,phone,Billing ,Medium,30/01/2025 09:12,2025-01-30 16:07:48,A0046,3
T0003446,priceline,phone,Technical Issue,Medium,2024-12-14 08:46:00,2024-12-14 22:28:36,A0056,4
T0003604,Booking.com,email,General Query,Low,2025-03-24 04:36:00,2025-03-24 12:08:24,A0010,1
T0002718,Booking.com,CHAT,cancellation,Low,2024-07-29 07:37:00,2024-07-29 08:35:12,A0051,5
T0002437,agoda,chat,General Query,Urgent,2025-04-30 07:52:00,2025-04-30 14:59:48,A0015,4
T0004186,KAYAK,PHONE,Technical Issue,Medium,2025-02-07 06:10:00,2025-02-07 10:05:48,A0008,4
T0003077,priceline,e-mail,Technical Issue,High,2024-09-22 02:40:00,2024-09-22 08:15:24,A0023,5
T0000817,KAYAK,phone,Billing,Low,2024-06-29 16:47:00,2024-06-29 18:03:12,A0059,1
T0001735,priceline,social,Booking Change ,Urgent,15/11/2024 18:04,2024-11-15 20:20:48,A0018,
T0000061,KAYAK,phone,Technical Issue,High,2024-07-22 12:42:00,2024-07-22 21:03:36,A0048,3
T0000454,agoda,phone,Booking Change,Low,2024-06-16 20:10:00,2024-06-16 22:32:48,A0016,5
T0003033,agoda,phone,Technical Issue,Medium,2025-01-20 08:05:00,,A0020,
T0003396,agoda,social,General Query,High,2024-11-23 19:55:00,2024-11-23 23:02:12,A0002,10
T0003179,KAYAK,email,General Query,Medium,01/05/2025 21:13,2025-05-02 00:43:36,A0057,1
T0002753,Booking.com,phone,billing,High,2025-01-24 14:15:00,2025-01-24 15:12:36,A0012,5
T0000555,Booking.com,Email,Booking Change,Medium,2024-12-05 09:09:00,2024-12-05 12:25:48,A0026,
T0004878,KAYAK,chat,General Query,Low,2025-02-27 15:40:00,2025-02-27 22:08:48,A0036,1
T0001975,priceline,email,BOOKING CHANGE,Urgent,02/07/2024 05:53,2024-07-02 22:51:12,A0032,4
T0004475,priceline,phone,BOOKING CHANGE,Medium,2024-09-28 00:37:00,2024-09-28 04:25:36,A0028,
T0003434,KAYAK,email,General Query ,Medium,2024-06-23 18:20:00,2024-06-23 18:48:48,A0040,10
T0001785,Booking.com,Email,Booking Change,Low,2025-05-18 23:55:00,2025-05-19 00:26:12,A0007,5
T0003336,KAYAK,social,General Query,Urgent,13/03/2025 07:37,2025-03-13 21:41:48,A0026,1
T0000712,agoda,phone,Billing,Urgent,2024-09-10 20:33:00,2024-09-11 04:24:00,A0001,5
T0000414,agoda,e-mail,Cancellation,High,21/09/2024 08:17,2024-09-21 22:42:48,A0033,4
T0001640,KAYAK,email,Technical Issue,High,2024-11-12 23:53:00,,A0032,
T0000126,Booking.com,chat,BILLING,High,2025-01-15 18:52:00,2025-01-15 20:11:12,A0056,
T0001059,Booking.com,SOCIAL,Cancellation,Low,2025-03-03 13:08:00,2025-03-03 20:08:00,A0011,
T0004758,agoda,social,Technical Issue,Medium,2024-10-22 00:41:00,2024-10-22 12:26:36,A0026,
T0000744,agoda,CHAT,General Query,Medium,12/01/2025 03:12,2025-01-12 12:54:00,A0046,
T0003806,Booking.com,chat,Cancellation,Urgent,2025-04-24 05:41:00,2025-04-24 20:53:00,A0059,10
T0002072,Booking.com,social,General Query,Medium,2024-09-26 22:19:00,2024-09-27 04:30:24,A0052,5
T0002645,Booking.com,social,Cancellation,High,2025-01-03 00:53:00,2025-01-03 21:07:24,A0037,3
T0004653,priceline,phone,Cancellation,Low,28/06/2024 17:25,2024-06-29 13:07:00,A0039,4
T0002908,priceline,PHONE,Technical Issue,Medium,2024-09-16 17:24:00,,A0008,
T0004972,Booking.com,social,Cancellation,Urgent,2024-11-13 08:08:00,2024-11-13 09:46:24,A0035,
T0004403,priceline,phone,Booking Change,Low,19/03/2025 06:20,2025-03-19 09:08:36,A0049,3
T0003859,priceline,social,Billing,High,2025-04-03 09:27:00,2025-04-03 23:48:36,A0016,1
T0000223,priceline,email,General Query ,High,2025-03-31 17:24:00,2025-04-01 01:32:24,A0005,
T0001186,priceline,email,Cancellation,Low,2024-09-26 10:10:00,2024-09-27 03:44:12,A0013,2
T0000007,Booking.com,social,Billing,Medium,2024-12-16 22:48:00,2024-12-17 16:35:24,A0009,1
T0001726,priceline,phone,Booking Change,Urgent,2024-06-26 02:52:00,2024-06-26 03:56:12,A0006,4
T0000556,priceline,chat,Billing,Medium,2024-12-15 04:36:00,2024-12-15 11:39:36,A0035,
T0002454,Booking.com,phone,Cancellation,Urgent,2025-05-19 16:46:00,2025-05-20 11:08:12,A0010,6
T0000363,agoda,email,Cancellation,Medium,2024-06-25 17:33:00,2024-06-25 19:17:24,A0037,1
T0003282,agoda,email,Billing,Medium,2025-05-30 11:26:00,2025-05-30 23:57:48,A0044,1
T0004075,Booking.com,phone,Booking Change,Low,2025-04-12 18:44:00,2025-04-12 19:33:48,A0041,2
T0003053,KAYAK,phone,Technical Issue,High,2025-02-15 09:49:00,2025-02-15 10:38:48,A0042,
T0003017,agoda,email,CANCELLATION,High,2024-12-19 16:40:00,2024-12-19 21:02:12,A0055,1
T0000518,Booking.com,email,Billing,Urgent,2025-05-31 22:45:00,2025-06-01 14:07:12,A0005,4
T0000589,KAYAK,phone,general query,Urgent,2025-03-03 01:03:00,2025-03-03 04:25:48,A0036,6
T0002217,KAYAK,chat,cancellation,High,2024-11-26 17:56:00,2024-11-27 04:56:00,A0060,10
T0000842,Booking.com,phone,General Query,Medium,2024-08-28 04:47:00,2024-08-28 06:24:48,A0017,2
T0004787,KAYAK,social,Technical Issue,Medium,2025-04-11 12:52:00,2025-04-11 15:31:36,A0011,
T0001525,KAYAK,phone,Cancellation,Urgent,2024-06-11 16:56:00,2024-06-11 20:27:12,A0027,
T0004074,KAYAK,social,General Query,Low,2024-10-04 14:17:00,2024-10-04 20:29:00,A0054,6
T0000059,agoda,phone,Cancellation,Low,09/07/2024 11:32,2024-07-09 16:30:12,A0014,1
T0003137,agoda,phone,Cancellation,Medium,2024-10-01 17:00:00,2024-10-02 00:07:48,A0020,2
T0003224,agoda,chat,General Query,High,2025-01-17 13:01:00,2025-01-17 16:26:12,A0055,1
T0001356,agoda,social,Technical Issue,Low,2025-01-22 12:55:00,,A0046,
T0000253,KAYAK,SOCIAL,Cancellation,Urgent,2025-02-25 10:58:00,2025-02-25 18:34:00,A0044,1
T0002697,agoda,chat,Technical Issue,High,2024-11-26 21:19:00,2024-11-26 22:22:36,A0033,10
T0001098,agoda,email,Billing,Low,2024-06-25 22:51:00,2024-06-26 07:25:48,A0017,5
T0002658,agoda,phone,Technical Issue,Low,21/05/2025 10:50,,A0057,
T0003855,priceline,chat,Cancellation,Medium,2024-11-15 05:28:00,2024-11-15 07:34:00,A0026,4
T0000422,agoda,chat,TECHNICAL ISSUE,Medium,2024-09-14 02:16:00,2024-09-14 03:11:12,A0056,3
T0000373,agoda,social,Cancellation,Low,2024-10-11 05:33:00,2024-10-11 12:12:36,A0036,2
T0002609,agoda,phone,General Query,Urgent,2024-09-10 03:30:00,2024-09-10 04:55:48,A0059,
T0000269,Booking.com,phone,Billing,Low,2024-10-11 14:49:00,2024-10-11 21:05:48,A0049,5
T0003697,KAYAK,phone,technical issue,Urgent,14/05/2025 22:43,2025-05-15 01:08:48,A0016,5
T0002262,Booking.com,email,Cancellation,Low,2025-03-10 18:29:00,2025-03-11 19:33:48,A0001,1
T0000839,priceline,phone,General Query,Medium,2024-11-03 01:15:00,2024-11-03 19:20:24,A0049,3
T0003120,Booking.com,Email,Billing,Urgent,2024-10-06 22:51:00,2024-10-07 02:28:48,A0017,3
T0001102,KAYAK,phone,Technical Issue,High,21/04/2025 17:04,2025-04-21 23:59:48,A0060,9
T0001820,agoda,chat,Cancellation,Urgent,2024-08-01 23:51:00,2024-08-02 09:34:48,A0009,4
T0003091,priceline,chat,Booking Change,Medium,2024-11-03 03:50:00,,A0058,
T0003826,KAYAK,phone,Billing,Urgent,12/10/2024 07:31,2024-10-12 15:08:48,A0032,3
T0002323,KAYAK,phone,General Query,Low,2025-01-15 14:34:00,2025-01-15 22:11:48,A0041,3
T0000326,priceline,social,Booking Change,Urgent,2024-07-07 15:06:00,2024-07-07 16:37:12,A0037,
T0001452,agoda,chat,Billing,Medium,2025-01-22 03:01:00,2025-01-22 03:47:12,A0049,4
T0001595,priceline,chat,Cancellation,Medium,2024-11-24 16:36:00,2024-11-24 17:35:24,A0017,4
T0000904,agoda,phone,Cancellation,Low,2024-11-16 17:50:00,,A0001,
T0003961,priceline,email,BILLING,Urgent,2024-10-21 12:44:00,2024-10-21 21:06:48,A0031,
T0002411,priceline,e-mail,Billing,Urgent,31/05/2025 13:21,2025-05-31 15:10:48,A0059,3
T0003986,agoda,email,Booking Change,Low,2025-05-29 22:17:00,,A0051,
T0004784,KAYAK,phone,Booking Change,Urgent,19/03/2025 06:16,2025-03-19 06:54:24,A0010,5
T0004152,priceline,email,General Query,Urgent,2024-08-01 20:07:00,2024-08-02 05:29:12,A0008,
T0000460,priceline,chat,Bill,Medium,2024-06-04 09:20:00,2024-06-04 12:11:00,A0011,
T0001155,Booking.com,Email,General Query,Urgent,26/12/2024 10:56,,A0002,
T0002321,Booking.com,phone,General Query,Low,2025-02-26 23:30:00,2025-02-27 00:03:00,A0046,6
T0000205,Booking.com,chat,Billing,Urgent,2025-03-22 10:46:00,2025-03-22 12:38:12,A0040,6
T0000224,agoda,phone,Technical Issue,Medium,2025-04-10 08:16:00,,A0005,
T0000479,KAYAK,phone,Cancellation,Medium,13/10/2024 10:01,2024-10-13 18:32:48,A0028,3
T0002985,Booking.com,email,booking change,High,2024-11-16 03:37:00,2024-11-16 06:57:24,A0007,6
T0001661,Booking.com,email,Technical Issue,High,2025-02-13 14:35:00,,A0059,
T0004335,priceline,phone,General Query,High,01/07/2024 17:18,2024-07-01 18:30:36,A0019,2
T0001571,Booking.com,phone,technical issue,High,2024-06-27 08:23:00,2024-06-27 16:20:36,A0044,3
T0002479,agoda,email,TECHNICAL ISSUE,Urgent,2024-12-06 18:28:00,2024-12-06 18:52:00,A0050,3
T0001463,Booking.com,Email,Technical Issue,Urgent,2024-12-21 11:40:00,2024-12-21 19:30:24,A0014,5
T0001418,agoda,social,Booking Change,High,2024-10-19 22:27:00,2024-10-21 08:16:12,A0008,5
T0001206,KAYAK,email,BOOKING CHANGE,Urgent,2025-02-20 23:42:00,,A0051,
T0001806,agoda,chat,CANCELLATION,Low,19/02/2025 14:40,2025-02-20 17:31:36,A0008,
T0004032,KAYAK,email,Cancellation,Low,2025-01-30 01:02:00,2025-01-30 15:00:12,A0006,4
T0002888,KAYAK,social,Cancellation,High,2025-01-11 16:04:00,2025-01-12 12:19:36,A0056,5
T0004986,Booking.com,chat,Cancellation,Medium,03/03/2025 19:16,2025-03-04 06:09:24,A0053,4
T0000357,priceline,phone,Cancellation,Medium,2024-06-09 11:51:00,2024-06-09 15:39:36,A0045,
T0000139,Booking.com,social,Billing ,Low,2024-08-01 11:45:00,2024-08-02 02:07:48,A0047,
T0002813,Booking.com,chat,Cancellation,Medium,2024-06-24 00:36:00,2024-06-24 06:21:36,A0016,
T0004546,Booking.com,Email,Technical Issue,Medium,2024-10-25 10:58:00,2024-10-25 15:02:12,A0027,
T0003771,KAYAK,Email,Billing,Medium,2024-10-22 23:42:00,,A0017,
T0000117,Booking.com,email,Cancellation,Medium,2024-06-06 01:00:00,,A0056,
T0001824,Booking.com,phone,Booking Change,High,2024-11-02 07:23:00,2024-11-02 23:00:12,A0040,
T0004607,Booking.com,email,Billing,Medium,2025-04-17 07:40:00,2025-04-18 05:05:48,A0022,
T0003342,KAYAK,phone,General Query,Medium,22/08/2024 10:58,2024-08-22 11:30:24,A0042,5
T0003457,KAYAK,CHAT,Billing,Low,2024-10-15 16:28:00,,A0010,
T0001988,priceline,chat,Cancellation,High,02/02/2025 02:26,,A0045,
T0001691,Booking.com,social,General Query,Urgent,2024-11-26 09:36:00,2024-11-27 08:48:36,A0022,
T0004022,KAYAK,chat,General Query,Medium,2025-02-22 04:27:00,2025-02-22 05:07:12,A0050,4
T0000765,KAYAK,email,GENERAL QUERY,Low,2024-10-17 14:15:00,2024-10-17 18:45:00,A0008,2
T0001882,KAYAK,social,Technical Issue,Medium,12/06/2024 09:27,2024-06-12 20:54:00,A0052,
T0004225,KAYAK,social,CANCELLATION,Urgent,19/07/2024 13:56,2024-07-19 21:56:36,A0019,3
T0002090,agoda,social,General Query,Low,2024-07-08 08:23:00,2024-07-08 21:35:00,A0048,
T0002969,Booking.com,chat,Technical Issue ,Urgent,2024-06-27 16:15:00,2024-06-27 22:00:36,A0053,10
T0003133,KAYAK,chat,Cancellation,Low,2024-06-16 02:44:00,2024-06-16 23:53:00,A0017,
T0001505,Booking.com,e-mail,booking change,Medium,02/08/2024 00:56,2024-08-02 10:24:12,A0011,2
T0001340,KAYAK,social,Billing,Low,10/12/2024 05:04,2024-12-10 13:22:36,A0014,5
T0002636,KAYAK,social,Cancellation,Medium,18/05/2025 16:36,2025-05-20 15:01:12,A0052,
T0004434,priceline,phone,Technical Issue,High,2025-03-25 17:22:00,2025-03-26 02:29:48,A0056,
T0001898,agoda,phone,CANCELLATION,Medium,2024-07-19 02:34:00,2024-07-19 05:23:12,A0045,2
T0003659,agoda,phone,Billing,Low,2024-12-13 14:39:00,,A0022,
T0001923,priceline,email,Technical Issue,Low,2025-03-02 09:47:00,2025-03-02 15:02:36,A0060,4
T0001853,agoda,chat,Booking Change,Low,2025-03-18 22:58:00,,A0053,
T0002052,KAYAK,social,Cancellation,Urgent,2024-07-29 11:03:00,2024-07-30 05:34:12,A0052,5
T0003300,priceline,chat,Booking Change,Low,2025-05-02 17:39:00,2025-05-03 00:28:12,A0054,
T0004601,priceline,phone,GENERAL QUERY,Medium,2024-10-09 06:46:00,2024-10-09 09:34:00,A0032,1
T0004842,agoda,chat,Billing,Urgent,2025-05-27 16:55:00,2025-05-28 02:53:48,A0025,6
T0000847,Booking.com,e-mail,Technical Issue,High,2024-08-11 22:11:00,,A0037,
T0000097,priceline,chat,GENERAL QUERY,High,2025-03-06 06:10:00,2025-03-07 06:32:48,A0034,5
T0004724,Booking.com,chat,Cancellation,Urgent,2024-09-14 00:16:00,2024-09-14 03:20:48,A0022,5
T0001057,priceline,email,Billing,Medium,2025-02-10 09:46:00,,A0043,
T0001014,priceline,phone,Cancellation ,Low,2024-09-28 22:27:00,2024-09-29 00:48:36,A0026,5
T0002734,KAYAK,chat,Billing,Urgent,2025-04-28 23:39:00,,A0056,
T0000994,KAYAK,social,Billing,High,2025-02-19 08:37:00,,A0020,
T0003201,priceline,chat,Billing,High,2024-08-22 17:10:00,2024-08-23 02:37:36,A0047,5
T0000196,Booking.com,social,Booking Change,Urgent,13/06/2024 10:09,2024-06-13 15:38:24,A0026,2
T0003493,agoda,email,Technical Issue,Urgent,2024-10-18 18:21:00,2024-10-18 18:49:48,A0030,5
T0004155,agoda,phone,Booking Change,Low,26/08/2024 00:15,2024-08-26 04:35:24,A0027,
T0000005,agoda,social,General Query,Urgent,2024-10-01 12:47:00,2024-10-01 14:45:48,A0052,1
T0002792,KAYAK,social,General Query ,Medium,2024-07-23 00:44:00,2024-07-23 02:12:48,A0051,
T0000789,Booking.com,social,cancellation,Urgent,2025-04-06 01:08:00,2025-04-06 06:59:36,A0022,
T0002938,KAYAK,email,Technical Issue,Low,2025-01-31 11:37:00,2025-01-31 19:04:36,A0008,
T0004154,Booking.com,phone,Cancellation,Urgent,2024-08-24 09:12:00,2024-08-24 09:42:36,A0054,
T0000493,Booking.com,SOCIAL,Booking Change,High,2025-05-02 08:37:00,2025-05-02 15:42:24,A0034,3
T0000539,Booking.com,chat,Cancellation,Urgent,2024-08-01 08:00:00,2024-08-02 01:00:00,A0045,2
T0004166,priceline,social,Booking Change,Urgent,2025-01-01 11:03:00,2025-01-01 14:16:12,A0058,6
T0001426,KAYAK,Email,Billing,Medium,2024-08-23 05:30:00,2024-08-23 07:48:00,A0032,4
T0001653,agoda,phone,Billing,Medium,25/09/2024 21:01,2024-09-25 21:48:24,,
T0001386,agoda,chat,General Query,Low,2025-05-01 14:01:00,2025-05-01 22:49:00,A0060,5
T0004800,KAYAK,chat,technical issue,Low,2025-05-12 15:49:00,2025-05-12 23:31:00,A0029,3
T0002307,agoda,SOCIAL,billing,Urgent,2024-11-10 16:43:00,2024-11-10 20:13:00,A0017,4
T0000084,KAYAK,email,Cancellation,Medium,2024-07-25 07:13:00,2024-07-25 07:41:48,A0007,
T0004427,agoda,email,General Query,Medium,2025-01-10 20:29:00,,A0040,
T0000533,agoda,phone,Booking Change ,Urgent,09/04/2025 13:31,2025-04-09 18:41:48,A0033,9
T0004539,priceline,chat,Booking Change,Urgent,2024-07-27 16:42:00,2024-07-28 17:43:12,A0050,1
T0004274,Booking.com,chat,General Query ,Medium,2025-06-01 17:31:00,,A0046,
T0003562,priceline,social,Billing,Urgent,2025-05-25 19:24:00,2025-05-26 14:10:12,A0051,
T0000211,agoda,phone,BILLING,Low,2025-01-13 15:13:00,2025-01-13 18:47:48,A0005,
T0001275,Booking.com,e-mail,booking change,Medium,2024-12-18 00:12:00,2024-12-18 19:10:12,A0019,5
T0002040,Booking.com,email,Booking Change,Urgent,17/12/2024 19:15,2024-12-18 05:39:36,A0007,5
T0000706,KAYAK,SOCIAL,Technical Issue,High,2024-08-29 06:51:00,2024-08-29 07:36:36,A0058,4
T0004350,KAYAK,email,General Query,Urgent,16/04/2025 16:22,2025-04-18 05:08:12,A0050,1
T0001139,priceline,chat,Booking Change,Urgent,2024-12-27 01:03:00,2024-12-27 02:11:24,A0025,2
T0002129,agoda,phone,booking change,Low,15/07/2024 15:41,,A0013,
T0001164,KAYAK,social,Cancellation,Low,2024-07-21 23:38:00,2024-07-22 06:30:48,A0025,4
T0003804,Booking.com,social,Technical Issue,Low,2025-02-05 21:56:00,2025-02-06 05:14:36,A0024,4
T0004236,KAYAK,phone,Technical Issue,Medium,2024-10-27 19:10:00,2024-10-28 00:11:48,A0041,2
T0000607,KAYAK,social,technical issue,Urgent,18/04/2025 02:34,2025-04-18 06:29:48,A0012,5
T0001530,agoda,chat,Technical Issue,Medium,2025-01-20 08:06:00,,A0040,
T0001894,agoda,social,Billing,Medium,2024-11-07 04:02:00,,A0009,
T0000673,Booking.com,e-mail,GENERAL QUERY,Medium,2024-12-31 21:45:00,2025-01-01 09:20:24,A0029,
T0003530,agoda,Email,CANCELLATION,Urgent,2024-08-14 04:39:00,2024-08-14 11:13:48,A0002,2
T0000927,priceline,chat,Booking Change ,High,19/07/2024 11:55,2024-07-19 13:44:48,A0009,8
T0003430,Booking.com,email,General Query ,Urgent,2025-05-26 02:30:00,2025-05-26 18:05:24,A0035,4
T0002859,KAYAK,phone,Booking Change,Urgent,2025-05-12 04:50:00,2025-05-13 02:02:00,A0010,7
T0002767,agoda,Email,Cancellation,Urgent,07/03/2025 04:54,2025-03-07 16:38:24,A0021,4
T0003398,priceline,chat,Cancellation,Urgent,2024-10-12 07:42:00,2024-10-12 09:33:00,A0015,5
T0002582,agoda,chat,BOOKING CHANGE,Urgent,2024-06-22 04:55:00,2024-06-22 06:58:36,A0060,
T0004003,KAYAK,e-mail,General Query,Urgent,2024-11-15 17:16:00,2024-11-17 05:20:48,A0048,5
T0004358,KAYAK,phone,Booking Change,Urgent,2024-12-30 01:53:00,2024-12-30 14:25:24,A0030,3
T0002909,KAYAK,chat,Billing,Medium,29/01/2025 03:51,2025-01-29 07:44:24,A0045,5
T0003435,agoda,email,Billing,Low,2024-07-11 15:40:00,2024-07-11 21:35:12,A0040,1
T0004415,agoda,chat,BILLING,High,2024-08-02 22:55:00,2024-08-03 01:37:36,A0014,
T0003548,priceline,social,Booking Change,Low,2024-10-29 00:56:00,2024-10-29 04:27:12,A0057,2
T0001797,Booking.com,phone,Cancellation,Low,2024-10-15 11:57:00,2024-10-16 01:06:00,A0044,1
T0000614,agoda,PHONE,technical issue,Urgent,2024-09-11 02:02:00,2024-09-11 02:42:12,A0048,1
T0004530,agoda,phone,CANCELLATION,Medium,01/05/2025 02:38,2025-05-01 02:51:12,A0058,
T0004001,priceline,email,Booking Change,Medium,28/08/2024 05:54,,A0028,
T0004768,priceline,social,Billing,High,2024-11-20 18:43:00,2024-11-20 20:52:36,A0050,
T0002707,agoda,social,Cancellation,Medium,2025-06-01 13:55:00,2025-06-01 21:37:36,A0015,
T0001585,KAYAK,chat,Cancellation,Urgent,2024-08-10 03:13:00,2024-08-10 10:51:24,A0008,
T0000941,priceline,SOCIAL,General Query,Medium,16/08/2024 01:30,2024-08-16 16:52:48,A0032,3
T0003679,Booking.com,Email,General Query,Low,2025-05-08 15:13:00,2025-05-08 15:47:12,A0021,4
T0001528,agoda,email,Technical Issue,Low,02/12/2024 03:49,2024-12-02 04:36:24,A0004,
T0001241,agoda,chat,Booking Change,Medium,2024-09-12 06:13:00,2024-09-12 20:36:24,A0036,4
T0001204,priceline,Email,technical issue,Low,2024-11-15 12:14:00,,A0054,
T0003525,KAYAK,chat,Booking Change,Medium,2024-09-11 13:15:00,2024-09-11 17:21:36,A0011,5
T0002238,priceline,phone,cancellation,Medium,2025-02-14 16:05:00,2025-02-14 18:57:12,A0060,
T0003876,Booking.com,chat,GENERAL QUERY,Medium,29/04/2025 13:21,2025-04-29 14:15:00,A0039,9
T0000662,KAYAK,social,General Query,Urgent,01/04/2025 16:54,2025-04-01 23:07:48,A0002,1
T0003721,priceline,phone,Technical Issue,High,15/03/2025 15:14,2025-03-15 16:24:48,A0036,4
T0002552,KAYAK,social,General Query,High,2025-02-19 14:13:00,2025-02-19 19:52:00,A0042,
T0000849,Booking.com,email,General Query,High,2025-05-07 09:53:00,2025-05-08 01:19:24,A0037,
T0002683,KAYAK,chat,Billing,Low,2024-08-02 10:31:00,2024-08-02 13:59:48,A0059,10
T0003677,agoda,social,Billing,High,2025-04-21 14:51:00,,A0030,
T0003248,agoda,chat,Technical Issue,Low,30/11/2024 23:02,2024-12-01 05:58:24,A0047,
T0004743,KAYAK,social,Billing,Urgent,14/09/2024 23:38,,A0037,
T0002971,Booking.com,social,CANCELLATION,Urgent,2024-08-03 16:46:00,2024-08-04 12:07:00,A0052,3
T0003415,agoda,phone,Booking Change ,Urgent,2025-02-27 08:14:00,2025-02-27 14:27:48,A0032,
T0002785,Booking.com,chat,Technical Issue,High,2024-09-05 02:35:00,2024-09-05 04:42:12,A0034,
T0001210,priceline,phone,General Query,High,2024-11-19 12:46:00,2024-11-19 14:09:24,A0035,5
T0000342,Booking.com,social,Cancellation,Urgent,14/06/2024 07:23,2024-06-14 08:08:36,A0020,
T0002842,agoda,email,CANCELLATION,High,2025-01-14 14:48:00,2025-01-14 16:53:24,A0031,4
T0000722,Booking.com,phone,Billing,Medium,2025-06-01 18:05:00,,A0053,
T0004488,priceline,phone,CANCELLATION,Low,2024-11-24 18:54:00,2024-11-24 21:35:24,A0027,5
T0002502,priceline,phone,Cancellation,Medium,25/06/2024 11:33,2024-06-26 02:55:48,A0055,4
T0001104,agoda,phone,Cancellation,Low,2025-02-12 06:24:00,2025-02-13 00:42:00,A0002,5
T0002468,KAYAK,chat,BOOKING CHANGE,Medium,02/07/2024 09:00,2024-07-02 09:40:12,A0026,8
T0000447,priceline,SOCIAL,TECHNICAL ISSUE,Urgent,15/01/2025 15:50,2025-01-16 06:34:24,A0048,
T0001969,priceline,phone,Technical Issue,Medium,16/09/2024 05:12,2024-09-16 14:59:24,A0056,
T0004872,agoda,CHAT,Billing,High,31/05/2025 06:05,,A0025,
T0000256,KAYAK,email,GENERAL QUERY,Low,2024-12-25 02:14:00,2024-12-25 16:54:48,A0057,4
T0001836,agoda,phone,Cancellation,Low,2025-01-04 07:36:00,2025-01-04 12:06:36,A0046,1
T0001665,KAYAK,email,BOOKING CHANGE,High,2024-07-02 16:56:00,2024-07-02 23:28:24,A0014,2
T0003258,KAYAK,email,Booking Change,Urgent,2025-03-16 18:00:00,,A0056,
T0000029,KAYAK,CHAT,Booking Change,High,2025-02-08 12:04:00,2025-02-08 21:28:36,A0040,
T0001811,priceline,CHAT,Booking Change,Low,2024-06-30 16:30:00,2024-07-01 00:23:24,A0016,1
T0002772,KAYAK,chat,GENERAL QUERY,High,2025-05-14 20:43:00,2025-05-15 01:03:24,A0021,1
T0003900,priceline,email,General Query,Urgent,2025-03-24 00:42:00,2025-03-24 09:31:48,A0054,2
T0003569,agoda,SOCIAL,general query,Medium,2024-09-20 15:34:00,2024-09-20 18:37:00,A0020,2
T0001145,agoda,social,General Query,High,2024-11-05 14:27:00,,A0026,
T0003671,agoda,phone,Cancellation,Low,2024-08-11 07:06:00,2024-08-11 07:58:48,A0056,3
T0004745,KAYAK,email,Billing,Low,2025-01-21 16:33:00,2025-01-21 19:55:48,A0015,4
T0004273,priceline,phone,Cancellation,High,2024-10-31 21:12:00,,A0044,
T0003108,agoda,phone,Booking Change,High,2024-09-18 16:52:00,2024-09-18 19:30:24,A0053,
T0003207,priceline,phone,Booking Change,Urgent,18/09/2024 08:29,2024-09-18 15:24:48,A0022,
T0003979,KAYAK,SOCIAL,Technical Issue,Low,2024-06-01 05:00:00,2024-06-01 08:45:36,A0056,
T0003641,KAYAK,social,TECHNICAL ISSUE,High,2025-02-10 16:58:00,2025-02-10 22:21:24,A0043,3
T0004894,priceline,email,Cancellation,Urgent,2024-08-13 14:23:00,,A0021,
T0001006,agoda,chat,booking change,Low,05/08/2024 11:33,2024-08-05 20:38:24,A0042,
T0004798,KAYAK,chat,TECHNICAL ISSUE,Urgent,28/09/2024 06:57,2024-09-28 08:18:36,A0002,
T0000137,priceline,phone,TECHNICAL ISSUE,Urgent,2024-09-12 00:04:00,2024-09-12 06:07:36,A0059,
T0001867,Booking.com,social,General Query,Medium,2025-02-07 06:59:00,2025-02-07 16:27:48,A0037,10
T0000195,KAYAK,social,General Query,High,2024-07-29 00:31:00,2024-07-29 13:37:00,A0029,3
T0000058,Booking.com,PHONE,Cancellation ,Low,2025-05-01 14:02:00,2025-05-01 19:23:00,A0013,
T0000424,KAYAK,social,Technical Issue,Urgent,2024-09-23 09:26:00,2024-09-24 09:16:24,A0014,4
T0001913,priceline,PHONE,Cancellation,High,26/09/2024 08:54,2024-09-26 10:22:48,A0049,3
T0000450,priceline,email,Billing,Urgent,07/06/2024 12:40,2024-06-07 20:37:36,A0052,4
T0002127,Booking.com,Email,GENERAL QUERY,High,21/11/2024 00:51,2024-11-21 04:31:12,A0035,3
T0001118,Booking.com,PHONE,General Query,Medium,2024-11-14 16:03:00,2024-11-14 18:40:12,A0036,4
T0004193,agoda,e-mail,Billing,Medium,2024-12-16 23:40:00,2024-12-17 01:26:48,A0042,1
T0002324,Booking.com,phone,Billing,Urgent,2024-06-26 07:01:00,2024-06-27 06:03:24,A0056,
T0003010,KAYAK,chat,general query,High,2025-04-26 14:49:00,2025-04-27 00:16:00,A0019,
T0004418,priceline,phone,Billing,Low,2025-03-13 23:14:00,2025-03-13 23:33:12,A0053,3
T0003203,priceline,chat,BILLING,Medium,2024-09-14 12:32:00,,A0015,
T0004232,Booking.com,PHONE,Technical Issue,Medium,2024-08-06 11:00:00,2024-08-07 08:55:12,,
T0001966,KAYAK,social,booking change,Urgent,2024-12-02 15:52:00,2024-12-02 21:56:12,A0014,
T0003349,agoda,CHAT,Cancellation,Low,2024-08-11 15:48:00,2024-08-11 20:20:24,A0055,1
T0000453,KAYAK,email,billing,Low,2025-03-10 20:46:00,2025-03-10 22:13:36,A0049,
T0002516,priceline,email,Technical Issue ,Low,2024-06-19 00:29:00,2024-06-19 22:38:36,A0036,3
T0002134,agoda,e-mail,Technical Issue,Medium,10/10/2024 22:06,2024-10-11 06:35:24,A0012,4
T0002023,Booking.com,PHONE,Technical Issue,Medium,2024-10-31 17:46:00,2024-10-31 18:02:12,A0031,5
T0002274,Booking.com,chat,General Query,High,17/03/2025 13:21,2025-03-17 15:34:12,A0004,5
T0002550,agoda,chat,CANCELLATION,High,2024-09-02 03:53:00,2024-09-03 00:12:12,A0002,4
T0004937,KAYAK,phone,Booking Change,Medium,2025-05-04 11:45:00,2025-05-04 15:09:36,A0019,
T0000209,KAYAK,phone,Booking Change,Low,14/03/2025 08:23,2025-03-15 07:12:48,A0060,4
T0001055,agoda,social,Technical Issue ,High,2025-05-16 04:39:00,2025-05-17 03:01:12,A0036,1
T0001814,KAYAK,social,technical issue,Medium,2024-09-27 12:36:00,2024-09-27 18:43:48,,5
T0001287,KAYAK,phone,Cancellation,High,2025-01-18 03:13:00,2025-01-18 08:03:24,A0046,6
T0002117,agoda,CHAT,Booking Change,Low,2024-12-11 15:07:00,,A0037,
T0003772,priceline,phone,Cancellation,Low,06/04/2025 11:37,2025-04-06 21:37:36,A0031,3
T0003736,agoda,PHONE,General Query,High,2024-11-02 16:45:00,2024-11-02 18:57:36,A0017,3
T0000913,KAYAK,social,Cancellation,High,2024-07-30 17:15:00,2024-08-01 06:20:24,A0030,1
T0001775,Booking.com,phone,Cancellation,High,2024-10-04 20:53:00,2024-10-05 00:05:00,A0059,4
T0000901,priceline,e-mail,General Query,High,2024-06-18 02:12:00,2024-06-18 11:46:12,A0017,
T0004919,agoda,social,booking change,Urgent,2024-07-19 09:35:00,2024-07-19 11:30:12,A0010,2
T0001548,priceline,phone,Booking Change,Urgent,2025-05-01 04:20:00,2025-05-01 23:44:00,A0038,1
T0004163,agoda,email,Billing,Low,2024-09-15 00:09:00,2024-09-15 12:30:36,A0007,4
T0001249,agoda,SOCIAL,Technical Issue,High,2024-06-25 06:39:00,2024-06-25 10:50:24,A0053,
T0000237,priceline,email,General Query,Low,11/09/2024 14:58,2024-09-11 23:53:12,A0018,
T0004432,KAYAK,phone,Technical Issue,Low,2024-08-29 00:39:00,2024-08-29 11:53:24,A0037,
T0001752,KAYAK,chat,Technical Issue,Low,2025-01-21 07:28:00,2025-01-21 13:17:48,A0051,10
T0001255,agoda,chat,GENERAL QUERY,Medium,2024-08-14 18:26:00,,A0054,
T0001976,priceline,e-mail,Booking Change,Medium,04/02/2025 13:46,2025-02-04 19:22:36,A0006,
T0000859,agoda,chat,Booking Change,Urgent,2024-09-13 22:17:00,2024-09-14 01:38:00,A0060,3
T0002986,agoda,phone,Technical Issue,Urgent,2024-11-23 12:18:00,2024-11-23 14:12:36,A0045,
T0001677,Booking.com,social,GENERAL QUERY,Urgent,2024-06-27 07:34:00,2024-06-27 17:05:48,A0049,2
T0003423,Booking.com,chat,Billing,Low,24/07/2024 06:33,2024-07-24 19:55:48,A0019,5
T0001590,KAYAK,social,Bill,High,24/10/2024 00:56,2024-10-24 03:43:24,A0056,
T0004283,KAYAK,email,General Query,Low,2024-07-11 23:13:00,2024-07-12 12:11:12,A0007,2
T0004908,priceline,chat,technical issue,Medium,2024-11-15 12:46:00,2024-11-15 17:14:12,A0007,1
T0001568,priceline,social,Billing,High,2024-08-18 19:29:00,2024-08-18 20:20:36,A0046,6
T0001113,Booking.com,chat,Technical Issue,Urgent,22/09/2024 09:18,2024-09-22 13:31:48,A0048,3
T0000208,priceline,phone,Technical Issue,High,2025-01-03 11:34:00,2025-01-04 03:50:12,A0042,10
T0002891,priceline,Email,Booking Change ,High,2025-01-21 04:43:00,2025-01-21 06:08:12,A0037,2
T0002372,agoda,social,Billing,Urgent,13/07/2024 19:55,2024-07-13 21:50:12,A0026,
T0003131,Booking.com,social,TECHNICAL ISSUE,High,2024-12-22 08:00:00,2024-12-23 12:23:24,A0003,4
T0001642,Booking.com,email,Billing,Medium,2024-06-26 12:04:00,2024-06-26 21:23:48,A0034,3
T0004648,KAYAK,phone,Cancellation,Medium,24/10/2024 14:22,2024-10-24 14:51:24,A0039,
T0000079,KAYAK,Email,Cancellation,High,2025-01-25 02:47:00,2025-01-25 04:31:24,A0041,
T0001550,Booking.com,social,technical issue,Urgent,2024-06-19 17:34:00,2024-06-19 17:47:12,A0021,2
T0003004,Booking.com,email,General Query,Urgent,2024-12-01 20:42:00,2024-12-01 22:25:12,A0004,4
T0002373,Booking.com,chat,cancellation,Medium,2025-05-30 23:43:00,2025-05-31 00:16:00,A0018,1
T0002379,KAYAK,social,Booking Change,Low,2025-02-13 21:53:00,2025-02-14 06:53:36,A0013,
T0002420,agoda,chat,BOOKING CHANGE,High,2024-07-07 21:24:00,2024-07-08 07:46:48,A0012,
T0004185,Booking.com,social,Cancellation,Medium,2025-02-08 02:38:00,2025-02-08 04:56:00,A0024,4
T0001299,Booking.com,chat,General Query ,High,2025-05-01 14:37:00,,A0039,
T0000571,Booking.com,social,Cancellation ,High,2024-10-26 03:16:00,2024-10-26 03:42:24,A0058,
T0004125,Booking.com,email,cancellation,High,2024-11-27 21:41:00,2024-11-29 18:43:24,A0017,
T0001834,agoda,social,General Query,Urgent,2024-12-02 13:43:00,2024-12-03 01:20:48,A0044,5
T0002930,KAYAK,phone,billing,Medium,2024-12-04 23:57:00,2024-12-05 04:52:12,A0056,4
T0004709,KAYAK,phone,General Query ,High,2024-06-15 03:28:00,2024-06-15 05:47:12,A0006,4
T0001329,KAYAK,chat,Cancellation,Low,30/01/2025 06:02,2025-01-30 13:51:48,A0027,5
T0002033,Booking.com,chat,BILLING,Medium,2024-08-21 18:26:00,2024-08-22 08:24:48,A0039,1
T0004972,Booking.com,social,Cancellation,Urgent,2024-11-13 08:08:00,2024-11-13 09:46:24,A0035,
T0002229,KAYAK,chat,Technical Issue,High,2024-12-04 18:19:00,2024-12-05 01:55:36,A0003,2
T0004241,priceline,social,billing,Urgent,2025-01-07 00:08:00,2025-01-07 10:31:24,A0004,1
T0002038,Booking.com,email,Booking Change,Low,2025-01-10 16:03:00,,A0007,
T0003185,Booking.com,phone,Cancellation,Medium,2024-10-20 16:57:00,2024-10-20 22:07:48,A0055,
T0004062,Booking.com,chat,Cancellation ,High,2025-02-23 03:54:00,,A0031,
T0004618,KAYAK,social,General Query,Low,2025-04-08 18:20:00,2025-04-10 04:20:36,A0003,1
T0003055,KAYAK,phone,Booking Change,Low,2025-03-20 01:25:00,2025-03-20 03:24:24,A0057,5
T0002931,Booking.com,CHAT,BOOKING CHANGE,High,2025-03-21 20:49:00,2025-03-21 23:50:48,A0032,3
T0000741,agoda,email,booking change,Low,2024-12-25 13:49:00,2024-12-26 04:28:00,A0034,7
T0004588,KAYAK,PHONE,Billing,Urgent,2025-01-18 14:18:00,2025-01-19 05:01:48,A0054,1
T0001333,agoda,email,Booking Change,Medium,2025-04-28 08:51:00,2025-04-28 09:08:24,A0060,
T0002796,Booking.com,chat,Billing,High,2024-06-25 02:25:00,2024-06-25 04:29:12,A0051,4
T0002802,Booking.com,social,Billing,Medium,18/07/2024 10:22,2024-07-18 20:38:48,A0029,1
T0000995,agoda,phone,Billing,Medium,2024-08-19 07:10:00,2024-08-19 07:31:00,A0060,5
T0004494,agoda,phone,Booking Change,High,2025-01-01 07:24:00,2025-01-01 10:33:36,A0006,
T0002339,agoda,chat,Cancellation,Urgent,07/11/2024 06:12,,A0049,
T0004833,priceline,phone,Booking Change,Medium,08/09/2024 05:54,2024-09-08 09:21:00,A0018,4
T0002278,priceline,chat,Technical Issue,Medium,20/12/2024 20:00,2024-12-21 17:55:12,A0048,5
T0004254,priceline,phone,Billing ,Low,2025-04-18 01:42:00,2025-04-18 10:01:48,A0005,4
T0003835,priceline,phone,General Query,Low,2024-09-29 14:33:00,,A0007,
T0002897,KAYAK,email,Booking Change,High,15/03/2025 09:16,2025-03-15 12:32:12,A0040,1
T0000743,agoda,chat,Billing,Urgent,2024-12-27 14:07:00,2024-12-28 00:21:24,A0016,6
T0003556,KAYAK,PHONE,Booking Change,Urgent,13/07/2024 17:37,2024-07-13 23:22:00,A0043,4
T0003222,agoda,email,Booking Change,High,2024-09-22 01:08:00,2024-09-22 02:38:00,A0022,1
T0003056,Booking.com,chat,Technical Issue ,Medium,2024-07-23 08:10:00,2024-07-24 02:31:36,A0060,2
T0000559,KAYAK,phone,technical issue,Medium,2024-09-23 15:05:00,,A0045,
T0000737,KAYAK,email,Technical Issue,Low,28/12/2024 00:07,2024-12-28 05:01:36,A0032,3
T0002598,priceline,phone,Billing,Low,2024-06-11 17:04:00,2024-06-12 01:51:24,A0058,4
T0002012,agoda,email,General Query ,High,23/10/2024 02:37,2024-10-23 04:40:00,A0056,1
T0000229,Booking.com,phone,Technical Issue,Low,2024-09-12 04:27:00,,A0046,
T0002815,KAYAK,phone,Technical Issue ,High,2024-07-01 00:18:00,2024-07-01 03:36:36,A0008,2
T0003383,KAYAK,chat,Billing ,Medium,2024-12-17 12:25:00,2024-12-17 13:07:00,A0006,
T0004091,priceline,phone,Billing,Low,15/06/2024 22:26,2024-06-15 23:17:00,A0034,
T0003389,Booking.com,phone,Technical Issue,Urgent,2024-07-13 10:19:00,2024-07-13 19:34:00,A0016,
T0001901,KAYAK,phone,cancellation,Urgent,2024-07-03 09:32:00,2024-07-03 13:21:48,A0045,
T0000388,KAYAK,email,General Query,Low,28/10/2024 02:59,2024-10-28 20:58:24,A0051,4
T0001837,Booking.com,Email,GENERAL QUERY,Medium,2024-09-22 03:39:00,2024-09-22 07:13:12,A0010,3
T0004489,KAYAK,social,GENERAL QUERY,Low,2024-07-31 04:22:00,2024-07-31 07:06:24,A0004,2
T0000501,KAYAK,chat,General Query,Medium,2024-12-20 04:49:00,2024-12-20 05:25:00,A0025,
T0002244,KAYAK,phone,General Query ,Urgent,2025-03-09 18:49:00,2025-03-09 19:56:48,A0036,
T0000630,KAYAK,email,Technical Issue,Medium,2024-09-30 20:39:00,2024-10-01 10:34:12,A0049,3
T0004420,KAYAK,phone,Booking Change,Low,2024-12-05 13:35:00,2024-12-05 14:38:36,A0001,2
T0004440,Booking.com,Email,General Query,High,2024-12-15 20:23:00,2024-12-15 21:50:36,A0024,
T0002428,KAYAK,phone,Billing,Medium,18/01/2025 09:49,2025-01-18 11:52:00,A0023,6
T0003714,Booking.com,phone,booking change,Urgent,12/06/2024 15:03,,A0005,
T0003983,agoda,chat,Booking Change,Low,2025-02-26 11:44:00,2025-02-26 12:58:24,A0024,7
T0002677,KAYAK,chat,TECHNICAL ISSUE,High,2024-10-14 23:39:00,2024-10-14 23:52:48,A0054,
T0001064,KAYAK,email,General Query,Urgent,24/07/2024 03:34,2024-07-24 04:58:36,A0019,1
T0002079,priceline,chat,Booking Change,High,2024-09-29 20:05:00,2024-09-30 09:30:48,A0032,4
T0000558,KAYAK,phone,Billing,Low,2025-03-08 03:13:00,2025-03-08 19:29:12,A0023,
T0004354,agoda,chat,General Query,High,2025-02-13 05:28:00,2025-02-13 15:52:00,A0029,
T0002081,agoda,CHAT,Billing,Low,2024-11-09 05:15:00,2024-11-09 07:13:12,,
T0003868,KAYAK,chat,booking change,Low,2025-01-17 21:57:00,2025-01-18 23:53:24,A0031,
T0001128,Booking.com,Email,General Query,Low,2025-02-12 15:57:00,2025-02-12 16:54:00,A0033,2
T0003005,Booking.com,chat,Booking Change,Urgent,28/02/2025 20:56,2025-03-02 22:09:12,A0038,
T0002498,KAYAK,phone,Billing,Low,2024-06-30 05:58:00,2024-06-30 09:14:12,A0010,
T0001230,KAYAK,chat,GENERAL QUERY,Low,2025-03-16 23:32:00,2025-03-17 00:12:48,A0019,3
T0004870,KAYAK,chat,Booking Change,High,2024-12-25 19:45:00,2024-12-25 23:34:48,A0036,4
T0000240,agoda,phone,Technical Issue,Medium,2025-02-20 03:29:00,2025-02-20 15:57:12,A0056,
T0003866,KAYAK,phone,Cancellation,High,2025-01-09 04:48:00,2025-01-09 08:57:00,A0032,8
T0000181,KAYAK,phone,billing,Low,2025-01-09 15:12:00,2025-01-09 18:30:36,A0002,3
T0001448,agoda,social,Cancellation ,Low,2025-02-08 03:00:00,2025-02-08 17:08:24,A0051,
T0000263,agoda,phone,Booking Change ,Low,2025-03-28 18:32:00,2025-03-28 22:42:48,A0027,
T0003181,KAYAK,chat,Booking Change,Low,2024-06-13 13:28:00,2024-06-13 15:54:24,A0043,
T0004767,agoda,e-mail,billing,Urgent,2025-05-19 12:34:00,2025-05-20 11:14:48,A0023,4
T0001320,agoda,phone,Billing,Medium,2024-07-20 11:50:00,2024-07-20 21:20:00,A0033,8
T0002223,Booking.com,Email,Billing,Urgent,2024-07-18 11:27:00,2024-07-18 12:00:00,A0038,2
T0000410,KAYAK,Email,GENERAL QUERY,Medium,2024-11-11 18:08:00,2024-11-11 21:57:12,,1
T0003894,Booking.com,email,Booking Change,Medium,2024-11-03 15:24:00,2024-11-03 15:43:48,A0055,1
T0003171,agoda,chat,General Query,Urgent,2024-12-15 07:50:00,,A0015,
T0000865,KAYAK,phone,Cancellation ,Urgent,2025-02-08 19:01:00,,A0049,
T0000293,priceline,social,Cancellation ,Medium,2024-06-15 10:24:00,2024-06-15 15:16:48,A0001,
T0003631,Booking.com,social,Booking Change,High,26/07/2024 03:47,2024-07-26 15:19:24,A0023,4
T0003195,KAYAK,social,Booking Change,Medium,2024-10-02 09:49:00,2024-10-03 08:26:48,A0012,1
T0000265,agoda,e-mail,general query,High,2025-03-22 15:52:00,2025-03-22 22:08:48,A0059,
T0001454,agoda,Email,Booking Change,High,02/06/2024 02:12,2024-06-02 03:35:24,A0031,5
T0003237,Booking.com,phone,Technical Issue ,Low,2025-04-06 11:06:00,2025-04-06 17:02:24,A0056,
T0000663,Booking.com,phone,Cancellation,Low,2025-05-09 08:12:00,2025-05-09 15:38:24,A0035,
T0004287,KAYAK,social,Booking Change,Urgent,2024-07-16 15:19:00,2024-07-16 22:28:00,A0017,2
T0001758,KAYAK,social,General Query,Medium,2025-04-02 01:36:00,2025-04-02 05:15:00,A0056,2
T0003035,Booking.com,email,Technical Issue,Low,05/09/2024 11:31,2024-09-05 12:06:24,A0002,6
T0004097,agoda,social,Billing,Urgent,2024-11-17 09:24:00,2024-11-18 11:02:24,A0011,
T0002083,KAYAK,social,Booking Change,High,2025-02-08 15:13:00,2025-02-08 22:08:12,A0026,6
T0001755,Booking.com,chat,Billing ,High,2025-02-27 08:50:00,2025-02-27 09:07:24,A0059,
T0004412,Booking.com,phone,GENERAL QUERY,High,2025-04-21 14:03:00,2025-04-21 15:34:48,A0050,9
T0002254,agoda,chat,Technical Issue,High,01/03/2025 13:14,2025-03-01 14:33:12,A0008,1
T0000207,priceline,Email,booking change,Low,2025-03-16 20:20:00,2025-03-17 04:08:36,A0023,
T0002176,agoda,chat,booking change,High,2024-09-17 15:16:00,2024-09-17 21:30:24,A0055,3
T0001331,agoda,email,Technical Issue ,Medium,2024-09-03 16:24:00,2024-09-03 17:47:24,A0011,5
T0002525,priceline,phone,Technical Issue,Medium,2025-02-20 17:46:00,2025-02-21 14:09:24,A0029,
T0001781,agoda,email,TECHNICAL ISSUE,Urgent,2024-08-15 17:38:00,2024-08-16 03:17:00,A0057,5
T0001819,KAYAK,Email,Billing,Low,08/03/2025 17:04,2025-03-08 19:55:00,A0007,9
T0000918,Booking.com,chat,General Query,High,2024-06-08 02:44:00,2024-06-08 08:39:48,A0001,5
T0004851,agoda,phone,CANCELLATION,High,2024-06-30 19:31:00,2024-07-01 07:13:36,A0036,
T0004005,Booking.com,phone,billing,High,2024-06-28 12:56:00,2024-06-29 00:29:36,A0045,3
T0001596,agoda,Email,General Query ,Urgent,21/03/2025 13:50,2025-03-21 23:44:00,A0060,5
T0000845,agoda,chat,Booking Change,Urgent,2024-12-27 15:00:00,,A0004,
T0001922,agoda,phone,Technical Issue ,Urgent,2024-12-08 07:14:00,2024-12-08 16:00:48,A0023,3
T0001315,Booking.com,social,General Query,High,2025-05-19 03:45:00,2025-05-19 16:31:12,A0035,3
T0000397,agoda,PHONE,Booking Change,Urgent,2024-11-28 08:03:00,,A0028,
T0000377,agoda,SOCIAL,Cancellation,Low,2025-05-09 03:43:00,2025-05-09 04:46:00,A0033,1
T0003703,Booking.com,PHONE,Cancellation,Urgent,14/08/2024 08:20,2024-08-14 11:37:24,A0030,6
T0003230,agoda,email,Billing,Urgent,2025-03-13 15:21:00,2025-03-14 03:48:36,A0057,
T0001960,Booking.com,phone,BOOKING CHANGE,Medium,2024-09-23 10:13:00,2024-09-23 13:55:36,A0045,
T0000067,priceline,email,Technical Issue,Urgent,29/04/2025 13:19,2025-04-29 17:57:24,A0049,4
T0002166,KAYAK,CHAT,Cancellation,High,2024-12-17 23:34:00,,A0005,
T0002508,priceline,social,Technical Issue,Urgent,16/09/2024 16:50,2024-09-16 20:05:00,A0026,4
T0004968,KAYAK,chat,BOOKING CHANGE,Low,2024-10-12 18:43:00,2024-10-12 23:10:36,A0060,4
T0003136,Booking.com,social,Booking Change,Low,2024-09-13 23:44:00,2024-09-14 05:18:12,A0059,1
T0004722,priceline,phone,Booking Change,Low,2024-08-22 01:08:00,2024-08-22 02:05:00,A0054,4
T0004251,KAYAK,email,CANCELLATION,Urgent,2024-10-19 20:40:00,2024-10-20 06:47:48,A0026,
T0000813,priceline,social,GENERAL QUERY,Low,2024-09-28 08:08:00,2024-09-28 13:08:00,A0055,
T0004029,priceline,phone,cancellation,Low,2024-06-28 21:17:00,2024-06-29 09:50:36,A0011,
T0004892,agoda,chat,General Query,Medium,2024-10-10 09:40:00,2024-10-10 20:32:48,A0057,7
T0003326,Booking.com,email,Technical Issue,High,2025-04-20 02:30:00,2025-04-20 10:48:36,A0003,1
T0001478,Booking.com,social,Cancellation,Low,2024-07-19 16:16:00,2024-07-19 20:06:24,A0041,
T0002924,agoda,chat,General Query,Medium,2025-04-13 01:25:00,2025-04-13 05:11:48,A0053,3
T0002201,KAYAK,email,Billing,Urgent,2025-05-03 00:30:00,2025-05-03 01:49:12,A0030,1
T0002222,priceline,social,Booking Change,Low,04/05/2025 21:52,2025-05-04 23:41:12,A0031,
T0000528,priceline,email,GENERAL QUERY,Urgent,29/01/2025 21:49,2025-01-30 02:13:36,A0022,4
T0001343,agoda,Email,Cancellation,High,2024-07-14 04:29:00,,A0033,
T0000008,Booking.com,phone,general query,Low,2024-08-17 18:57:00,2024-08-18 03:40:48,A0052,4
T0004451,priceline,social,Technical Issue,Urgent,24/01/2025 07:26,2025-01-24 14:03:48,A0043,1
T0003932,agoda,phone,Billing,Medium,2024-11-26 05:33:00,2024-11-26 08:33:00,A0004,3
T0003407,agoda,chat,Cancellation,Urgent,2025-05-02 10:45:00,2025-05-02 11:14:24,A0029,
T0001049,Booking.com,phone,BOOKING CHANGE,Low,2024-12-05 19:58:00,2024-12-05 23:43:00,A0054,2
T0004639,priceline,phone,Cancellation,Urgent,2024-11-25 10:46:00,2024-11-26 06:05:48,A0016,3
T0002338,priceline,social,General Query,High,2024-06-24 10:11:00,2024-06-24 12:05:36,A0047,4
T0003717,Booking.com,chat,General Query,High,08/04/2025 15:10,2025-04-09 03:35:48,A0030,8
T0000776,Booking.com,SOCIAL,Technical Issue,Low,05/06/2024 19:35,,A0035,
T0003502,Booking.com,PHONE,Booking Change,Urgent,2024-06-04 10:53:00,2024-06-04 20:24:48,A0051,3
T0000695,KAYAK,phone,Technical Issue,Urgent,2025-04-26 06:15:00,2025-04-26 15:30:36,A0041,3
T0002472,agoda,social,Cancellation,High,31/10/2024 14:17,2024-11-01 03:21:12,A0037,
T0003794,priceline,phone,booking change,Low,2024-12-06 17:56:00,2024-12-07 04:20:36,,3
T0003186,agoda,chat,BILLING,High,2025-02-21 10:54:00,2025-02-21 14:42:36,A0057,4
T0004568,KAYAK,social,General Query,Urgent,2024-12-24 05:02:00,2024-12-25 02:12:12,A0049,7
T0000924,Booking.com,PHONE,general query,High,2025-05-05 11:40:00,2025-05-05 19:48:24,A0032,
T0000974,agoda,chat,Billing,Medium,2024-06-09 06:06:00,2024-06-09 20:46:12,A0021,2
T0002588,KAYAK,phone,Technical Issue,Low,2025-02-24 20:22:00,2025-02-24 23:20:12,A0028,7
T0003990,priceline,phone,Technical Issue,High,2024-06-26 18:21:00,,A0017,
T0003713,priceline,email,Bill,Low,26/07/2024 05:02,2024-07-26 05:47:36,A0037,2
T0000897,KAYAK,phone,technical issue,Urgent,2024-06-25 00:40:00,2024-06-26 01:52:00,A0037,1
T0002572,KAYAK,email,Cancellation,Urgent,2025-02-14 13:34:00,2025-02-14 20:34:00,A0029,2
T0002412,KAYAK,phone,Technical Issue,Urgent,2025-01-29 22:28:00,2025-01-30 12:36:24,A0040,3
T0000173,KAYAK,email,BILLING,High,2025-02-22 08:59:00,2025-02-21 21:59:00,A0014,3
T0001612,agoda,e-mail,technical issue,Low,2025-01-19 21:57:00,2025-01-20 01:57:00,A0059,
T0003162,KAYAK,phone,Cancellation,Urgent,01/06/2025 03:09,2025-06-01 13:02:24,A0059,1
T0001276,agoda,social,General Query,Low,2024-07-09 19:44:00,2024-07-09 22:17:36,A0018,
T0001289,Booking.com,social,General Query,Low,2025-04-29 13:43:00,2025-04-29 16:07:36,A0058,5
T0004007,agoda,phone,Billing,Urgent,2025-05-11 22:04:00,2025-05-12 03:47:48,A0018,
T0002206,priceline,email,Booking Change,High,2024-07-03 09:18:00,2024-07-03 16:36:36,A0037,3
T0003232,Booking.com,social,General Query,Medium,11/05/2025 06:02,,A0004,
T0000384,Booking.com,social,Booking Change,Low,2025-05-28 16:27:00,,A0019,
T0002435,agoda,chat,Billing,Urgent,2025-05-21 04:09:00,,A0022,
T0004948,agoda,email,Booking Change,Low,2024-10-19 03:01:00,2024-10-19 05:52:36,A0058,3
T0003330,KAYAK,email,BILLING,Low,04/04/2025 08:50,2025-04-04 15:14:00,A0027,7
T0001367,Booking.com,chat,Billing,High,2025-03-10 01:14:00,2025-03-10 13:50:00,A0026,3
T0001269,Booking.com,chat,Booking Change,Low,13/12/2024 17:03,2024-12-14 08:27:00,A0016,9
T0003635,priceline,Email,booking change,Urgent,2025-04-09 05:14:00,2025-04-10 01:43:24,A0004,3
T0004363,priceline,chat,Billing,Medium,2024-12-05 11:33:00,2024-12-07 14:30:36,A0023,1
T0000876,priceline,chat,Cancellation,Urgent,2024-09-27 23:32:00,2024-09-28 01:17:36,A0046,5
T0000554,priceline,phone,Technical Issue,Urgent,2024-10-31 03:31:00,2024-10-31 04:18:24,A0002,3
T0000476,agoda,chat,Technical Issue,Low,22/04/2025 14:51,2025-04-22 23:53:24,A0019,5
T0002513,agoda,SOCIAL,Technical Issue,Low,2025-02-12 18:02:00,2025-02-12 18:36:48,A0048,
T0001212,KAYAK,phone,Booking Change,Urgent,2024-12-21 14:23:00,2024-12-25 01:04:24,A0037,
T0004076,Booking.com,chat,General Query,Urgent,2025-02-02 04:44:00,2025-02-02 05:22:24,A0017,1
T0003903,KAYAK,social,Cancellation,Low,2024-12-10 16:25:00,2024-12-11 05:05:48,A0052,
T0000472,priceline,chat,Billing,Urgent,2024-08-08 19:45:00,2024-08-08 23:56:24,A0015,3
T0000199,priceline,email,Technical Issue,Low,30/11/2024 18:36,2024-12-01 19:58:12,A0024,
T0003003,agoda,phone,Technical Issue,High,2025-01-22 16:06:00,2025-01-23 06:33:00,A0050,2
T0002389,priceline,email,General Query,Urgent,2024-09-06 04:58:00,2024-09-06 05:46:00,A0056,
T0001189,agoda,chat,GENERAL QUERY,Urgent,25/03/2025 05:48,2025-03-25 09:27:36,A0058,1
T0000938,agoda,email,Cancellation,Urgent,2025-05-22 23:40:00,2025-05-23 02:07:36,A0033,5
T0004613,agoda,phone,Billing,Urgent,2025-03-02 13:44:00,2025-03-03 19:03:12,A0002,5
T0000050,Booking.com,email,Booking Change,Urgent,2025-03-15 06:24:00,2025-03-15 20:23:24,A0013,
T0001167,agoda,chat,Cancellation,High,2025-02-26 17:09:00,2025-02-26 20:57:00,A0049,5
T0004466,Booking.com,chat,technical issue,High,2024-12-09 05:57:00,2024-12-09 07:02:24,A0029,5
T0003067,Booking.com,phone,general query,Medium,2024-12-27 02:59:00,2024-12-27 06:40:24,A0059,
T0004647,priceline,chat,Billing,High,2025-04-06 18:57:00,2025-04-06 20:14:24,A0055,3
T0003711,priceline,phone,Technical Issue,Urgent,2024-07-20 08:22:00,2024-07-20 08:46:00,A0015,4
T0000516,agoda,social,Billing,Medium,2024-12-11 17:56:00,2024-12-11 19:29:36,A0044,10
T0001237,Booking.com,Email,Booking Change,Medium,2025-02-20 08:03:00,2025-02-20 11:43:12,A0059,
T0000187,Booking.com,social,GENERAL QUERY,Low,2025-03-05 10:33:00,2025-03-06 15:09:36,A0047,
T0004206,agoda,chat,TECHNICAL ISSUE,Medium,2024-06-14 20:09:00,2024-06-14 22:43:48,A0011,
T0004537,agoda,social,Technical Issue ,Medium,2025-02-08 18:12:00,2025-02-08 23:52:48,A0003,4
T0003187,Booking.com,social,Billing,Low,2024-10-25 09:02:00,2024-10-25 10:59:36,A0041,1
T0004634,Booking.com,chat,Technical Issue ,High,2025-02-27 04:59:00,2025-02-27 08:25:24,A0012,4
T0004355,priceline,email,general query,High,2024-09-04 18:45:00,2024-09-04 19:40:48,A0039,1
T0002203,agoda,social,BOOKING CHANGE,Medium,2024-06-15 13:22:00,2024-06-15 19:06:24,A0039,2
T0000991,KAYAK,e-mail,Cancellation ,High,03/04/2025 04:17,2025-04-03 05:22:24,A0054,3
T0001435,KAYAK,email,Booking Change,Medium,2024-10-25 09:59:00,2024-10-25 19:18:12,A0025,2
T0004272,Booking.com,Email,General Query,High,07/09/2024 12:48,2024-09-07 17:04:48,A0026,5
T0004248,priceline,chat,Booking Change,Low,2025-03-30 20:32:00,2025-03-30 22:32:00,A0037,
T0002999,Booking.com,phone,General Query,High,08/11/2024 13:26,2024-11-09 01:09:12,A0054,6
T0004555,agoda,email,Billing,High,2024-07-13 17:45:00,2024-07-13 22:03:00,A0035,10
T0002027,KAYAK,social,Technical Issue,Urgent,2024-06-06 17:21:00,2024-06-07 09:54:00,A0056,4
T0004066,agoda,Email,General Query,High,2025-05-21 04:14:00,2025-05-21 15:32:00,A0053,4
T0004763,priceline,social,Technical Issue,Urgent,20/07/2024 21:30,2024-07-21 07:22:48,A0059,4
T0001039,KAYAK,chat,Technical Issue,Low,15/03/2025 10:34,2025-03-15 20:17:12,A0020,3
T0002895,priceline,social,billing,Low,2025-02-04 01:58:00,2025-02-04 06:08:48,A0003,4
T0000506,priceline,phone,Cancellation,Medium,2025-03-11 09:45:00,2025-03-11 11:43:12,A0050,
T0000642,KAYAK,social,Cancellation,Low,29/04/2025 23:33,2025-05-01 14:51:36,A0015,
T0002720,Booking.com,social,Technical Issue,High,2024-12-22 13:00:00,,A0054,
T0001816,Booking.com,chat,Technical Issue,Urgent,2024-07-06 18:13:00,2024-07-06 19:41:48,A0056,4
T0002188,Booking.com,phone,Booking Change,High,2024-06-28 02:18:00,2024-06-28 15:43:12,A0026,
T0001433,KAYAK,Email,Booking Change,Low,2024-10-23 15:40:00,2024-10-23 16:42:24,A0003,5
T0004600,agoda,social,Technical Issue,Low,2024-11-23 19:19:00,2024-11-24 09:39:24,A0004,
T0000653,agoda,chat,Technical Issue,Urgent,2024-11-18 21:57:00,2024-11-19 02:28:48,A0037,1
T0000684,Booking.com,social,Technical Issue,Medium,2024-09-08 17:56:00,2024-09-09 10:10:24,A0016,3
T0004542,Booking.com,social,general query,High,2024-12-28 19:41:00,2024-12-29 03:42:48,A0058,4
T0002956,agoda,social,General Query ,Low,2024-09-13 02:28:00,2024-09-13 14:02:48,A0043,4
T0002403,KAYAK,social,Cancellation,Medium,2024-08-03 07:58:00,2024-08-03 10:46:36,A0007,
T0000030,agoda,phone,Technical Issue,Medium,2024-06-07 15:03:00,2024-06-08 20:00:00,A0020,4
T0000886,Booking.com,chat,Billing,Medium,14/09/2024 02:35,2024-09-14 12:45:12,A0051,
T0000605,KAYAK,email,BOOKING CHANGE,Medium,2024-10-28 13:41:00,2024-10-28 21:39:12,A0006,4
T0000432,priceline,chat,Billing,Low,15/02/2025 22:52,2025-02-16 02:50:12,A0009,1
T0003199,agoda,email,Cancellation,Medium,2025-05-21 16:15:00,2025-05-21 22:37:12,A0030,2
T0003278,priceline,phone,Cancellation,Low,2024-12-02 21:28:00,2024-12-03 06:07:00,A0013,3
T0002486,priceline,Email,Technical Issue,High,2024-07-23 18:41:00,2024-07-24 06:27:48,A0056,6
T0004547,priceline,chat,Technical Issue,High,2024-10-31 06:16:00,2024-10-31 07:45:24,A0005,5
T0004703,agoda,phone,Cancellation,Low,2024-09-22 01:03:00,2024-09-22 02:42:00,A0026,
T0000124,agoda,CHAT,Technical Issue,Low,2024-09-07 02:11:00,2024-09-07 05:07:24,A0024,5
T0003160,agoda,email,Booking Change,Urgent,2025-01-10 09:17:00,2025-01-10 13:22:24,A0014,
T0001286,priceline,PHONE,Booking Change,Urgent,23/10/2024 09:09,,A0016,
T0002449,agoda,phone,Booking Change,Urgent,17/10/2024 21:01,,A0035,
T0003553,KAYAK,phone,CANCELLATION,Medium,2024-07-06 15:50:00,2024-07-06 17:33:12,A0021,
T0003616,Booking.com,e-mail,GENERAL QUERY,Medium,2024-10-10 06:23:00,2024-10-10 06:56:36,A0015,3
T0003670,agoda,phone,GENERAL QUERY,Low,03/07/2024 12:55,2024-07-03 16:15:24,A0052,4
T0001393,KAYAK,phone,Cancellation,Low,05/11/2024 02:04,2024-11-05 02:43:36,A0045,4
T0004536,priceline,social,cancellation,Urgent,2025-02-07 04:04:00,2025-02-07 17:37:00,A0056,3
T0003688,Booking.com,chat,cancellation,High,2024-07-08 00:08:00,2024-07-08 00:58:24,A0035,10
T0004085,agoda,chat,Technical Issue,Low,2024-07-01 23:25:00,,A0060,
T0002664,Booking.com,email,general query,Low,2024-09-14 13:11:00,2024-09-14 15:26:36,A0036,
T0004985,priceline,phone,General Query ,High,11/02/2025 19:53,2025-02-12 06:02:00,A0045,5
T0000016,priceline,phone,BILLING,Medium,2024-11-11 02:46:00,2024-11-11 06:16:00,A0057,4
T0001403,agoda,Email,CANCELLATION,Medium,2025-04-20 10:58:00,2025-04-21 04:25:36,A0043,1
T0002850,agoda,social,Billing,Medium,2024-09-25 08:30:00,2024-09-26 02:23:24,A0030,6
T0002331,Booking.com,phone,Billing,High,2025-05-27 09:34:00,2025-05-27 10:10:00,A0033,5
T0001327,KAYAK,social,Cancellation,Urgent,04/11/2024 16:02,2024-11-05 06:20:00,A0045,4
T0001402,priceline,chat,CANCELLATION,High,2024-06-27 05:37:00,2024-06-27 09:08:48,A0021,
T0000512,KAYAK,social,Bill,High,2024-10-12 10:03:00,2024-10-12 21:43:12,A0046,3
T0001101,Booking.com,chat,Technical Issue,Low,04/12/2024 13:03,,A0023,
T0004599,KAYAK,email,Technical Issue,High,13/10/2024 12:49,,A0017,
T0004749,Booking.com,social,BOOKING CHANGE,Urgent,2025-01-25 20:09:00,2025-01-26 03:13:12,A0020,
T0002721,KAYAK,social,General Query,Medium,2024-11-09 00:56:00,2024-11-09 12:09:12,A0049,
T0001999,priceline,email,General Query,Low,2025-02-11 00:12:00,2025-02-11 08:38:24,A0031,4
T0003090,agoda,chat,Technical Issue,Low,2024-08-16 03:00:00,2024-08-16 08:04:48,A0019,
T0001492,agoda,email,Cancellation,High,2025-04-29 07:04:00,2025-04-29 08:31:36,A0019,3
T0003404,priceline,chat,Billing,Low,2024-06-08 12:39:00,2024-06-08 16:01:12,A0026,
T0001394,KAYAK,email,Booking Change,Urgent,2025-02-13 22:34:00,2025-02-14 06:55:00,A0009,
T0004364,agoda,chat,Cancellation,High,2024-08-05 11:23:00,2024-08-05 20:41:00,A0032,5
T0000583,agoda,social,GENERAL QUERY,High,2025-04-06 23:41:00,2025-04-07 14:15:48,A0032,4
T0000245,priceline,chat,Cancellation,Urgent,2024-09-08 04:42:00,2024-09-08 06:24:36,A0007,3
T0002182,priceline,email,CANCELLATION,High,2025-03-15 13:15:00,2025-03-15 16:07:48,A0044,
T0000965,agoda,social,Technical Issue,High,19/09/2024 20:39,2024-09-20 01:51:36,A0030,5
T0000287,agoda,email,billing,Medium,11/05/2025 01:59,2025-05-11 09:05:00,A0040,4
T0000925,Booking.com,social,Booking Change ,Urgent,2025-01-19 15:44:00,2025-01-19 21:37:24,A0034,
T0004710,priceline,Email,cancellation,Urgent,2025-02-18 08:37:00,2025-02-18 13:49:00,A0013,
T0003836,Booking.com,email,Billing ,Urgent,2024-07-15 03:09:00,2024-07-15 16:26:24,A0007,
T0003424,priceline,email,Booking Change,Low,2024-10-20 08:41:00,2024-10-20 19:32:00,A0037,3
T0001536,KAYAK,chat,Billing,Medium,2024-06-30 05:06:00,2024-06-30 18:44:24,A0004,
T0002735,priceline,social,Booking Change,Urgent,2025-05-02 17:29:00,2025-05-03 02:56:00,A0018,4
T0004635,priceline,chat,Cancellation,Medium,2024-07-21 10:31:00,2024-07-21 16:22:00,A0036,1
T0000921,agoda,social,General Query,Urgent,2025-01-04 18:18:00,2025-01-05 02:05:24,A0048,5
T0000023,KAYAK,phone,Cancellation,High,2025-02-15 21:18:00,2025-02-16 06:56:24,A0016,3
T0001523,priceline,SOCIAL,Billing,Low,2024-12-20 02:31:00,2024-12-21 11:50:48,A0010,3
T0001831,priceline,phone,Cancellation,High,26/12/2024 18:22,2024-12-27 06:46:36,A0021,6
T0003319,agoda,phone,Booking Change,Low,2024-10-28 17:49:00,2024-10-29 04:51:24,A0032,
T0002156,KAYAK,chat,General Query,High,04/01/2025 14:31,2025-01-04 15:13:36,A0031,1
T0001250,priceline,phone,Booking Change,Low,2024-10-02 03:43:00,2024-10-02 16:33:24,A0036,2
T0001157,agoda,phone,Cancellation,Low,2024-06-27 09:31:00,2024-06-28 01:44:12,A0036,2
T0000212,KAYAK,CHAT,Billing ,Urgent,2025-05-12 11:03:00,2025-05-12 15:01:12,A0016,
T0004445,KAYAK,SOCIAL,Booking Change,Low,2024-08-22 19:49:00,2024-08-22 20:54:24,A0027,
T0004688,agoda,chat,Billing,Medium,06/11/2024 04:11,2024-11-06 14:21:48,A0001,3
T0000147,agoda,email,General Query,Urgent,2024-06-21 09:07:00,2024-06-21 17:39:24,A0008,5
T0002497,KAYAK,social,TECHNICAL ISSUE,Medium,05/04/2025 08:11,2025-04-06 20:08:00,A0045,9
T0002761,Booking.com,email,GENERAL QUERY,Low,2025-01-21 08:17:00,2025-01-21 09:18:12,A0012,6
T0004129,agoda,chat,Cancellation,High,2024-06-28 19:06:00,2024-06-28 20:50:24,A0050,2
T0003665,agoda,chat,Cancellation ,High,2024-06-28 00:51:00,2024-06-28 11:47:24,A0024,4
T0003807,Booking.com,chat,Cancellation,High,2024-09-06 09:26:00,2024-09-06 19:00:48,A0050,5
T0003269,agoda,phone,Billing,Low,2024-08-08 18:41:00,2024-08-09 01:48:12,A0001,4
T0004430,priceline,email,Booking Change,Medium,2025-02-01 21:51:00,,A0020,
T0004411,Booking.com,social,general query,High,2025-05-16 10:47:00,2025-05-17 00:07:24,A0003,3
T0002595,priceline,e-mail,General Query,Low,2024-12-13 09:42:00,2024-12-13 13:48:00,A0025,
T0001604,agoda,social,CANCELLATION,Low,2024-07-11 07:20:00,2024-07-11 15:39:12,A0002,10
T0004570,KAYAK,email,Cancellation,Low,2024-12-23 00:08:00,2024-12-23 02:50:36,A0015,3
T0002123,agoda,chat,Cancellation,Medium,2024-08-08 01:23:00,2024-08-08 08:05:00,A0025,
T0001514,Booking.com,social,General Query,Urgent,2025-02-01 14:28:00,,A0055,
T0004454,Booking.com,chat,Booking Change,Low,2025-01-11 20:43:00,2025-01-11 23:19:36,A0037,4
T0000345,agoda,chat,General Query,Medium,2025-01-06 02:11:00,2025-01-06 16:07:24,A0024,
T0003392,agoda,chat,CANCELLATION,Low,2024-12-26 20:29:00,2024-12-27 06:38:36,A0044,
T0004028,priceline,chat,GENERAL QUERY,High,2024-07-18 16:29:00,2024-07-19 00:08:36,A0038,
T0000779,KAYAK,chat,Billing,Medium,2024-11-21 20:20:00,2024-11-22 05:39:12,A0022,4
T0001762,KAYAK,social,cancellation,Low,2024-06-14 07:39:00,2024-06-14 08:10:12,A0023,
T0002407,priceline,email,Cancellation,Urgent,2025-05-08 07:35:00,2025-05-08 15:01:24,A0013,2
T0000615,Booking.com,chat,Booking Change,High,08/02/2025 16:53,2025-02-08 22:32:36,A0040,5
T0003487,KAYAK,Email,General Query,Medium,2025-02-12 20:14:00,2025-02-13 11:59:00,A0015,2
T0002943,agoda,e-mail,Booking Change,Medium,2025-03-12 07:50:00,2025-03-14 05:15:12,A0044,10
T0000249,Booking.com,phone,Technical Issue,Low,28/06/2024 15:50,2024-06-28 22:47:36,A0019,2
T0001141,agoda,email,Booking Change,High,2024-09-09 20:11:00,2024-09-09 21:41:36,A0037,5
T0003690,Booking.com,email,BOOKING CHANGE,Medium,2024-12-20 22:59:00,2024-12-21 02:18:12,A0028,
T0002017,priceline,Email,Technical Issue,Medium,23/07/2024 08:26,2024-07-23 09:35:36,A0055,3
T0004191,agoda,CHAT,Billing,Medium,2024-08-08 08:29:00,2024-08-08 08:54:48,A0034,5
T0001532,priceline,email,General Query,Urgent,2025-03-31 15:38:00,2025-04-01 02:14:36,A0054,
T0001294,KAYAK,chat,Cancellation,Urgent,12/10/2024 14:06,,A0021,
T0003922,Booking.com,Email,Booking Change,Medium,30/01/2025 11:15,2025-01-30 23:07:12,A0054,1
T0004020,KAYAK,phone,Cancellation,Low,2025-04-20 13:12:00,2025-04-21 07:52:12,A0007,1
T0003664,Booking.com,social,General Query ,High,2025-01-28 14:29:00,2025-01-28 22:31:24,A0019,5
T0001708,priceline,phone,Technical Issue,Low,2025-04-28 12:11:00,,A0049,
T0002569,agoda,chat,Technical Issue,High,2025-01-31 03:43:00,2025-01-31 04:56:48,A0034,4
T0002319,KAYAK,phone,TECHNICAL ISSUE,Medium,27/02/2025 08:14,2025-02-27 12:27:48,A0022,2
T0003523,KAYAK,phone,Billing,Medium,2024-10-16 02:29:00,2024-10-16 23:15:12,A0040,2
T0002579,agoda,email,Billing,Urgent,2024-09-05 07:00:00,,A0001,
T0001056,agoda,phone,Cancellation,Urgent,2025-04-20 10:43:00,2025-04-20 15:13:00,A0027,
T0004176,KAYAK,phone,Booking Change ,Medium,2025-02-13 06:29:00,2025-02-14 04:06:12,A0002,2
T0004789,agoda,chat,general query,Medium,2025-03-29 06:28:00,,A0040,
T0002993,agoda,e-mail,TECHNICAL ISSUE,Low,2024-10-29 07:37:00,2024-10-29 16:42:24,A0005,4
T0001599,priceline,SOCIAL,Cancellation,Urgent,2025-03-29 19:09:00,,A0001,
T0002868,KAYAK,social,Technical Issue,Urgent,2024-10-17 09:30:00,,A0021,
T0000627,Booking.com,social,Cancellation,Low,2024-07-25 15:56:00,2024-07-25 23:37:24,A0035,5
T0004049,priceline,PHONE,technical issue,Low,2024-12-15 15:31:00,2024-12-15 20:16:00,A0043,2
T0001703,priceline,e-mail,booking change,Medium,2024-06-13 15:54:00,2024-06-13 19:49:12,A0012,4
T0001885,agoda,chat,technical issue,Low,2024-06-03 00:09:00,2024-06-03 00:37:12,A0050,3
T0002710,Booking.com,SOCIAL,BILLING,Medium,2025-05-27 21:06:00,2025-05-28 04:44:24,A0038,
T0003861,agoda,email,TECHNICAL ISSUE,Low,2025-05-13 19:36:00,2025-05-13 22:57:00,A0046,5
T0000596,KAYAK,social,general query,Urgent,2024-08-25 13:01:00,2024-08-25 14:55:36,A0018,3
T0001150,agoda,chat,Technical Issue,Medium,2025-04-18 13:41:00,2025-04-19 09:36:48,A0058,4
T0001089,priceline,social,General Query,Medium,2025-01-12 06:20:00,2025-01-12 17:54:48,A0016,
T0001723,priceline,email,technical issue,High,2024-09-06 22:46:00,,A0044,
T0003976,Booking.com,phone,TECHNICAL ISSUE,Low,2024-10-17 09:41:00,,A0059,
T0004217,agoda,chat,Booking Change,Medium,28/07/2024 02:54,2024-07-28 11:25:12,A0017,
T0000418,agoda,e-mail,Booking Change,Medium,28/10/2024 21:55,2024-10-30 02:23:48,A0021,4
T0004828,priceline,social,booking change,Urgent,2025-02-04 13:53:00,2025-02-04 15:05:36,A0022,
T0002336,priceline,email,Billing,Low,14/12/2024 08:31,2024-12-14 14:45:24,A0055,1
T0001208,KAYAK,email,Booking Change,High,26/05/2025 22:55,,A0035,
T0004293,agoda,social,Billing ,Urgent,2024-10-02 03:04:00,2024-10-02 20:13:36,A0005,
T0004580,priceline,chat,Technical Issue,Urgent,2024-11-19 15:07:00,2024-11-19 18:10:00,A0053,
T0000495,Booking.com,chat,Technical Issue,Low,2024-08-17 01:45:00,2024-08-17 06:57:36,A0015,2
T0002795,KAYAK,phone,Booking Change ,Urgent,2024-06-05 15:10:00,2024-06-05 19:55:00,A0038,
T0000972,priceline,social,General Query,Medium,05/09/2024 22:54,2024-09-06 06:44:24,A0060,4
T0004736,KAYAK,social,Technical Issue,Urgent,2024-11-16 15:38:00,2024-11-17 05:29:00,A0037,
T0002344,agoda,social,Cancellation,Low,2025-03-01 09:56:00,2025-03-02 20:12:48,A0043,4
T0002952,priceline,Email,booking change,Low,08/11/2024 02:44,2024-11-08 06:42:12,A0002,7
T0002464,Booking.com,social,Billing,Low,03/05/2025 23:33,,A0017,
T0001480,agoda,email,Technical Issue,Urgent,29/07/2024 00:09,2024-07-29 00:41:24,A0040,10
T0000749,KAYAK,social,Billing,High,2024-12-29 11:20:00,,A0015,
T0002858,priceline,phone,Booking Change ,High,2024-10-18 07:20:00,2024-10-18 23:21:48,A0016,
T0000732,Booking.com,phone,General Query,Urgent,2024-09-16 13:42:00,2024-09-16 16:19:48,A0022,5
T0004282,Booking.com,chat,Technical Issue,High,2024-07-27 18:35:00,2024-07-27 19:25:24,A0021,1
T0004476,agoda,chat,TECHNICAL ISSUE,High,2024-07-31 07:55:00,2024-08-01 02:49:00,A0030,
T0001731,priceline,phone,Booking Change,Urgent,2025-03-16 21:01:00,2025-03-16 21:43:36,A0054,1
T0000462,KAYAK,social,Booking Change,Low,2024-07-30 00:25:00,2024-07-30 02:50:12,A0019,
T0004888,KAYAK,email,Billing,High,12/07/2024 06:31,2024-07-12 14:12:24,,5
T0004480,Booking.com,Email,general query,Urgent,2024-07-10 02:22:00,2024-07-10 06:28:00,A0043,2
T0001133,KAYAK,chat,Cancellation,High,2024-07-24 19:37:00,2024-07-24 22:48:24,A0009,2
T0001504,agoda,chat,Technical Issue,High,2024-12-01 15:46:00,2024-12-02 05:38:48,A0003,1
T0003375,agoda,chat,General Query ,Low,2025-02-08 18:28:00,2025-02-09 02:31:00,A0048,1
T0001728,agoda,chat,TECHNICAL ISSUE,High,25/04/2025 23:02,2025-04-26 01:06:12,A0055,
T0000652,agoda,social,General Query,Medium,2025-04-30 20:20:00,2025-04-30 21:49:24,A0017,5
T0002243,agoda,email,BOOKING CHANGE,Medium,2024-08-19 17:24:00,2024-08-19 18:33:00,A0027,4
T0000573,Booking.com,social,General Query,Urgent,2025-05-15 14:37:00,2025-05-15 15:49:00,A0031,5
T0001380,KAYAK,phone,Cancellation,High,2024-08-05 09:35:00,2024-08-05 13:03:12,A0039,
T0000882,priceline,phone,Technical Issue,Urgent,2025-05-01 09:56:00,2025-05-01 10:31:24,A0048,3
T0002173,priceline,phone,Cancellation,High,2025-03-23 02:51:00,2025-03-23 09:54:00,A0044,2
T0003561,priceline,phone,General Query ,High,2024-11-01 08:22:00,2024-11-02 11:53:12,A0032,4
T0003405,priceline,e-mail,Technical Issue,Medium,2025-05-22 14:11:00,2025-05-22 21:17:00,A0029,4
T0001243,priceline,chat,Technical Issue,Medium,2024-09-12 22:59:00,2024-09-13 02:40:24,A0057,5
T0000434,Booking.com,social,General Query,High,2024-07-22 13:04:00,2024-07-22 15:12:24,A0030,
T0001159,agoda,email,Technical Issue ,Low,2024-11-09 15:43:00,2024-11-09 21:22:36,A0041,2
T0004095,priceline,PHONE,Cancellation ,Low,2024-08-18 03:48:00,2024-08-18 08:53:24,A0013,
T0000943,agoda,Email,cancellation,High,31/07/2024 23:56,2024-08-01 14:18:48,A0045,
T0003473,Booking.com,chat,General Query,Medium,14/12/2024 12:57,2024-12-14 22:46:48,A0007,
T0001283,KAYAK,phone,booking change,Medium,2024-11-26 20:59:00,2024-11-26 22:45:12,A0044,1
T0002755,agoda,Email,Booking Change,Urgent,2025-05-21 03:03:00,2025-05-21 10:10:48,A0048,2
T0003515,priceline,Email,billing,Medium,14/12/2024 21:27,2024-12-15 03:22:12,A0007,9
T0002799,Booking.com,phone,Cancellation,Medium,2025-03-25 07:21:00,2025-03-25 08:48:00,A0051,2
T0001495,KAYAK,email,Booking Change,Medium,05/01/2025 13:18,2025-01-05 17:49:48,A0006,
T0000135,priceline,phone,technical issue,Medium,2024-08-13 20:01:00,2024-08-14 01:53:12,A0009,5
T0003575,agoda,chat,General Query,Medium,2024-07-01 12:30:00,2024-07-01 17:55:12,A0054,
T0001915,priceline,social,General Query,High,2024-07-07 18:09:00,2024-07-07 20:25:48,A0043,3
T0000752,KAYAK,social,Cancellation,Urgent,2025-02-24 15:12:00,2025-02-24 15:57:00,A0027,1
T0002913,agoda,email,Technical Issue,High,2024-11-02 12:32:00,2024-11-03 08:24:48,A0010,4
T0003551,agoda,social,General Query,Urgent,2024-12-12 21:28:00,2024-12-13 03:25:36,A0009,5
T0003178,agoda,phone,General Query,Low,2025-03-08 16:05:00,,A0049,
T0000043,Booking.com,social,BILLING,High,2025-04-27 22:19:00,,A0034,
T0003773,Booking.com,email,cancellation,Urgent,2024-09-11 06:03:00,2024-09-11 06:58:12,A0042,1
T0001651,KAYAK,social,Booking Change,High,2024-11-10 13:57:00,2024-11-10 17:57:00,A0022,2
T0000215,priceline,e-mail,billing,High,2024-06-24 14:11:00,2025-05-02 20:11:00,A0010,
T0003236,priceline,email,General Query,Low,2024-07-22 09:29:00,2024-07-22 18:12:12,,
T0004883,agoda,chat,Bill,High,07/11/2024 13:09,2024-11-07 18:55:12,A0011,4
T0003755,Booking.com,chat,Technical Issue,High,2025-03-08 11:03:00,2025-03-08 17:16:48,A0030,
T0003812,Booking.com,phone,Billing,Medium,21/03/2025 15:45,2025-03-22 01:25:48,A0047,
T0003822,priceline,email,Billing,Medium,2025-04-18 04:45:00,2025-04-18 12:58:48,A0022,7
T0002750,KAYAK,SOCIAL,billing,High,2025-03-06 23:37:00,,A0009,
T0003893,agoda,phone,Cancellation,High,14/11/2024 11:14,2024-11-14 23:02:36,A0027,1
T0003608,priceline,email,Booking Change,Medium,2025-01-08 12:47:00,2025-01-09 03:07:24,A0033,2
T0002575,agoda,email,general query,Low,2024-08-23 12:47:00,2024-08-23 14:36:48,A0022,1
T0001912,priceline,phone,Booking Change,Urgent,2024-09-29 13:04:00,2024-09-29 16:29:12,A0056,
T0000370,KAYAK,email,Cancellation,Medium,2024-06-14 02:05:00,2024-06-14 20:11:00,A0009,4
T0004586,KAYAK,social,Technical Issue,Low,13/08/2024 07:15,2024-08-13 14:59:24,A0047,5
T0002754,KAYAK,Email,technical issue,Low,09/03/2025 08:22,2025-03-09 17:01:36,A0031,2
T0002883,agoda,social,Booking Change,Urgent,2024-12-15 06:13:00,2024-12-15 10:41:12,A0055,1
T0000979,KAYAK,social,Billing,Low,2024-11-16 06:34:00,2024-11-16 13:29:48,A0060,4
T0003339,agoda,email,Booking Change,Medium,2024-09-29 22:58:00,,A0043,
T0004328,priceline,social,technical issue,High,2024-08-22 16:45:00,2024-08-22 21:03:36,A0046,3
T0001660,KAYAK,email,Technical Issue,Medium,2024-11-18 20:10:00,2024-11-18 22:17:48,A0001,4
T0002933,priceline,email,General Query,High,2025-03-23 02:58:00,2025-03-23 04:28:36,A0041,
T0000830,KAYAK,social,Bill,High,2024-08-30 11:17:00,2024-08-31 11:12:12,A0044,2
T0004904,priceline,email,General Query,Medium,10/11/2024 14:14,2024-11-11 02:21:12,A0007,6
T0000623,KAYAK,chat,Booking Change,High,07/05/2025 17:22,2025-05-07 18:30:24,A0054,1
T0000198,priceline,chat,Booking Change ,High,08/11/2024 00:21,2024-11-08 03:48:00,A0005,5
T0001146,KAYAK,chat,General Query,High,2024-10-15 22:29:00,2024-10-16 13:30:48,A0048,1
T0002915,priceline,phone,cancellation,Urgent,2025-02-16 08:37:00,2025-02-16 14:21:24,A0027,5
T0002245,Booking.com,social,Technical Issue,Medium,2024-12-24 03:04:00,2024-12-24 09:45:24,A0028,
T0004414,agoda,chat,Technical Issue,Low,2025-01-17 22:27:00,2025-01-18 05:42:36,A0006,
T0003478,agoda,phone,Bill,Urgent,05/01/2025 04:00,2025-01-05 05:04:48,A0031,4
T0003819,KAYAK,email,Billing,Low,27/05/2025 14:49,,A0054,
T0002242,agoda,chat,Booking Change,Urgent,2024-06-22 04:30:00,2024-06-22 13:25:48,A0033,7
T0000096,KAYAK,phone,Technical Issue,Low,11/06/2024 19:54,2024-06-12 05:06:00,A0003,
T0003238,KAYAK,email,Billing,High,2024-08-09 21:17:00,2024-08-10 09:09:12,A0019,
T0003744,agoda,e-mail,Cancellation,High,2025-04-27 08:37:00,2025-04-27 11:47:12,A0037,1
T0001848,priceline,phone,Billing,High,2025-05-14 03:13:00,2025-05-14 12:50:48,A0029,
T0000120,agoda,phone,General Query,Low,2024-12-10 12:43:00,2024-12-11 00:43:36,A0019,1
T0004160,Booking.com,phone,TECHNICAL ISSUE,Low,06/04/2025 11:44,2025-04-06 16:59:00,A0058,
T0001981,Booking.com,social,General Query,Urgent,2024-08-12 09:49:00,2024-08-12 11:22:00,A0019,2
T0002361,Booking.com,social,Billing,Urgent,2024-07-27 06:55:00,2024-07-27 08:45:24,A0004,
T0000893,KAYAK,phone,Cancellation ,Medium,2024-06-22 13:36:00,,A0032,
T0000443,Booking.com,email,Billing,Low,2025-01-23 22:26:00,2025-01-24 04:14:36,A0041,1
T0004491,agoda,chat,Billing,High,2024-07-17 20:46:00,2024-07-18 00:47:12,A0001,5
T0002037,KAYAK,PHONE,cancellation,Urgent,30/06/2024 06:04,2024-06-30 08:31:36,,4
T0003449,KAYAK,social,Booking Change,Urgent,2025-01-03 18:36:00,2025-01-03 21:46:12,A0015,3
T0003851,priceline,phone,general query,High,2024-11-25 18:01:00,2024-11-26 03:55:00,A0028,5
T0004161,Booking.com,SOCIAL,booking change,High,2024-12-21 02:32:00,2024-12-21 09:41:00,A0032,
T0003850,KAYAK,email,Cancellation,Urgent,2024-10-03 04:26:00,2024-10-03 08:43:24,A0035,2
T0000492,KAYAK,email,Cancellation,Medium,2024-08-25 01:22:00,2024-08-25 03:26:48,A0059,4
T0002122,agoda,phone,Billing,Urgent,2025-01-04 04:46:00,2025-01-04 10:47:48,A0051,4
T0001371,priceline,chat,booking change,Medium,13/10/2024 23:45,2024-10-14 04:49:48,A0006,9
T0000277,priceline,social,Technical Issue,Urgent,28/02/2025 10:42,,A0013,
T0000689,priceline,social,General Query,Urgent,05/04/2025 23:23,,A0044,
T0003088,KAYAK,chat,Booking Change,Low,2024-08-13 11:13:00,2024-08-13 21:02:12,A0031,
T0004716,priceline,phone,General Query,Urgent,28/02/2025 20:18,2025-03-01 05:29:24,A0014,4
T0004640,priceline,social,Cancellation,High,2024-09-28 07:47:00,,A0038,
T0004829,KAYAK,chat,Booking Change,Medium,2025-05-07 14:29:00,2025-05-07 19:14:00,A0036,1
T0000083,Booking.com,phone,General Query,Low,2024-06-16 01:08:00,2024-06-16 09:22:24,A0057,1
T0003668,priceline,email,Booking Change ,Medium,11/06/2024 06:32,2024-06-11 07:45:48,A0038,
T0001793,agoda,chat,Booking Change,Medium,2024-06-13 11:47:00,,A0046,
T0002445,Booking.com,email,Booking Change,Urgent,2024-12-18 02:02:00,2024-12-19 03:58:24,A0044,
T0000344,agoda,email,GENERAL QUERY,Urgent,2024-12-03 17:23:00,,A0002,
T0004805,Booking.com,social,Technical Issue,Low,2024-07-29 03:07:00,2024-07-29 05:25:36,A0028,3
T0000758,KAYAK,social,Technical Issue,Medium,2025-01-13 04:18:00,2025-01-13 15:02:24,A0002,4
T0000587,Booking.com,chat,Cancellation,Medium,05/09/2024 23:23,2024-09-07 22:13:24,A0023,2
T0003820,agoda,phone,General Query,Medium,11/07/2024 04:06,2024-07-11 04:40:48,A0028,4
T0002513,agoda,SOCIAL,Technical Issue,Low,2025-02-12 18:02:00,2025-02-12 18:36:48,A0048,
T0003682,agoda,social,Technical Issue,Urgent,2024-07-16 10:49:00,2024-07-17 00:46:00,A0004,
T0003352,agoda,email,billing,Medium,20/08/2024 18:12,2024-08-21 03:43:12,A0011,8
T0004939,agoda,chat,General Query,Medium,2024-12-18 10:11:00,2024-12-18 21:07:24,A0019,
T0002880,Booking.com,email,general query,Urgent,2024-11-26 19:34:00,2024-11-27 14:25:36,A0014,
T0003571,KAYAK,phone,BOOKING CHANGE,Urgent,2025-04-23 14:44:00,2025-04-24 01:26:00,A0005,3
T0003372,Booking.com,phone,Technical Issue,High,31/08/2024 07:38,2024-08-31 10:56:36,A0031,5
T0002436,priceline,email,booking change,Urgent,15/06/2024 11:03,2024-06-15 14:55:12,A0034,5
T0001300,Booking.com,chat,Booking Change,Low,2025-05-25 03:38:00,2025-05-25 14:05:36,A0021,3
T0004538,agoda,phone,General Query ,Urgent,2025-01-03 12:29:00,2025-01-03 18:09:48,A0050,
T0002977,priceline,e-mail,GENERAL QUERY,Low,18/07/2024 05:47,2024-07-18 19:12:48,A0051,3
T0002614,priceline,phone,TECHNICAL ISSUE,Low,02/10/2024 22:48,2024-10-03 00:43:48,A0027,
T0002781,agoda,phone,Technical Issue,Medium,12/08/2024 09:28,2024-08-12 15:00:24,A0037,1
T0000514,Booking.com,phone,general query,Low,22/05/2025 06:42,,A0009,
T0000203,priceline,phone,Cancellation,Low,2025-01-26 11:49:00,2025-09-23 09:49:00,A0049,
T0002957,KAYAK,chat,Booking Change,Medium,2025-04-30 05:25:00,2025-05-01 12:34:00,A0059,
T0000113,KAYAK,email,Technical Issue,Urgent,17/03/2025 20:37,,A0029,
T0002067,agoda,CHAT,General Query,Urgent,23/01/2025 02:08,2025-01-24 11:02:36,A0007,5
T0004277,Booking.com,email,Technical Issue,Medium,2024-09-30 19:05:00,2024-10-01 04:19:24,A0025,2
T0003653,KAYAK,chat,Cancellation,Low,2025-02-06 00:36:00,2025-02-06 06:09:00,A0004,3
T0003965,agoda,email,Billing,High,2025-01-16 01:50:00,2025-01-16 02:48:48,A0059,1
T0002078,priceline,chat,BOOKING CHANGE,Medium,2025-01-07 10:29:00,2025-01-07 12:14:36,A0009,3
T0003577,KAYAK,e-mail,Technical Issue,Urgent,2025-03-03 19:49:00,2025-03-04 00:21:24,A0049,5
T0003579,Booking.com,email,Technical Issue,Low,2024-06-29 20:00:00,2024-06-29 21:11:24,A0017,
T0002353,priceline,chat,Cancellation,High,2024-10-13 13:22:00,2024-10-13 15:40:00,A0048,9
T0002906,agoda,email,booking change,Urgent,2024-12-12 20:43:00,2024-12-13 08:50:12,A0003,
T0004285,KAYAK,email,Technical Issue,Low,2024-11-02 16:12:00,2024-11-02 18:14:24,A0009,
T0000446,priceline,chat,Booking Change,High,2024-07-27 22:39:00,2024-07-27 23:48:36,A0013,
T0002268,KAYAK,chat,BOOKING CHANGE,Medium,2025-03-14 01:23:00,2025-03-14 08:02:00,A0053,
T0002557,priceline,chat,General Query,Medium,2025-03-27 19:31:00,2025-03-28 00:34:00,A0037,
T0000929,agoda,phone,General Query,Low,2024-11-07 20:06:00,2024-11-08 18:54:36,A0031,5
T0001407,priceline,phone,Technical Issue,High,2024-10-18 06:07:00,2024-10-18 17:29:48,A0009,3
T0004453,agoda,phone,CANCELLATION,Low,2024-10-14 08:28:00,2024-10-14 22:23:48,A0031,4
T0001572,KAYAK,chat,Cancellation,Medium,2025-04-03 10:32:00,2025-04-04 02:02:36,A0026,
T0002867,priceline,chat,Booking Change,Urgent,2024-10-26 09:40:00,,A0052,
T0004995,priceline,Email,billing,Medium,2025-02-07 07:08:00,2025-02-08 04:51:12,A0015,1
T0002376,KAYAK,email,TECHNICAL ISSUE,Medium,2024-08-22 21:20:00,2024-08-23 00:45:12,A0046,7
T0001580,KAYAK,PHONE,Billing ,High,2025-01-14 00:01:00,2025-01-14 07:43:36,A0048,5
T0002349,Booking.com,e-mail,Billing,Medium,2024-08-05 19:21:00,2024-08-05 21:05:24,A0044,9
T0003259,agoda,PHONE,Technical Issue,Medium,2024-11-08 19:37:00,2024-11-09 00:31:00,A0044,
T0004162,priceline,social,General Query,Urgent,2025-03-30 12:22:00,2025-03-30 14:06:24,A0017,1
T0004875,Booking.com,social,Technical Issue,Medium,2025-01-28 19:42:00,2025-01-29 00:00:36,A0019,4
T0000064,agoda,chat,Billing,Urgent,05/07/2024 03:24,2024-07-05 16:40:12,A0021,
T0000255,priceline,email,Technical Issue,High,2024-09-27 07:12:00,2024-09-27 14:00:00,A0053,
T0004385,KAYAK,social,Booking Change,Urgent,04/07/2024 14:20,2024-07-04 15:23:00,A0059,
T0001023,agoda,phone,Bill,Medium,2025-02-24 15:16:00,2025-02-25 14:06:24,A0013,
T0001185,KAYAK,Email,BOOKING CHANGE,Urgent,2024-10-30 19:02:00,2024-10-31 02:38:00,A0013,5
T0002531,KAYAK,SOCIAL,Cancellation,High,2024-10-22 02:11:00,2024-10-22 13:39:48,A0025,4
T0004764,priceline,phone,Booking Change,High,2025-01-21 13:01:00,2025-01-22 20:16:00,A0016,1
T0002546,priceline,email,TECHNICAL ISSUE,Urgent,2024-07-26 00:11:00,,A0055,
T0001656,priceline,email,Cancellation,High,2025-01-31 03:36:00,2025-01-31 13:01:12,A0018,4
T0003706,KAYAK,email,Booking Change,High,2025-05-29 23:35:00,,A0020,
T0000145,priceline,e-mail,Technical Issue,Urgent,2024-10-06 13:42:00,2024-10-06 17:31:48,A0041,4
T0003585,priceline,social,General Query,Urgent,15/08/2024 22:16,2024-08-16 01:19:36,A0051,1
T0002494,priceline,SOCIAL,Technical Issue,Medium,05/09/2024 06:36,2024-09-06 02:36:36,A0018,4
T0000470,priceline,phone,Booking Change,Urgent,2025-01-13 17:26:00,2025-01-13 17:59:00,A0015,1
T0004407,KAYAK,phone,General Query,Medium,2025-01-09 11:18:00,2025-01-10 01:56:24,A0010,10
T0004276,Booking.com,phone,Booking Change,High,2024-12-06 09:52:00,,A0036,
T0003320,Booking.com,PHONE,General Query,Urgent,2024-12-25 18:07:00,2024-12-26 02:10:36,A0003,
T0002890,priceline,social,Billing,Low,2024-06-17 20:02:00,,A0008,
T0002523,Booking.com,email,Billing,High,2025-03-15 21:53:00,2025-03-16 02:15:12,A0060,3
T0003939,KAYAK,chat,GENERAL QUERY,Low,2025-05-09 01:04:00,2025-05-09 01:31:00,A0020,5
T0003684,priceline,CHAT,Booking Change,Low,2025-02-09 21:26:00,2025-02-09 22:01:24,A0028,4
T0000160,priceline,chat,Technical Issue,Medium,2024-12-21 03:37:00,2024-12-21 04:03:24,A0011,10
T0001718,Booking.com,chat,General Query,Medium,2025-03-29 18:38:00,2025-03-29 18:54:48,A0025,
T0000144,agoda,social,Bill,Medium,2024-11-19 22:27:00,2024-11-20 05:18:00,A0044,
T0001552,KAYAK,phone,Billing,Medium,2025-03-17 05:56:00,2025-03-17 11:43:24,A0012,1
T0003421,agoda,email,Cancellation,Medium,19/05/2025 23:49,,A0039,
T0000226,KAYAK,email,Cancellation,Low,2024-08-18 22:16:00,2024-08-19 02:05:48,A0029,3
T0002570,agoda,SOCIAL,General Query,Urgent,30/08/2024 13:23,2024-08-30 16:47:36,A0024,3
T0001119,KAYAK,phone,Cancellation,High,2024-10-18 07:27:00,2024-10-19 07:10:48,A0023,3
T0004026,priceline,social,BOOKING CHANGE,High,2024-07-24 00:17:00,2024-07-23 17:17:00,A0032,3
T0004676,KAYAK,email,General Query,High,2024-09-10 04:51:00,2024-09-10 07:55:48,A0007,4
T0002283,Booking.com,chat,Billing,High,19/05/2025 23:00,,A0039,
T0003504,Booking.com,chat,Technical Issue,Medium,2024-06-16 11:26:00,2024-06-16 17:46:24,A0024,9
T0000922,KAYAK,social,Booking Change,Urgent,2024-08-01 22:44:00,2024-08-02 05:24:48,A0039,
T0004659,agoda,chat,Cancellation,Low,2024-09-22 17:03:00,2024-09-23 05:35:24,A0028,5
T0003942,Booking.com,phone,Technical Issue,Medium,2024-07-07 21:39:00,,A0025,
T0000190,Booking.com,email,General Query,Urgent,2024-09-22 08:41:00,2024-09-22 14:56:00,A0044,5
T0003580,Booking.com,SOCIAL,Technical Issue,Urgent,23/10/2024 20:54,2024-10-25 06:01:48,A0013,1
T0003698,KAYAK,chat,Technical Issue,Urgent,2025-02-12 22:55:00,2025-02-13 02:20:48,A0050,2
T0004131,priceline,social,General Query,High,2025-01-12 08:34:00,2025-01-12 14:07:36,A0022,
T0002414,Booking.com,email,Cancellation,High,2025-01-21 04:36:00,2025-01-21 10:12:00,A0008,2
T0004819,agoda,phone,cancellation,Urgent,2024-10-22 10:11:00,2024-10-22 13:27:12,A0053,1
T0001583,Booking.com,phone,Booking Change ,Low,2024-12-15 15:33:00,2024-12-15 16:33:36,A0025,3
T0000911,agoda,email,Billing,Medium,2025-01-11 10:19:00,2025-01-11 17:24:24,A0034,10
T0003323,KAYAK,email,Cancellation,Urgent,2025-04-12 21:02:00,2025-04-12 23:03:48,A0028,
T0001868,agoda,email,Technical Issue,Medium,2025-03-15 15:35:00,2025-03-16 11:07:24,A0054,2
T0004563,KAYAK,chat,General Query,Low,30/04/2025 02:55,2025-04-30 22:01:36,A0039,2
T0004582,priceline,Email,Booking Change,Urgent,2024-07-04 23:51:00,2024-07-05 01:28:12,A0019,4
T0001620,priceline,email,Technical Issue,Medium,2024-12-07 20:32:00,2024-12-08 06:27:12,A0012,3
T0004776,KAYAK,email,Technical Issue,High,2025-02-04 22:29:00,2025-02-05 04:56:36,A0002,3
T0002116,Booking.com,chat,Cancellation,Medium,2024-10-03 21:00:00,2024-10-04 00:25:12,A0013,
T0002687,KAYAK,phone,Billing,Low,2025-03-27 12:00:00,2025-03-27 23:03:36,A0044,
T0001533,priceline,chat,Cancellation ,Low,2025-03-14 21:35:00,2025-03-15 06:17:00,A0006,4
T0000896,KAYAK,chat,General Query,Medium,09/10/2024 15:51,,A0057,
T0001489,Booking.com,chat,General Query,Medium,2024-09-20 04:05:00,2024-09-20 06:23:00,A0006,2
T0002159,priceline,Email,TECHNICAL ISSUE,High,2025-01-18 08:21:00,2025-01-18 12:34:12,A0052,4
T0003334,Booking.com,PHONE,Billing,Medium,2024-11-11 13:59:00,2024-11-11 21:57:12,A0040,1
T0004533,Booking.com,phone,General Query,Urgent,2025-04-02 03:02:00,2025-04-02 12:22:24,A0009,
T0000933,KAYAK,phone,Billing,Urgent,2024-07-17 05:40:00,2024-07-17 11:59:12,A0029,6
T0004874,Booking.com,chat,cancellation,Urgent,07/05/2025 08:41,2025-05-07 10:21:48,A0056,3
T0001285,priceline,social,Cancellation,Medium,2024-10-19 01:23:00,2024-10-20 15:52:24,A0020,3
T0001846,KAYAK,phone,Cancellation,Urgent,2024-06-21 14:29:00,2024-06-21 15:17:00,A0016,
T0004306,priceline,phone,Cancellation,Low,2024-06-27 16:30:00,2024-06-27 19:27:36,A0022,3
T0000916,Booking.com,email,Technical Issue,Low,2024-08-10 12:06:00,2024-08-11 19:22:48,A0059,1
T0002887,Booking.com,social,Cancellation ,Urgent,15/08/2024 05:51,,A0010,
T0004999,agoda,social,Booking Change ,Urgent,2024-10-02 15:48:00,2024-10-02 17:22:48,A0004,
T0002194,priceline,email,Billing,Low,2025-02-18 16:59:00,2025-02-20 05:06:48,A0005,4
T0003599,agoda,chat,Booking Change,Medium,22/07/2024 19:51,2024-07-22 20:47:24,A0019,3
T0003552,agoda,social,Technical Issue,Medium,2025-03-24 09:35:00,2025-03-24 15:40:24,A0033,
T0000734,KAYAK,CHAT,Bill,Medium,2024-11-22 06:35:00,2024-11-22 20:32:00,A0034,4
T0002392,priceline,chat,General Query,High,16/12/2024 09:30,2024-12-16 16:42:00,A0036,4
T0002934,KAYAK,Email,Billing,Low,2024-08-26 05:16:00,2024-08-26 18:16:36,A0059,4
T0001959,priceline,social,Billing,High,27/01/2025 12:25,2025-01-27 13:47:12,A0007,5
T0002043,agoda,chat,BOOKING CHANGE,High,2024-11-21 22:58:00,2024-11-22 01:53:48,A0017,5
T0003391,priceline,SOCIAL,Cancellation,Urgent,2025-05-11 12:01:00,2025-05-11 14:42:24,A0013,
T0003464,KAYAK,email,Booking Change,High,10/08/2024 15:49,2024-08-10 20:09:24,A0010,1
T0004854,agoda,email,Cancellation,Urgent,2024-09-09 01:16:00,2024-09-09 13:26:48,A0054,2
T0000318,KAYAK,email,Booking Change,Urgent,2024-11-22 21:48:00,2024-11-23 06:20:24,A0009,4
T0000106,KAYAK,e-mail,Cancellation,Urgent,2025-03-13 01:30:00,2025-03-13 02:57:00,A0043,5
T0004541,KAYAK,chat,Billing,Low,2025-02-16 09:06:00,2025-02-16 10:58:12,A0053,1
T0000153,KAYAK,social,cancellation,High,26/10/2024 23:22,2024-10-27 03:31:36,A0052,3
T0004866,KAYAK,phone,Booking Change,High,14/03/2025 21:34,2025-03-15 02:52:36,A0008,
T0004431,Booking.com,social,Cancellation,Low,2024-11-27 15:10:00,2024-11-27 18:43:36,A0047,
T0002042,priceline,chat,Booking Change,Urgent,2024-12-30 22:34:00,2024-12-31 00:17:12,A0004,3
T0003716,agoda,social,Booking Change,High,2025-02-08 12:17:00,2025-02-08 13:29:00,A0007,3
T0001266,KAYAK,chat,Billing,Urgent,02/12/2024 16:02,2024-12-02 18:06:12,A0014,2
T0001316,agoda,social,Bill,Low,2024-11-25 03:54:00,2024-11-25 06:31:48,A0037,3
T0000713,Booking.com,chat,BOOKING CHANGE,High,2025-04-14 14:45:00,2025-04-14 19:45:36,A0023,4
T0001381,priceline,phone,Billing,High,2024-11-01 19:21:00,2024-11-02 15:10:12,A0032,1
T0003497,priceline,chat,Technical Issue,Medium,2024-07-20 13:00:00,2024-07-21 17:03:00,A0012,
T0004265,KAYAK,phone,Billing,Low,12/01/2025 12:59,2025-01-12 18:46:24,A0050,2
T0003409,agoda,PHONE,Booking Change,Low,10/05/2025 00:12,2025-11-01 08:12:00,A0055,6
T0001578,priceline,email,booking change,Urgent,2024-12-07 03:56:00,2024-12-07 07:56:36,A0011,
T0000883,KAYAK,phone,billing,Low,2025-03-17 21:34:00,2025-03-18 07:03:24,A0035,
T0004338,KAYAK,social,Technical Issue,Low,2025-02-16 09:34:00,,A0060,
T0000398,agoda,email,Booking Change,Low,2024-08-17 11:32:00,2024-08-18 06:23:00,A0048,5
T0004056,Booking.com,email,Billing,Low,2025-01-20 02:41:00,2025-01-20 09:48:12,A0040,7
T0003803,priceline,chat,Booking Change,Medium,05/10/2024 14:58,2024-10-06 13:40:36,A0013,1
T0004959,priceline,social,Cancellation,High,2024-06-20 04:42:00,2024-06-20 11:29:24,A0025,4
T0000292,Booking.com,phone,Booking Change ,High,12/06/2024 01:45,2024-06-12 10:49:12,A0055,1
T0002517,agoda,chat,Technical Issue,Urgent,15/01/2025 16:22,2025-01-16 03:22:00,A0001,3
T0001338,priceline,social,General Query,High,15/09/2024 08:36,2024-09-15 12:31:12,A0028,3
T0003111,agoda,social,Cancellation,Low,2025-03-27 14:10:00,2025-03-28 04:34:36,A0060,1
T0004675,agoda,social,Booking Change,Urgent,2025-05-15 08:15:00,2025-05-15 16:06:36,A0060,3
T0000364,KAYAK,chat,technical issue,Medium,2025-05-06 13:21:00,,A0051,
T0001467,Booking.com,email,Billing,Medium,2025-01-05 10:36:00,2025-01-05 21:25:12,A0012,2
T0004078,agoda,social,Cancellation,High,17/02/2025 10:18,,A0031,
T0003644,KAYAK,chat,CANCELLATION,Medium,2024-07-08 11:58:00,2024-07-08 12:29:12,A0013,
T0004362,agoda,social,Booking Change,Urgent,2025-04-29 04:04:00,2025-04-29 11:34:00,A0011,4
T0004978,Booking.com,chat,BILLING,Urgent,2025-02-07 20:20:00,2025-02-08 05:04:24,A0052,1
T0004723,KAYAK,chat,General Query,Urgent,2025-03-25 14:26:00,2025-03-25 16:02:00,A0043,
T0000688,KAYAK,phone,cancellation,Low,2024-09-21 08:07:00,2024-09-21 16:32:12,A0021,2
T0000833,KAYAK,email,Cancellation,Low,2025-02-15 08:48:00,2025-02-15 17:29:24,A0048,1
T0001415,KAYAK,social,Technical Issue,Urgent,2024-07-27 13:01:00,2024-07-27 18:26:48,A0023,3
T0000657,Booking.com,chat,Cancellation,Urgent,2025-02-05 13:21:00,2025-02-05 17:01:12,A0054,3
T0003950,KAYAK,chat,Booking Change,High,2025-02-16 16:30:00,2025-02-16 17:10:48,A0037,
T0000068,KAYAK,Email,BOOKING CHANGE,High,2024-08-31 15:25:00,2024-08-31 16:43:00,A0050,4
T0003567,agoda,chat,Billing,Low,2024-08-01 03:04:00,2024-08-01 09:58:00,A0054,
T0002970,Booking.com,phone,Technical Issue,Urgent,25/05/2025 03:44,2025-05-25 15:33:12,A0023,
T0001414,priceline,social,General Query,Low,2025-01-10 03:45:00,2025-01-09 09:45:00,A0015,4
T0000799,Booking.com,social,General Query,Medium,2024-11-01 19:18:00,,A0020,
T0002057,KAYAK,phone,Booking Change,High,2024-06-22 03:09:00,2024-06-22 20:39:36,A0013,
T0002241,KAYAK,e-mail,Technical Issue,Urgent,2025-04-26 04:44:00,2025-04-26 05:37:24,A0002,5
T0001798,KAYAK,social,booking change,Urgent,06/11/2024 19:12,2024-11-07 11:04:12,A0045,
T0004612,Booking.com,email,Billing,Medium,2024-06-06 02:33:00,2024-06-06 13:07:12,A0029,2
T0001174,priceline,phone,Booking Change,Urgent,18/08/2024 10:52,2024-08-19 02:26:48,A0030,9
T0002272,Booking.com,chat,Booking Change,High,2025-04-20 06:10:00,2025-04-20 12:52:36,A0022,2
T0001625,agoda,e-mail,cancellation,Low,2024-06-23 07:40:00,2024-06-23 10:25:00,A0045,2
T0001235,KAYAK,PHONE,Billing,High,2024-07-20 08:29:00,2024-07-20 08:58:24,A0025,1
T0004610,agoda,chat,General Query,Urgent,31/12/2024 04:05,2024-12-31 04:26:00,A0015,
T0004426,priceline,social,Booking Change,Urgent,2024-11-17 16:09:00,2024-11-18 00:14:24,A0059,3
T0004144,Booking.com,email,billing,Urgent,2024-10-17 10:05:00,2024-10-17 22:26:00,A0024,6
T0003110,agoda,chat,Technical Issue ,Medium,2025-03-09 17:57:00,2025-03-10 03:00:00,A0026,4
T0004617,agoda,chat,Technical Issue,Low,2024-06-20 07:31:00,2024-06-20 14:44:48,A0001,
T0001379,priceline,phone,Booking Change,Medium,2024-08-03 11:52:00,2024-08-03 13:12:24,A0049,4
T0002320,Booking.com,social,Billing,Urgent,2024-09-24 17:44:00,,A0033,
T0001740,agoda,SOCIAL,Technical Issue,Urgent,2024-08-29 02:22:00,2024-08-29 05:32:48,A0016,5
T0002659,agoda,chat,Billing,Medium,2024-06-01 20:39:00,2024-06-02 04:25:48,A0031,2
T0002684,Booking.com,phone,technical issue,Low,2025-03-27 14:39:00,2025-03-27 17:44:24,A0011,8
T0000325,priceline,chat,Technical Issue,Low,2024-08-07 23:21:00,2024-08-08 04:57:36,A0015,9
T0002295,Booking.com,phone,general query,Low,2025-04-04 03:48:00,2025-04-04 11:49:48,A0034,4
T0000440,priceline,chat,booking change,Medium,2024-11-07 19:23:00,,A0058,
T0003544,Booking.com,email,booking change,High,2024-11-26 09:53:00,2024-11-26 18:12:48,A0030,
T0002288,KAYAK,email,Billing,Low,2024-08-12 12:13:00,2024-08-12 14:25:00,A0021,
T0002568,KAYAK,phone,Cancellation,High,2024-12-09 09:32:00,2024-12-09 18:02:00,A0056,4
T0001700,agoda,chat,Cancellation,Medium,2025-05-25 08:15:00,,A0031,
T0004614,Booking.com,email,technical issue,Urgent,2025-03-17 04:40:00,2025-03-17 10:44:12,A0038,2
T0004645,Booking.com,chat,Booking Change,Medium,2024-10-14 06:21:00,2024-10-14 08:08:24,A0060,3
T0002141,KAYAK,phone,CANCELLATION,Low,2025-05-24 17:27:00,2025-05-24 23:20:24,A0024,
T0000644,Booking.com,chat,Booking Change,Medium,2024-06-16 18:11:00,2024-06-17 12:02:36,A0013,10
T0001345,priceline,social,cancellation,Urgent,17/03/2025 16:39,2025-03-18 05:06:36,A0005,4
T0003695,priceline,social,Technical Issue ,Urgent,2024-09-27 22:27:00,2024-09-28 03:22:48,A0015,2
T0002988,agoda,phone,GENERAL QUERY,Urgent,2024-12-22 03:43:00,2024-12-22 04:12:24,A0035,
T0004165,Booking.com,phone,Booking Change,Low,2024-09-19 02:36:00,2024-09-19 16:16:48,A0024,3
T0003635,priceline,Email,booking change,Urgent,2025-04-09 05:14:00,2025-04-10 01:43:24,A0004,3
T0002369,agoda,phone,Billing,Low,2025-01-05 17:57:00,2025-01-06 06:55:48,A0040,4
T0001041,Booking.com,chat,Booking Change,Medium,2024-12-22 06:49:00,2024-12-22 15:20:12,,4
T0000725,agoda,chat,Cancellation,High,04/07/2024 08:58,2024-07-04 22:20:12,A0013,
T0003691,priceline,chat,cancellation,Medium,2025-05-28 08:25:00,,A0016,
T0002098,priceline,chat,Technical Issue,High,2024-06-15 08:53:00,2024-06-15 11:21:12,A0022,10
T0004437,agoda,Email,General Query,Medium,13/01/2025 16:50,2025-01-13 22:03:48,A0025,3
T0004721,agoda,social,Cancellation ,High,2025-01-30 05:19:00,2025-01-30 22:50:48,A0043,2
T0002866,agoda,chat,Cancellation,Urgent,2024-12-09 06:32:00,2024-12-09 09:39:12,A0023,
T0003825,Booking.com,email,General Query ,Low,2024-11-25 06:24:00,2024-11-25 06:36:00,A0004,1
T0003043,agoda,phone,Billing,Low,2025-04-22 03:52:00,,A0008,
T0000603,Booking.com,social,Cancellation,Low,28/03/2025 18:29,2025-03-29 04:21:48,A0026,5
T0001678,priceline,social,General Query,Medium,2025-02-19 20:57:00,,A0004,
T0004732,priceline,social,General Query,Urgent,2024-08-24 19:12:00,2024-08-25 03:51:36,A0054,4
T0004324,priceline,chat,Technical Issue,Medium,2024-11-09 01:24:00,2024-11-09 03:48:00,A0043,2
T0002819,agoda,chat,Technical Issue,High,2025-04-30 19:07:00,2025-04-30 20:32:12,A0007,3
T0004326,agoda,phone,Cancellation ,Urgent,2024-08-24 01:55:00,2024-08-24 21:29:48,A0019,
T0004396,KAYAK,chat,CANCELLATION,Low,2024-08-14 04:19:00,,A0022,
T0002249,KAYAK,e-mail,Cancellation ,Urgent,16/12/2024 12:38,2024-12-16 21:24:48,A0056,2
T0004238,KAYAK,phone,Technical Issue,Medium,2024-09-23 12:25:00,2024-09-23 14:35:48,A0037,
T0001052,Booking.com,social,Cancellation,Low,2025-02-10 07:11:00,,A0030,
T0004424,KAYAK,social,general query,Low,2025-03-23 22:47:00,2025-03-24 00:45:48,A0022,1
T0004592,KAYAK,email,Cancellation,Urgent,2024-10-12 03:39:00,,A0035,
T0001565,Booking.com,PHONE,Billing,Medium,30/11/2024 02:09,2024-11-30 09:01:48,A0006,
T0000093,priceline,email,Technical Issue,High,2024-10-31 13:17:00,2024-10-31 21:36:48,A0030,4
T0003452,agoda,chat,Billing,Low,2025-05-23 06:38:00,2025-05-23 17:05:00,A0035,
T0004836,Booking.com,social,Billing,High,2024-12-25 01:43:00,2024-12-25 05:25:36,A0054,1
T0000854,KAYAK,chat,Booking Change,Urgent,2025-02-19 14:33:00,2025-02-19 22:29:24,A0036,5
T0003057,priceline,chat,Booking Change,Medium,2025-02-25 20:48:00,2025-02-25 22:50:24,A0020,3
T0003026,KAYAK,phone,technical issue,Urgent,2024-09-25 13:32:00,2024-09-25 15:14:36,A0045,5
T0001264,priceline,phone,Technical Issue,High,08/09/2024 11:17,2024-09-08 13:36:48,A0033,
T0001692,Booking.com,social,Cancellation,High,2024-08-21 10:25:00,2024-08-22 23:35:48,A0027,5
T0004320,agoda,email,Cancellation ,Urgent,2024-10-14 10:01:00,2024-10-14 20:49:00,A0051,5
T0004751,KAYAK,phone,Cancellation,Medium,20/12/2024 16:31,2024-12-20 18:30:24,A0009,4
T0002669,agoda,PHONE,Booking Change,High,2024-12-16 17:11:00,2024-12-17 06:08:36,A0022,1
T0000490,priceline,phone,booking change,Urgent,19/03/2025 03:56,2025-03-19 10:15:12,A0012,2
T0000042,agoda,SOCIAL,BILLING,Medium,2025-02-23 21:06:00,,A0015,
T0001409,agoda,chat,TECHNICAL ISSUE,High,2025-05-17 09:26:00,2025-05-17 20:19:24,A0024,1
T0004747,priceline,chat,Cancellation,High,2025-02-06 07:12:00,2025-02-06 16:07:12,A0050,5
T0000672,Booking.com,phone,general query,High,2024-07-06 07:44:00,2024-07-06 16:19:24,A0040,3
T0003534,priceline,Email,general query,High,2025-04-18 14:36:00,2025-04-18 19:04:48,A0057,2
T0002077,agoda,phone,Cancellation,Low,2024-10-20 02:18:00,,A0050,
T0002190,priceline,email,Billing,Urgent,2025-05-14 14:54:00,2025-05-15 00:09:36,A0031,3
T0004106,priceline,phone,Cancellation,Low,2024-12-27 04:49:00,2024-12-27 06:50:12,A0042,10
T0000690,KAYAK,CHAT,general query,Medium,2024-06-05 16:26:00,2024-06-05 20:48:48,A0031,
T0002240,KAYAK,chat,Booking Change,Medium,2024-09-07 23:44:00,2024-09-08 05:14:00,A0036,3
T0004332,Booking.com,email,GENERAL QUERY,Medium,10/04/2025 10:22,2025-04-10 14:42:24,A0032,2
T0003148,agoda,social,general query,Urgent,25/06/2024 20:47,2024-06-25 23:21:12,A0034,4
T0000368,Booking.com,phone,Cancellation,Urgent,2025-05-02 08:17:00,2025-05-02 10:19:24,A0008,5
T0002034,agoda,CHAT,Billing,Urgent,17/11/2024 01:43,2024-11-17 14:21:24,A0053,3
T0004540,priceline,chat,Cancellation,High,2024-07-21 02:55:00,2024-07-21 16:23:12,A0055,2
T0003921,agoda,phone,Billing,High,2025-02-25 04:06:00,2025-02-25 13:48:36,A0016,2
T0000664,Booking.com,phone,BILLING,Low,2025-05-05 22:32:00,2025-05-06 09:41:36,A0017,1
T0002063,priceline,Email,Technical Issue,Medium,12/07/2024 02:27,,A0054,
T0000850,KAYAK,chat,billing,Low,2024-11-05 08:52:00,,A0018,
T0000213,agoda,chat,Cancellation,Medium,2024-11-29 06:20:00,2024-11-29 14:45:48,A0053,4
T0004257,agoda,social,Cancellation,High,2025-04-14 20:18:00,,A0024,
T0002287,agoda,phone,cancellation,High,2024-12-17 14:07:00,2024-12-17 14:55:36,A0055,5
T0001231,KAYAK,social,CANCELLATION,Urgent,2025-03-01 22:23:00,2025-03-02 06:50:00,A0024,2
T0003514,agoda,CHAT,General Query,Low,2025-03-05 00:29:00,2025-03-05 06:42:12,A0021,
T0001112,Booking.com,email,Technical Issue,Urgent,2025-05-17 05:11:00,2025-05-17 11:42:48,A0020,
T0000278,priceline,chat,Booking Change,Medium,12/04/2025 06:07,2025-04-12 08:58:36,A0036,5
T0000728,KAYAK,email,General Query,Low,2025-02-06 14:28:00,2025-02-07 13:17:48,A0003,3
T0003291,Booking.com,social,technical issue,Urgent,2025-03-06 18:20:00,2025-03-07 01:17:00,A0024,5
T0001617,agoda,email,general query,Low,2024-11-11 13:58:00,,A0053,
T0003508,Booking.com,e-mail,General Query,Low,2025-01-27 14:09:00,2025-01-27 15:58:48,A0034,5
T0000981,priceline,chat,Billing,Urgent,2025-04-23 08:42:00,2025-04-24 00:36:36,A0060,3
T0000892,KAYAK,social,Booking Change,High,2024-10-09 23:46:00,2024-10-10 09:14:12,A0059,2
T0001349,priceline,chat,booking change,Urgent,2025-05-27 18:32:00,,A0036,
T0002314,priceline,phone,Billing,Urgent,18/08/2024 16:44,2024-08-18 20:11:36,A0017,10
T0000250,Booking.com,email,Billing,Low,2024-07-14 21:37:00,2024-07-15 00:02:48,A0003,
T0002007,agoda,chat,Booking Change,Medium,2025-03-12 10:25:00,,A0021,
T0000530,Booking.com,social,Billing,Medium,14/06/2024 19:54,2024-06-14 20:15:00,A0007,5
T0004188,Booking.com,social,Billing,Urgent,2024-06-27 10:01:00,2024-06-28 09:44:12,A0005,
T0001003,priceline,chat,General Query,Low,2025-05-24 04:21:00,2025-05-24 10:46:48,A0008,5
T0003817,agoda,email,General Query,Urgent,2024-06-04 04:46:00,2024-06-04 06:32:12,A0059,4
T0003858,agoda,phone,General Query,High,12/11/2024 00:02,2024-11-12 06:06:12,A0047,5
T0003834,Booking.com,CHAT,General Query,Low,2024-11-24 09:41:00,2024-11-24 21:08:36,A0024,4
T0003173,Booking.com,social,Billing,High,2024-10-29 06:58:00,2024-10-29 08:46:36,A0049,2
T0001051,Booking.com,social,billing,Urgent,2024-11-19 15:46:00,,A0020,
T0004333,agoda,email,GENERAL QUERY,High,2024-11-15 13:44:00,2024-11-15 19:09:48,A0060,3
T0003808,agoda,SOCIAL,Technical Issue,Low,2025-05-06 17:56:00,2025-05-07 02:21:12,A0002,
T0002036,Booking.com,social,Technical Issue,Urgent,23/09/2024 23:01,2024-09-24 00:25:00,A0001,
T0002450,KAYAK,Email,Technical Issue,High,2025-03-25 20:37:00,2025-03-26 06:19:00,A0006,
T0004107,Booking.com,PHONE,BILLING,Low,2024-09-29 04:13:00,2024-09-29 07:05:12,A0018,4
T0000715,agoda,e-mail,Technical Issue,High,2025-03-12 16:38:00,2025-03-12 16:56:36,A0012,3
T0001742,priceline,social,Cancellation,High,2025-03-28 20:00:00,2025-03-28 22:48:36,A0056,10
T0004700,priceline,social,Booking Change,Medium,2024-10-22 10:38:00,,A0018,
T0003251,priceline,social,Technical Issue,Urgent,2024-09-05 04:15:00,2024-09-05 10:42:00,A0016,
T0001502,KAYAK,chat,Technical Issue,Urgent,25/05/2025 16:08,2025-05-25 19:04:24,A0008,
T0002927,Booking.com,social,Technical Issue,High,2024-12-31 01:43:00,2025-01-01 01:04:00,A0042,
T0000985,agoda,Email,Cancellation ,Low,2024-06-29 10:19:00,2024-06-30 10:22:36,A0002,
T0002086,priceline,chat,Booking Change,Low,2025-02-26 14:44:00,2025-02-26 18:42:48,A0054,
T0000611,agoda,chat,General Query,Urgent,2025-04-02 03:07:00,2025-04-02 03:23:48,A0012,8
T0000947,priceline,email,Booking Change,Low,2025-02-06 21:17:00,2025-02-06 21:37:24,A0005,3
T0001011,KAYAK,social,General Query,High,25/05/2025 12:05,2025-05-25 13:14:36,A0002,1
T0002061,priceline,email,BOOKING CHANGE,Medium,2025-04-16 06:04:00,2025-04-16 08:22:36,A0052,2
T0000353,agoda,phone,Cancellation,Urgent,2025-02-12 05:14:00,2025-02-12 15:06:12,A0042,
T0004824,agoda,phone,Technical Issue,Low,29/09/2024 23:12,2024-09-30 00:21:36,A0012,4
T0001635,priceline,phone,Booking Change,Low,2024-09-30 20:45:00,2024-10-01 21:51:36,A0024,
T0000817,KAYAK,phone,Billing,Low,2024-06-29 16:47:00,2024-06-29 18:03:12,A0059,1
T0004058,priceline,phone,Cancellation,Urgent,16/08/2024 11:33,2024-08-17 00:52:12,A0053,1
T0000177,KAYAK,chat,Booking Change,Medium,2025-05-10 15:15:00,2025-05-10 15:30:00,A0022,3
T0000060,priceline,PHONE,Billing,Urgent,20/06/2024 19:46,2024-06-20 21:47:12,A0005,3
T0004072,Booking.com,social,General Query,Medium,2024-10-21 06:23:00,2024-10-21 11:56:36,A0013,2
T0000400,KAYAK,social,Booking Change,Urgent,28/03/2025 18:56,2025-03-28 19:26:00,A0059,5
T0001872,Booking.com,Email,Cancellation,Medium,2025-02-26 04:50:00,2025-02-26 09:50:36,A0004,1
T0004852,KAYAK,phone,General Query,Medium,2024-08-10 21:15:00,2024-08-11 00:22:48,A0037,3
T0002199,agoda,phone,billing,Urgent,2025-02-12 20:24:00,2025-02-13 14:17:24,A0026,3
T0003832,KAYAK,e-mail,General Query ,Low,2024-11-03 07:57:00,,A0042,
T0004441,Booking.com,chat,Booking Change,Urgent,2025-03-06 15:48:00,2025-03-07 04:48:00,A0057,2
T0004115,priceline,phone,billing,Low,22/10/2024 21:32,,A0048,
T0004884,Booking.com,social,Billing,High,2025-04-09 18:21:00,2025-04-09 18:56:24,A0054,
T0001284,priceline,chat,booking change,Medium,2025-01-09 06:53:00,2025-01-09 14:12:48,A0037,4
T0000204,agoda,e-mail,Billing,Low,2025-04-17 08:15:00,2025-04-17 10:25:12,A0006,5
T0003038,KAYAK,phone,technical issue,Medium,16/12/2024 07:12,,A0033,
T0003612,agoda,phone,Cancellation,Low,2024-06-21 21:22:00,2024-06-22 02:11:12,A0021,1
T0003694,agoda,e-mail,general query,Urgent,2024-11-06 10:28:00,,A0028,
T0001714,agoda,SOCIAL,Booking Change,Urgent,2025-05-23 12:56:00,2025-05-23 20:34:24,A0032,4
T0003494,agoda,phone,Technical Issue,Low,2025-06-01 20:11:00,,A0034,
T0003627,KAYAK,email,BOOKING CHANGE,High,2024-07-16 20:05:00,2024-07-16 23:26:00,A0032,
T0001171,agoda,chat,general query,Urgent,2024-09-17 03:39:00,2024-09-17 08:50:24,A0046,
T0002793,KAYAK,chat,Cancellation,High,2025-06-01 10:10:00,2025-06-01 17:58:36,A0036,
T0002633,agoda,social,Booking Change,Low,07/01/2025 06:22,2025-01-07 10:21:24,,
T0002209,priceline,e-mail,cancellation,High,2025-02-18 14:35:00,2025-02-18 17:17:36,A0038,3
T0002694,agoda,email,Technical Issue,High,07/07/2024 06:46,2024-07-07 11:54:24,A0029,4
T0003878,priceline,phone,technical issue,Medium,2024-07-30 19:14:00,2024-07-31 00:22:24,A0032,1
T0000386,agoda,phone,Technical Issue,Urgent,2025-05-05 12:06:00,2025-05-05 13:02:24,A0005,6
T0001587,priceline,chat,General Query,Low,2024-10-26 16:30:00,2024-10-26 23:43:48,A0036,8
T0002621,priceline,email,Cancellation,Low,2024-07-26 17:38:00,2024-07-26 21:41:36,A0034,2
T0003007,Booking.com,chat,Cancellation,High,2024-12-18 17:55:00,2024-12-19 14:17:48,A0001,3
T0002851,Booking.com,email,General Query,High,06/10/2024 10:40,2024-10-06 12:13:36,A0026,1
T0003531,agoda,phone,Cancellation,Low,2025-04-30 01:41:00,2025-04-29 12:41:00,A0048,
T0002876,Booking.com,email,Technical Issue,High,2025-05-26 05:34:00,2025-05-26 14:20:48,A0024,4
T0003371,Booking.com,email,Cancellation ,High,2025-04-06 15:02:00,2025-04-06 21:08:00,A0037,2
T0000108,KAYAK,chat,Cancellation,Low,2025-02-04 04:02:00,2025-02-04 08:32:00,A0053,3
T0001078,priceline,email,Technical Issue,Urgent,2025-05-25 09:55:00,2025-05-25 20:49:00,A0048,
T0002164,KAYAK,social,BILLING,High,20/08/2024 11:03,2024-08-20 17:45:36,A0042,4
T0001228,priceline,chat,Billing,High,2025-01-22 14:19:00,2025-01-22 20:55:00,A0029,2
T0000953,priceline,email,Technical Issue,Medium,2025-01-06 15:37:00,2025-01-06 15:57:24,A0016,5
T0003550,KAYAK,chat,Booking Change,Low,2024-11-08 14:05:00,2024-11-08 19:11:36,A0006,4
T0001437,priceline,SOCIAL,Billing,High,2024-08-14 23:02:00,2024-08-15 02:44:00,A0050,4
T0002484,priceline,chat,General Query,High,17/03/2025 13:26,2025-03-17 13:56:00,A0004,2
T0002251,KAYAK,email,CANCELLATION,Urgent,2025-05-02 13:53:00,2025-05-02 14:51:48,A0057,
T0003163,Booking.com,chat,Billing,High,2025-01-19 22:45:00,2025-01-20 02:57:00,A0008,2
T0004960,priceline,phone,Billing,Low,2024-06-04 10:25:00,2024-06-04 20:57:24,A0002,
T0003572,agoda,phone,Technical Issue,Medium,2025-01-19 12:33:00,2025-01-19 23:54:36,A0012,5
T0004382,KAYAK,chat,Technical Issue ,Low,2024-06-24 16:45:00,,A0038,
T0001737,KAYAK,phone,Booking Change,Urgent,2025-01-10 15:22:00,2025-01-11 01:32:48,A0016,1
T0000848,priceline,email,Booking Change,Low,2025-05-12 10:13:00,2025-05-12 13:17:12,A0044,5
T0001683,Booking.com,phone,Cancellation,Medium,14/01/2025 19:38,2025-01-14 21:54:48,A0024,
T0003303,priceline,Email,BILLING,Medium,2024-12-17 03:25:00,2024-12-17 05:41:48,A0050,
T0004558,agoda,phone,BILLING,High,2025-01-13 00:49:00,2025-01-13 02:15:24,A0057,2
T0001594,priceline,social,Booking Change,Low,2024-10-20 16:30:00,2024-10-20 22:21:00,A0042,5
T0002752,Booking.com,email,BOOKING CHANGE,Medium,2025-03-23 18:36:00,2025-03-24 16:03:36,A0025,10
T0004741,agoda,social,Booking Change,High,2025-04-01 00:17:00,2025-04-01 01:33:12,A0024,5
T0003243,agoda,chat,General Query,Low,2025-04-21 22:29:00,2025-04-22 09:08:00,A0052,
T0002150,agoda,social,Cancellation,High,2024-12-05 20:14:00,2024-12-05 22:11:00,A0004,3
T0004987,KAYAK,social,General Query,Urgent,2024-12-13 11:34:00,2024-12-14 00:36:24,A0042,1
T0003810,priceline,social,General Query,Urgent,2024-08-17 06:46:00,2024-08-17 22:07:00,A0029,
T0000945,priceline,phone,Cancellation,Medium,2024-07-17 07:55:00,2024-07-17 21:17:48,A0021,7
T0004389,KAYAK,phone,TECHNICAL ISSUE,Urgent,2024-09-26 20:11:00,2024-09-26 23:57:48,A0049,6
T0004455,priceline,social,Cancellation,High,2025-02-04 08:10:00,2025-02-05 05:13:00,A0024,4
T0001473,agoda,phone,Technical Issue,Medium,2024-09-10 06:26:00,2024-09-10 09:17:00,A0034,8
T0000294,KAYAK,chat,Billing,Low,2025-03-03 00:21:00,2025-03-03 17:56:24,A0003,
T0000532,Booking.com,email,Technical Issue,Urgent,2025-05-14 20:06:00,2025-05-15 16:19:12,A0025,3
T0004118,agoda,social,Billing,Low,2024-12-12 04:41:00,2024-12-12 11:12:12,A0052,5
T0003235,priceline,social,Technical Issue,Medium,2024-11-12 02:58:00,,A0057,
T0000586,agoda,phone,General Query,Low,2024-12-17 13:19:00,2024-12-17 19:30:24,A0032,
T0001852,agoda,social,Booking Change,Low,2025-03-24 04:28:00,2025-03-24 11:46:36,A0058,5
T0004202,priceline,email,Booking Change,High,2025-03-15 19:47:00,2025-03-16 11:18:12,A0041,5
T0003115,Booking.com,chat,Technical Issue ,Urgent,2024-10-10 00:37:00,2024-10-10 05:34:00,A0006,5
T0003193,priceline,chat,Billing,Low,07/12/2024 04:13,2024-12-07 15:50:12,A0047,3
T0000888,Booking.com,phone,Billing,Low,2024-10-31 11:56:00,2024-10-31 18:33:48,A0023,5
T0003011,priceline,email,Technical Issue,High,2024-08-17 15:23:00,,A0025,
T0003376,Booking.com,email,Booking Change,Low,2025-03-05 16:24:00,2025-03-05 18:40:12,A0054,5
T0002481,priceline,chat,BOOKING CHANGE,Low,2024-12-29 15:25:00,2024-12-29 18:47:48,A0018,4
T0000375,Booking.com,chat,Booking Change,Medium,2024-11-10 06:29:00,2024-11-10 09:21:48,A0020,3
T0002429,KAYAK,CHAT,Technical Issue,Medium,2025-04-01 12:18:00,2025-04-01 20:00:00,A0002,
T0001413,KAYAK,social,General Query,High,19/12/2024 01:36,2024-12-19 04:04:12,A0051,2
T0000948,priceline,chat,Technical Issue,Urgent,29/06/2024 06:56,2024-06-29 18:47:00,A0018,10
T0001569,priceline,chat,Cancellation,High,2024-06-25 09:41:00,2024-06-25 18:24:12,A0035,4
T0000544,priceline,CHAT,Booking Change,Medium,2025-03-23 21:40:00,2025-03-24 10:22:00,A0055,5
T0004322,agoda,email,General Query,High,2024-11-05 12:25:00,2024-11-05 13:37:00,A0001,1
T0001352,priceline,social,Cancellation ,High,28/03/2025 15:19,2025-03-28 20:47:48,A0050,
T0000997,KAYAK,phone,Booking Change,Low,2025-05-24 14:09:00,2025-05-25 10:20:24,A0046,
T0002051,priceline,phone,cancellation,Medium,2024-10-03 21:29:00,2024-10-04 06:48:48,A0005,4
T0004720,agoda,social,Booking Change,Low,2024-07-29 07:40:00,2024-07-29 08:51:24,A0034,1
T0001429,KAYAK,social,Technical Issue ,Medium,2025-01-07 03:02:00,2025-01-07 04:34:24,A0054,2
T0001893,KAYAK,social,Cancellation,High,2025-04-30 13:16:00,2025-04-30 15:58:00,,4
T0002132,agoda,phone,Booking Change,High,2024-08-09 19:56:00,2024-08-10 04:03:12,A0010,
T0002646,agoda,social,Booking Change,Urgent,2024-10-16 15:20:00,2024-10-16 21:00:12,A0019,1
T0003916,Booking.com,Email,General Query,Low,2024-07-24 04:58:00,2024-07-24 08:16:00,A0008,
T0003226,priceline,chat,General Query,High,2025-04-12 15:36:00,,A0034,
T0002146,priceline,social,General Query,Medium,2024-06-12 23:30:00,2024-06-13 02:08:24,A0039,3
T0002008,KAYAK,phone,Cancellation,High,2024-08-29 18:36:00,2024-08-29 21:30:00,A0044,3
T0004207,agoda,email,General Query,High,2024-11-02 16:08:00,2024-11-02 18:33:48,A0007,3
T0002487,KAYAK,email,General Query ,High,2024-12-29 08:28:00,,A0012,
T0003738,Booking.com,chat,Booking Change,Urgent,2024-07-18 14:29:00,2024-07-18 21:47:36,A0048,4
T0002665,KAYAK,social,GENERAL QUERY,High,2024-08-13 06:36:00,2024-08-14 01:48:00,A0046,1
T0002855,agoda,chat,General Query,Medium,2025-04-12 23:44:00,2025-04-13 03:40:24,A0014,
T0002133,Booking.com,phone,Billing,Urgent,2025-05-01 23:43:00,2025-05-02 14:14:48,A0030,
T0000118,KAYAK,email,Booking Change,Urgent,2025-04-08 01:20:00,2025-04-08 08:22:24,A0031,2
T0003867,agoda,social,Billing,High,2024-12-08 14:48:00,,A0002,
T0004815,priceline,email,Billing,High,01/07/2024 01:59,2024-07-01 07:18:12,A0058,1
T0003998,agoda,social,Booking Change,Medium,2025-05-03 09:40:00,2025-05-03 11:20:48,A0004,2
T0004037,priceline,chat,Cancellation,High,2024-12-15 09:21:00,2024-12-15 17:29:24,A0013,4
T0002726,KAYAK,chat,Billing,Medium,27/05/2025 12:38,2025-05-27 14:38:36,A0040,5
T0003643,priceline,email,Cancellation,Urgent,2024-11-21 15:45:00,2024-11-22 05:09:00,A0013,1
T0001238,agoda,Email,Technical Issue,Urgent,27/11/2024 00:29,2024-11-27 06:29:00,A0058,3
T0002965,agoda,phone,Technical Issue,Low,2025-04-29 00:55:00,,A0014,
T0002848,Booking.com,social,General Query ,Urgent,13/02/2025 01:25,,A0004,
T0000300,KAYAK,e-mail,General Query,High,24/09/2024 03:54,2024-09-24 07:33:36,A0012,2
T0001296,agoda,social,General Query,Low,2024-08-31 17:29:00,2024-08-31 19:55:24,A0003,2
T0004044,priceline,email,Billing,Urgent,2024-07-13 20:09:00,2024-07-13 21:31:48,A0021,5
T0004895,agoda,SOCIAL,Cancellation ,High,2025-01-15 19:50:00,2025-01-15 20:55:24,,2
T0000811,KAYAK,email,Cancellation,Low,2024-11-16 19:53:00,2024-11-17 06:29:36,A0056,2
T0000639,agoda,email,Cancellation,Low,05/07/2024 05:42,2024-07-05 09:44:24,A0007,
T0000759,Booking.com,phone,booking change,Medium,13/11/2024 11:48,2024-11-14 09:48:36,A0009,2
T0004157,agoda,phone,BOOKING CHANGE,Medium,2024-10-20 07:01:00,2024-10-20 09:53:12,A0038,1
T0004256,agoda,Email,TECHNICAL ISSUE,Medium,2025-04-22 04:01:00,,A0025,
T0002996,KAYAK,email,General Query,Urgent,2025-02-08 01:29:00,2025-02-08 08:07:24,A0051,
T0003020,priceline,phone,BILLING,High,13/06/2024 14:20,2024-06-13 17:06:48,A0004,
T0004148,Booking.com,email,Cancellation,Medium,2025-01-28 09:06:00,2025-01-28 14:19:48,A0024,3
T0002315,priceline,chat,Cancellation,Low,16/09/2024 11:28,2024-09-16 14:25:36,A0059,1
T0004088,KAYAK,social,Booking Change ,Urgent,2024-07-04 13:12:00,2024-07-05 01:01:12,A0024,
T0002693,Booking.com,email,general query,High,2024-08-01 06:51:00,,A0023,
T0001384,priceline,phone,general query,Medium,2025-03-30 23:46:00,,A0059,
T0000517,priceline,social,General Query,High,2024-11-03 17:46:00,2024-11-04 14:36:24,A0042,2
T0000791,priceline,e-mail,Booking Change,Urgent,2024-12-20 15:21:00,2024-12-21 11:56:24,A0040,1
T0001518,KAYAK,chat,General Query,Low,2024-06-08 12:50:00,2024-06-08 14:48:48,A0016,1
T0001306,priceline,phone,General Query,Medium,2024-06-17 11:35:00,2024-06-17 17:27:48,A0010,5
T0003974,priceline,chat,Cancellation,Medium,2024-11-16 16:53:00,2024-11-16 20:45:48,A0022,3
T0000419,agoda,chat,general query,Urgent,2025-04-26 13:24:00,2025-04-26 14:26:24,A0054,
T0002505,priceline,social,Booking Change,Urgent,2024-08-17 17:45:00,2024-08-18 02:09:36,A0017,1
T0002984,KAYAK,email,Billing,High,07/10/2024 02:34,2024-10-07 02:53:12,A0054,5
T0001927,Booking.com,phone,Billing,High,2025-01-28 13:15:00,2025-01-28 16:03:00,A0017,5
T0003161,priceline,email,Billing,High,2024-10-19 12:16:00,2024-10-19 18:39:24,A0001,
T0004253,agoda,PHONE,TECHNICAL ISSUE,Urgent,2024-08-30 10:25:00,2024-08-30 16:58:36,A0003,1
T0000879,KAYAK,chat,Billing,Medium,2025-04-11 02:27:00,2025-04-11 20:15:36,A0049,4
T0002415,priceline,phone,Technical Issue,Medium,18/06/2024 19:57,2024-06-18 23:54:00,A0052,3
T0004250,KAYAK,chat,Technical Issue,High,2025-02-21 05:22:00,2025-02-21 11:55:36,A0014,2
T0001400,KAYAK,social,Booking Change,High,2025-05-12 09:07:00,2025-05-13 04:27:24,A0012,
T0003917,KAYAK,phone,Booking Change,Urgent,18/09/2024 07:38,2024-09-18 11:06:48,A0039,9
T0004966,agoda,email,billing,Medium,01/06/2024 21:39,2024-06-02 02:03:00,A0036,3
T0003962,priceline,CHAT,Cancellation,Urgent,2024-09-02 02:04:00,2024-09-02 02:50:12,A0023,4
T0003022,KAYAK,Email,Billing,Urgent,2024-06-24 13:22:00,2024-06-24 13:59:12,A0013,
T0000315,priceline,SOCIAL,Technical Issue,Low,2024-07-07 09:48:00,,A0029,
T0002167,Booking.com,CHAT,Bill,Low,2024-10-03 13:39:00,2024-10-03 20:23:24,A0037,
T0000056,KAYAK,phone,General Query ,High,2024-08-28 07:08:00,2024-08-28 15:05:00,A0048,1
T0001298,KAYAK,phone,Booking Change,Urgent,2025-03-25 17:59:00,2025-03-25 18:25:24,A0044,7
T0000047,KAYAK,e-mail,general query,Low,2025-04-09 05:57:00,2025-04-09 10:28:12,A0046,3
T0004200,priceline,chat,TECHNICAL ISSUE,Urgent,2025-01-11 12:08:00,2025-01-11 14:32:00,A0002,3
T0002351,KAYAK,email,Billing,Urgent,2025-05-11 11:23:00,,A0029,
T0004509,KAYAK,social,Booking Change,High,2024-08-07 05:55:00,,A0017,
T0004853,priceline,social,General Query,Low,20/12/2024 17:14,2024-12-20 18:56:00,A0042,8
T0000718,priceline,phone,Cancellation,Urgent,2024-11-08 21:54:00,2024-11-10 02:56:24,A0009,
T0000635,agoda,social,cancellation,High,2025-01-29 19:26:00,2025-01-29 23:14:00,A0009,
T0002537,priceline,phone,Booking Change,High,2025-01-06 01:21:00,2025-01-06 01:56:24,A0046,9
T0001209,priceline,SOCIAL,Technical Issue,High,2025-03-01 15:59:00,2025-03-02 05:32:36,A0007,
T0001121,agoda,social,Technical Issue,Urgent,2024-08-24 04:50:00,2024-08-24 06:33:48,A0049,5
T0001063,priceline,Email,Billing,High,2024-12-23 05:31:00,2024-12-23 14:57:24,A0012,2
T0003275,KAYAK,email,General Query,Medium,2024-09-02 12:30:00,,A0048,
T0003778,priceline,social,BILLING,Urgent,2025-01-07 10:21:00,2025-01-07 10:41:24,A0050,
T0002483,Booking.com,phone,Technical Issue,Low,15/12/2024 21:01,,A0043,
T0004471,KAYAK,phone,booking change,High,2024-10-15 03:12:00,2024-10-15 05:05:24,A0008,
T0004019,Booking.com,chat,billing,Medium,2025-05-07 21:31:00,2025-05-08 05:37:00,A0048,2
T0000261,priceline,email,Technical Issue,Low,2025-01-14 08:18:00,2025-01-14 17:09:36,A0004,5
T0004949,Booking.com,email,General Query,High,2025-05-07 14:16:00,,A0045,
T0001196,priceline,phone,Technical Issue,Medium,09/04/2025 11:59,2025-04-09 17:51:12,A0011,3
T0002020,priceline,phone,Billing,Urgent,2024-11-22 14:42:00,2024-11-22 18:34:48,A0006,5
T0004638,KAYAK,PHONE,BOOKING CHANGE,Low,2025-02-05 14:34:00,2025-02-06 10:55:00,A0059,3
T0002846,agoda,email,cancellation,Low,03/06/2024 06:26,2024-06-03 10:21:48,A0021,
T0004924,Booking.com,phone,CANCELLATION,High,2025-05-04 03:15:00,2025-05-04 19:52:12,A0018,
T0000843,Booking.com,phone,Billing,High,2024-09-25 08:47:00,,A0020,
T0004208,priceline,phone,Cancellation,Urgent,15/06/2024 17:55,,A0041,
T0003661,Booking.com,chat,Booking Change,Urgent,2025-05-29 13:34:00,2025-05-29 22:29:12,A0012,
T0001044,Booking.com,email,General Query,High,2024-07-20 10:11:00,2024-07-20 16:23:00,A0047,5
T0003292,KAYAK,chat,Cancellation,Urgent,2025-05-07 07:36:00,2025-05-07 10:40:48,A0023,
T0003261,Booking.com,social,Cancellation,High,2024-07-16 15:00:00,2024-07-16 15:21:00,A0033,
T0004841,agoda,email,Booking Change,Medium,12/10/2024 00:37,2024-10-12 18:57:24,A0027,
T0004452,agoda,email,Billing,High,2024-11-17 07:55:00,2024-11-17 08:22:36,A0019,
T0004690,priceline,email,billing,Urgent,12/04/2025 23:10,2025-04-13 00:26:48,A0005,4
T0003006,Booking.com,social,Cancellation,Urgent,07/09/2024 12:47,2024-09-07 16:02:00,A0016,1
T0001795,priceline,social,Cancellation,Medium,2025-04-11 16:49:00,2025-04-11 18:36:24,A0027,
T0003598,Booking.com,phone,TECHNICAL ISSUE,Urgent,2025-01-01 12:26:00,2025-01-01 14:27:48,A0006,5
T0002578,priceline,phone,cancellation,Low,2024-08-11 04:24:00,2024-08-09 13:24:00,A0026,2
T0001501,Booking.com,phone,Booking Change,High,18/06/2024 14:35,2024-06-19 07:57:12,A0020,
T0000228,priceline,phone,Billing,Urgent,2024-06-30 18:11:00,2024-07-01 00:40:24,A0055,
T0003412,priceline,phone,Technical Issue,Low,2024-06-09 04:49:00,2024-06-09 12:24:24,A0021,
T0004052,priceline,chat,Booking Change,Low,2025-01-20 07:10:00,,A0053,
T0002926,Booking.com,email,Billing,High,2024-07-03 05:40:00,2024-07-03 07:52:36,A0052,7
T0000151,Booking.com,phone,GENERAL QUERY,Urgent,2025-02-22 07:43:00,2025-02-22 09:15:24,A0018,2
T0003242,KAYAK,social,BOOKING CHANGE,Low,2024-10-29 08:13:00,2024-10-29 14:39:24,A0033,4
T0000968,KAYAK,email,Technical Issue ,Medium,2025-02-25 11:46:00,2025-02-25 12:08:12,A0039,
T0003324,Booking.com,phone,Billing,Medium,2024-11-13 15:34:00,,A0044,
T0002982,Booking.com,email,Technical Issue,Urgent,28/09/2024 19:06,2024-09-29 04:44:24,A0017,
T0003221,priceline,chat,Technical Issue,Urgent,2024-06-26 12:27:00,2024-06-26 18:28:12,A0031,2
T0004447,agoda,social,Bill,Medium,2025-01-12 18:03:00,2025-01-13 10:12:36,A0003,5
T0002661,KAYAK,email,Cancellation,High,28/07/2024 06:21,2024-07-28 06:49:48,A0001,4
T0001813,agoda,email,billing,Urgent,2025-05-03 21:49:00,,A0027,
T0003982,KAYAK,chat,General Query,Urgent,2024-09-05 15:43:00,2024-09-05 19:55:36,A0036,5
T0000633,Booking.com,phone,Technical Issue,Urgent,2025-02-20 00:50:00,2025-02-20 05:30:48,A0016,
T0004781,agoda,social,Billing,Urgent,14/05/2025 04:30,2025-05-14 05:13:12,A0014,3
T0003748,KAYAK,email,Booking Change,Low,2024-08-30 12:11:00,,A0047,
T0000143,KAYAK,social,Billing,High,2024-08-24 00:40:00,2024-08-24 05:13:36,A0026,
T0003463,Booking.com,email,Cancellation,Low,2024-07-26 12:50:00,,A0019,
T0001641,priceline,chat,Cancellation,Urgent,2024-07-25 15:26:00,2024-07-25 17:40:24,A0002,2
T0002768,agoda,email,General Query ,High,2024-11-09 07:21:00,,A0054,
T0000236,priceline,phone,Technical Issue,Medium,2024-10-06 12:51:00,2024-10-06 19:15:36,A0024,2
T0004449,Booking.com,social,Cancellation,Medium,2024-12-09 07:39:00,2024-12-10 12:34:48,A0016,
T0001263,Booking.com,phone,Cancellation ,High,07/01/2025 11:16,2025-01-07 16:16:36,A0014,5
T0000957,Booking.com,email,booking change,Low,2025-04-02 00:37:00,2025-04-02 19:50:48,A0003,1
T0001645,Booking.com,chat,Cancellation,Urgent,2025-05-28 07:55:00,,A0060,
T0002430,priceline,email,billing,Urgent,2025-01-02 18:03:00,2025-01-03 03:34:48,A0002,
T0003135,KAYAK,phone,Billing,Urgent,2025-01-18 20:28:00,2025-01-19 03:37:36,A0032,
T0001475,Booking.com,email,Billing,Low,2025-04-19 21:07:00,2025-04-20 02:31:00,A0045,3
T0001308,KAYAK,email,Bill,Low,2024-08-22 11:21:00,2024-08-22 12:19:48,A0009,3
T0001440,KAYAK,email,Cancellation,Medium,2024-10-28 17:16:00,2024-10-28 19:32:12,A0056,7
T0003159,KAYAK,chat,General Query,Medium,2025-02-05 10:39:00,2025-02-05 15:11:24,A0025,
T0002704,KAYAK,social,Billing,Medium,2025-01-10 19:01:00,2025-01-11 09:18:24,A0044,
T0003210,agoda,chat,Technical Issue,Medium,2025-03-31 07:52:00,,A0012,
T0003125,agoda,phone,Technical Issue,Urgent,10/11/2024 09:59,2024-11-11 10:36:12,A0027,
T0001451,Booking.com,phone,Cancellation,Urgent,2025-02-07 06:33:00,,A0022,
T0002168,KAYAK,email,Cancellation,Medium,2024-12-11 01:00:00,2024-12-11 10:40:48,A0053,4
T0001770,KAYAK,SOCIAL,CANCELLATION,Low,2024-12-03 01:01:00,2024-12-03 05:34:00,A0038,8
T0000650,KAYAK,chat,BOOKING CHANGE,Medium,2024-08-07 03:25:00,2024-08-07 10:28:36,A0012,1
T0002782,priceline,phone,Technical Issue,Medium,2025-03-08 02:52:00,2025-03-08 04:18:24,A0047,
T0000136,agoda,social,booking change,Medium,2025-02-23 07:45:00,2025-02-23 15:17:24,A0038,
T0001443,Booking.com,Email,general query,Low,2025-04-09 16:12:00,,A0029,
T0001398,KAYAK,phone,Technical Issue,Urgent,06/02/2025 00:39,2025-02-06 07:52:12,A0036,1
T0004314,Booking.com,PHONE,TECHNICAL ISSUE,Medium,2025-03-07 13:55:00,2025-03-07 14:52:00,A0055,4
T0003327,KAYAK,social,Cancellation,High,2025-01-24 19:17:00,2025-01-25 00:02:36,A0047,
T0004448,Booking.com,phone,Booking Change,Urgent,2024-11-21 01:42:00,2024-11-21 04:34:48,A0055,
T0002722,KAYAK,chat,BOOKING CHANGE,Medium,09/12/2024 15:18,2024-12-10 00:47:24,A0043,2
T0001334,Booking.com,email,Cancellation,Urgent,2025-04-06 22:49:00,2025-04-07 03:10:00,,5
T0003479,priceline,social,General Query,Low,2024-12-31 02:00:00,2024-12-31 08:34:48,A0054,5
T0003696,Booking.com,social,Technical Issue,Urgent,2025-05-03 12:00:00,2025-05-03 18:57:00,A0058,8
T0000631,priceline,phone,general query,Urgent,11/05/2025 15:14,2025-05-12 18:20:36,A0048,10
T0002834,agoda,social,Technical Issue ,Urgent,31/07/2024 13:58,2024-07-31 20:33:24,A0056,8
T0002564,Booking.com,email,Booking Change ,Medium,12/06/2024 20:04,2024-06-12 21:02:48,A0003,6
T0001623,KAYAK,Email,CANCELLATION,Medium,2025-01-17 19:16:00,2025-01-17 20:36:24,A0015,1
T0003350,KAYAK,Email,technical issue,Low,2024-10-25 06:07:00,2024-10-25 22:44:12,A0014,2
T0003746,Booking.com,Email,TECHNICAL ISSUE,High,2024-07-10 09:48:00,2024-07-10 10:17:24,A0015,9
T0001517,agoda,email,Technical Issue,Urgent,2025-01-01 09:21:00,2025-01-01 13:58:12,A0003,2
T0003929,Booking.com,social,CANCELLATION,Medium,2025-04-14 05:12:00,2025-04-15 04:16:48,A0038,4
T0002804,agoda,email,Cancellation,High,2025-04-13 11:40:00,2025-04-14 00:14:48,A0027,
T0003911,agoda,email,Technical Issue,Low,21/03/2025 10:59,2025-03-22 06:39:12,A0003,3
T0000666,Booking.com,email,Cancellation,Medium,2024-12-16 09:49:00,2024-12-16 11:57:24,A0032,2
T0003762,priceline,chat,Booking Change,High,2024-10-19 09:54:00,2024-10-19 12:03:36,A0007,
T0001741,priceline,social,General Query,High,18/07/2024 12:45,,A0036,
T0002536,KAYAK,chat,Booking Change,High,2024-08-27 01:23:00,2024-08-27 06:06:48,A0055,
T0001310,agoda,social,Cancellation,Low,11/09/2024 04:15,2024-09-11 06:33:00,A0023,3
T0003216,agoda,social,Cancellation,Urgent,2024-09-25 10:23:00,2024-09-25 18:39:12,A0029,
T0002921,agoda,PHONE,General Query,High,2024-06-18 20:22:00,2024-06-18 21:44:48,A0060,2
T0004222,agoda,social,General Query,Low,2024-12-31 18:07:00,2024-12-31 22:41:12,A0034,
T0000869,agoda,chat,Booking Change ,Urgent,2025-05-21 22:33:00,,A0003,
T0000826,priceline,social,Cancellation,Medium,2025-01-30 04:12:00,2025-01-30 11:43:48,A0032,
T0003448,priceline,social,technical issue,Low,2025-01-02 11:22:00,,A0006,
T0002801,KAYAK,social,Billing,Medium,09/10/2024 22:30,2024-10-10 22:55:48,A0040,4
T0003639,Booking.com,social,Cancellation,Low,2024-09-21 17:57:00,,A0008,
T0004817,agoda,social,Technical Issue,Urgent,2025-05-17 06:29:00,2025-05-17 21:52:24,A0043,1
T0000804,KAYAK,email,billing,High,2025-05-04 13:46:00,2025-05-05 06:50:12,A0017,4
T0004955,agoda,phone,CANCELLATION,Low,14/05/2025 17:52,2025-05-14 20:46:36,A0048,
T0001889,Booking.com,email,BILLING,Medium,2025-02-18 16:15:00,2025-02-19 21:46:48,A0006,
T0000553,priceline,email,Cancellation,Urgent,2024-11-02 13:51:00,2024-11-02 23:57:36,A0011,
T0002686,priceline,phone,Technical Issue,Urgent,28/02/2025 02:54,2025-02-28 03:45:36,A0003,9
T0000537,KAYAK,social,billing,Urgent,2025-01-11 11:53:00,,A0021,
T0004792,KAYAK,chat,Booking Change,Medium,2024-06-20 01:56:00,2024-06-20 04:09:12,A0002,5
T0004262,Booking.com,email,Technical Issue,Medium,2025-02-16 21:32:00,2025-02-17 04:12:48,A0024,2
T0004594,KAYAK,phone,Booking Change,Urgent,2024-07-30 17:01:00,2024-08-01 04:13:36,A0048,2
T0001906,Booking.com,social,Technical Issue ,Medium,2025-05-15 13:22:00,,A0016,
T0001018,Booking.com,email,Technical Issue,Urgent,2024-10-29 10:27:00,2024-10-29 14:24:00,A0043,
T0001434,KAYAK,email,GENERAL QUERY,Medium,2024-08-22 11:52:00,2024-08-22 18:05:48,A0028,1
T0004104,agoda,chat,cancellation,High,2024-11-30 04:38:00,2024-12-01 01:35:00,A0018,4
T0003945,priceline,phone,technical issue,Urgent,2025-02-24 13:24:00,2025-02-25 01:19:12,A0049,
T0000661,agoda,chat,Booking Change,Medium,2024-07-19 09:08:00,2024-07-20 06:11:00,A0020,
T0004387,agoda,e-mail,Technical Issue,High,2024-08-08 14:25:00,2024-08-09 02:40:00,A0019,5
T0001183,KAYAK,email,GENERAL QUERY,High,2025-05-31 12:15:00,,A0016,
T0001217,priceline,phone,General Query,Medium,2025-05-13 18:43:00,2025-05-14 03:14:12,A0059,4
T0004887,priceline,phone,TECHNICAL ISSUE,Urgent,2024-10-21 06:22:00,2024-10-21 09:32:12,A0011,8
T0002623,priceline,social,Booking Change,Medium,08/05/2025 11:04,2025-05-08 17:09:24,A0045,
T0001965,priceline,CHAT,CANCELLATION,Medium,2024-09-16 14:39:00,2024-09-17 00:45:36,A0001,
T0003501,KAYAK,social,General Query,Medium,2024-11-29 17:29:00,2024-11-29 18:39:48,A0041,
T0004352,agoda,email,Technical Issue,Low,2025-03-15 10:49:00,2025-03-15 13:11:12,A0051,4
T0003353,priceline,social,General Query,High,2025-02-26 07:43:00,2025-02-26 11:59:12,A0033,2
T0000868,Booking.com,social,Booking Change ,Medium,2024-11-22 22:43:00,2024-11-22 23:19:36,A0014,5
T0000024,Booking.com,Email,billing,Low,2024-11-06 06:22:00,2024-11-06 09:50:12,A0026,2
T0001483,priceline,email,CANCELLATION,High,2025-05-31 00:58:00,2025-05-31 01:39:24,A0037,3
T0004615,Booking.com,social,Billing,High,2025-04-04 01:39:00,2025-04-05 00:36:00,A0038,
T0004327,agoda,email,Booking Change,Urgent,2024-08-22 11:24:00,2024-08-22 21:27:00,A0051,
T0001082,Booking.com,chat,Booking Change,Urgent,2024-08-14 22:34:00,2024-08-15 04:40:00,A0047,7
T0002542,priceline,CHAT,Booking Change ,Low,11/08/2024 22:26,,A0036,
T0002779,priceline,phone,cancellation,High,2025-01-06 16:08:00,2025-01-07 00:51:12,A0010,
T0002299,KAYAK,PHONE,Cancellation,High,16/12/2024 04:08,2024-12-16 10:08:36,A0038,3
T0003848,agoda,email,Technical Issue,High,2024-07-09 19:37:00,2024-07-09 21:37:36,A0058,
T0001149,Booking.com,email,BOOKING CHANGE,Urgent,2024-06-11 12:04:00,2024-06-12 03:56:12,A0051,4
T0001947,KAYAK,phone,Cancellation,Medium,2024-08-18 13:27:00,,A0042,
T0001004,Booking.com,phone,Booking Change,Urgent,2025-03-21 05:26:00,2025-03-22 01:21:48,A0024,1
T0004818,priceline,chat,Booking Change,High,26/06/2024 07:10,2024-06-26 07:51:24,A0053,1
T0004416,Booking.com,email,cancellation,Low,2025-02-26 13:12:00,2025-02-27 04:04:48,A0018,
T0004266,KAYAK,phone,General Query,Medium,2024-08-01 03:18:00,2024-08-02 01:23:24,A0057,4
T0003042,priceline,social,technical issue,Urgent,2024-07-26 03:29:00,2024-07-26 04:09:12,A0039,2
T0002381,agoda,e-mail,TECHNICAL ISSUE,Urgent,2024-10-30 16:37:00,2024-10-30 21:26:48,A0003,3
T0004213,Booking.com,email,Billing,Medium,30/10/2024 17:21,2024-10-30 19:00:00,A0042,8
T0003260,agoda,social,General Query ,Urgent,2024-08-30 17:51:00,2024-08-30 19:52:48,A0021,4
T0004093,Booking.com,social,CANCELLATION,Medium,23/06/2024 13:50,2024-06-23 19:52:24,A0006,2
T0003845,agoda,social,Technical Issue,High,2025-02-21 12:05:00,,A0042,
T0001805,agoda,email,Technical Issue,Low,2024-10-03 22:37:00,2024-10-04 08:27:24,A0048,1
T0001108,agoda,e-mail,Billing,High,2025-01-19 14:25:00,,A0011,
T0001632,Booking.com,phone,Cancellation,Urgent,2024-11-29 22:08:00,,A0026,
T0004665,Booking.com,phone,Cancellation,Low,2024-07-23 07:24:00,2024-07-23 15:29:24,A0012,
T0000944,KAYAK,phone,Cancellation,Medium,2024-12-06 07:58:00,2024-12-06 10:14:12,A0010,2
T0004651,Booking.com,social,Technical Issue,High,2024-11-06 07:04:00,2024-11-06 09:40:00,A0021,
T0003116,agoda,phone,TECHNICAL ISSUE,Low,2024-11-15 09:33:00,2024-11-15 19:11:24,A0005,
T0001226,agoda,social,Booking Change,High,22/06/2024 06:42,,A0041,
T0001860,priceline,e-mail,Cancellation,Urgent,2024-12-28 22:20:00,2024-12-30 16:02:00,A0040,1
T0003486,priceline,social,Booking Change,High,2024-12-10 23:45:00,2024-12-11 08:01:12,A0019,3
T0003247,priceline,chat,Booking Change,Medium,2025-03-19 22:07:00,2025-03-20 00:14:48,A0050,
T0003165,KAYAK,chat,Technical Issue,Urgent,2025-03-04 00:51:00,2025-03-04 07:52:12,A0057,
T0000784,priceline,phone,General Query,Low,14/07/2024 07:13,2024-07-14 13:25:36,A0011,2
T0001015,priceline,social,CANCELLATION,Low,2024-12-18 22:57:00,,A0047,
T0000805,Booking.com,social,Cancellation,High,2025-04-11 12:21:00,2025-04-11 13:12:36,A0043,2
T0002759,agoda,social,Billing ,Medium,2024-06-03 14:57:00,2024-06-03 22:36:36,A0022,
T0000185,Booking.com,PHONE,Billing,Urgent,2025-01-12 15:12:00,2025-01-12 19:07:48,A0057,5
T0004500,KAYAK,social,technical issue,Low,2025-04-06 00:18:00,,A0016,
T0002731,Booking.com,PHONE,Cancellation,High,2025-01-20 21:06:00,2025-01-21 04:10:48,A0002,5
T0000048,Booking.com,email,Booking Change,Medium,2024-09-03 12:28:00,,A0042,
T0000020,Booking.com,chat,Billing,Low,2024-09-01 06:59:00,2024-09-01 10:05:36,A0001,
T0003920,agoda,social,Cancellation,High,2025-01-03 07:43:00,2025-01-03 20:25:36,A0051,
T0004417,agoda,email,Billing,Medium,2024-11-27 05:42:00,2024-11-27 22:47:24,A0020,9
T0000444,KAYAK,phone,Booking Change,High,09/03/2025 04:52,2025-03-09 23:05:48,A0004,2
T0002147,Booking.com,Email,Technical Issue,Low,2024-08-17 21:16:00,2024-08-17 22:26:48,A0039,1
T0002128,Booking.com,phone,Cancellation,Medium,2025-03-12 21:05:00,,A0003,
T0003167,agoda,phone,general query,Urgent,2025-02-11 19:46:00,2025-02-12 01:40:36,A0060,3
T0001096,Booking.com,chat,Technical Issue,Low,08/05/2025 20:27,2025-05-09 02:03:36,A0049,4
T0001796,agoda,phone,Cancellation,Medium,2025-05-06 00:34:00,2025-05-06 20:15:24,A0032,2
T0002863,agoda,chat,Cancellation,Low,2025-01-08 08:24:00,2025-01-08 10:22:12,A0059,
T0003379,KAYAK,social,BILLING,High,2025-05-13 04:36:00,2025-05-13 09:37:48,A0040,5
T0001984,Booking.com,chat,Technical Issue,Urgent,2025-04-30 14:00:00,2025-04-30 18:00:00,A0029,
T0001153,Booking.com,chat,Booking Change,Urgent,2025-03-16 07:59:00,2025-03-16 15:59:00,A0002,1
T0003442,agoda,email,General Query,Medium,2024-07-29 23:50:00,2024-07-30 01:23:36,A0008,5
T0001812,Booking.com,email,Booking Change,Low,2024-08-12 03:41:00,2024-08-12 15:12:48,A0055,4
T0004307,priceline,social,Cancellation,Urgent,2024-08-14 11:41:00,2024-08-15 22:48:12,A0005,5
T0003849,Booking.com,social,General Query,Urgent,2024-11-16 05:04:00,2024-11-17 19:15:24,A0029,1
T0002014,agoda,e-mail,Booking Change,Urgent,2025-05-26 09:03:00,2025-05-26 14:24:36,A0012,4
T0001336,KAYAK,social,general query,Urgent,2024-08-30 00:46:00,2024-08-30 08:00:24,A0029,3
T0002918,KAYAK,phone,Billing ,High,2024-06-24 21:21:00,2024-06-25 03:06:36,A0015,5
T0001956,Booking.com,email,billing,High,2025-01-09 07:13:00,2025-01-09 20:08:48,A0030,4
T0004400,Booking.com,phone,General Query,Medium,2024-09-11 16:25:00,2024-09-12 09:03:24,A0046,
T0004340,agoda,chat,Booking Change,Urgent,22/01/2025 10:07,2025-01-22 22:49:00,A0007,2
T0002611,Booking.com,social,Technical Issue,Urgent,2025-04-24 12:08:00,2025-04-24 16:14:36,A0012,3
T0000119,KAYAK,email,General Query,Urgent,2025-01-18 08:50:00,2025-01-18 12:17:00,A0057,5
T0004219,Booking.com,social,Cancellation,Low,2024-07-19 16:17:00,2024-07-19 17:15:12,A0058,5
T0002591,KAYAK,phone,Booking Change,Urgent,2025-05-15 11:20:00,,A0001,
T0003560,KAYAK,social,General Query,Urgent,25/03/2025 04:18,2025-03-25 05:54:00,A0041,4
T0001364,priceline,email,cancellation,Urgent,2024-07-08 15:34:00,,A0008,
T0002702,priceline,phone,TECHNICAL ISSUE,Low,2024-07-06 23:43:00,,A0014,
T0002905,priceline,chat,Cancellation,High,2024-08-17 09:12:00,2024-08-17 14:24:00,A0019,
T0001907,Booking.com,social,Booking Change,High,2025-04-24 09:16:00,2025-04-24 12:46:00,A0015,4
T0002503,agoda,email,Technical Issue ,Low,2025-02-18 02:50:00,2025-02-18 06:42:48,A0008,
T0003637,Booking.com,phone,BILLING,Urgent,22/01/2025 14:19,2025-01-23 05:51:24,A0050,1
T0000080,KAYAK,e-mail,Booking Change,Medium,18/05/2025 16:16,2025-05-19 13:34:36,A0011,
T0000129,Booking.com,social,Billing,High,2024-08-14 10:48:00,2024-08-14 12:46:12,A0017,
T0003095,priceline,chat,general query,Urgent,2024-12-24 21:19:00,2024-12-25 05:15:24,A0043,2
T0004443,priceline,CHAT,Technical Issue,Urgent,26/09/2024 16:09,2024-09-26 19:47:24,A0036,2
T0000486,agoda,email,Billing,Low,2024-07-11 06:54:00,2024-07-11 14:04:12,A0034,1
T0001957,agoda,chat,Billing,Urgent,2024-12-27 17:57:00,2024-12-27 23:53:24,A0025,2
T0000322,priceline,e-mail,Billing,Urgent,2025-04-29 08:10:00,2025-04-29 15:43:00,A0047,
T0001588,agoda,chat,cancellation,High,2025-02-15 01:10:00,2025-02-15 02:41:48,A0031,5
T0000855,priceline,email,Technical Issue,Urgent,2024-12-13 14:33:00,2024-12-13 23:28:48,A0053,2
T0000174,priceline,social,Cancellation,Urgent,15/07/2024 13:44,2024-07-17 16:06:12,A0033,5
T0000025,Booking.com,phone,technical issue,Medium,2024-11-01 09:40:00,2024-11-01 16:55:00,A0003,10
T0002936,KAYAK,CHAT,Billing,Low,15/01/2025 00:57,2025-01-15 06:08:24,A0032,8
T0004658,priceline,phone,Cancellation,High,03/03/2025 07:49,2025-03-03 17:01:00,A0048,5
T0004994,agoda,email,Booking Change,Low,2024-07-01 13:34:00,2024-07-01 19:56:12,A0005,2
T0001046,agoda,email,Booking Change,Medium,2025-02-18 03:39:00,,A0060,
T0003377,priceline,chat,Technical Issue,Medium,2025-03-10 06:12:00,2025-03-10 13:03:00,A0058,7
T0003991,priceline,chat,Cancellation,Low,2025-03-06 05:43:00,2025-03-06 07:25:00,A0032,
T0000984,Booking.com,email,General Query,Medium,2025-01-25 18:45:00,2025-01-25 22:19:48,A0031,
T0004880,agoda,chat,General Query,High,2024-12-21 08:40:00,2024-12-21 18:52:36,A0042,4
T0000392,agoda,chat,Technical Issue,Medium,2025-02-03 23:21:00,2025-02-04 03:03:00,A0003,10
T0002954,agoda,email,Technical Issue,High,2024-12-06 03:05:00,2024-12-07 01:49:24,A0001,
T0001086,agoda,Email,Booking Change,High,2024-11-23 08:38:00,2024-11-23 16:45:12,A0016,3
T0004064,priceline,social,Booking Change,Low,2024-12-19 16:51:00,2024-12-20 05:16:12,A0049,1
T0001763,priceline,phone,Technical Issue,High,2025-05-30 19:19:00,2025-05-31 08:21:24,A0025,8
T0000686,Booking.com,chat,Technical Issue ,High,2025-02-24 02:41:00,2025-02-24 14:32:00,A0010,4
T0004035,agoda,chat,TECHNICAL ISSUE,High,2024-11-18 18:13:00,2024-11-18 20:50:12,A0051,1
T0001508,KAYAK,email,TECHNICAL ISSUE,High,2025-03-16 21:15:00,,A0021,
T0000180,priceline,email,Cancellation,High,2024-10-27 05:35:00,2024-10-27 05:52:24,A0007,
T0004436,KAYAK,phone,Technical Issue ,Low,2024-12-03 13:34:00,,A0001,
T0004429,KAYAK,social,Booking Change,Urgent,2025-04-07 01:29:00,2025-04-07 05:28:24,A0021,6
T0004682,Booking.com,chat,Billing,Medium,2025-01-16 14:05:00,2025-01-16 20:23:36,A0007,
T0002352,priceline,social,BILLING,Low,2024-12-19 05:28:00,2024-12-19 09:52:36,A0055,5
T0003046,priceline,phone,general query,Medium,2025-05-27 19:35:00,2025-05-27 20:03:12,A0014,4
T0004984,agoda,email,Booking Change,Medium,2024-06-28 03:25:00,2024-06-28 04:10:36,A0029,
T0001961,Booking.com,phone,Booking Change,Medium,12/11/2024 10:05,2024-11-13 14:50:00,A0034,4
T0004483,KAYAK,phone,CANCELLATION,Urgent,2025-02-13 14:26:00,,A0039,
T0004574,agoda,chat,Billing,High,2025-02-21 14:40:00,2025-02-22 03:32:48,A0052,
T0004644,priceline,email,Technical Issue,Medium,2024-12-10 03:35:00,2024-12-10 11:09:48,A0004,4
T0001522,agoda,social,General Query,High,2025-02-09 00:06:00,2025-02-09 08:15:36,A0053,8
T0003546,priceline,email,General Query,Low,2025-04-15 02:21:00,2025-04-15 03:19:48,A0050,
T0000998,agoda,chat,Booking Change,Low,2024-12-21 02:06:00,2024-12-21 09:25:48,A0019,
T0003119,priceline,phone,BOOKING CHANGE,Urgent,2024-09-02 20:26:00,2024-09-03 00:42:48,A0012,3
T0003370,agoda,chat,General Query,Urgent,18/11/2024 09:00,2024-11-18 09:43:12,A0051,2
T0003084,agoda,PHONE,Billing,Low,2025-01-08 16:06:00,2025-01-08 20:04:12,A0025,
T0001491,Booking.com,chat,Cancellation,High,19/02/2025 08:26,2025-02-19 14:00:12,A0018,5
T0000175,Booking.com,CHAT,General Query ,Medium,13/05/2025 22:13,2025-05-14 04:09:24,A0050,
T0002427,priceline,social,Cancellation,Urgent,2024-12-06 11:40:00,2024-12-06 17:59:48,A0019,2
T0004164,agoda,email,cancellation,Urgent,2024-10-25 15:31:00,,A0043,
T0001169,priceline,chat,Cancellation,Medium,05/07/2024 21:39,2024-07-06 00:37:48,A0014,2
T0004438,agoda,chat,Cancellation,Urgent,18/02/2025 05:21,2025-02-18 06:00:36,A0013,
T0003573,priceline,CHAT,Technical Issue,Low,2024-11-21 18:38:00,2024-11-21 19:28:24,A0046,5
T0003262,priceline,phone,Cancellation,Low,2024-12-28 23:29:00,2024-12-29 08:45:48,A0049,2
T0000233,Booking.com,Email,Billing,Medium,2025-05-15 09:35:00,2025-05-15 13:42:12,A0037,1
T0002216,agoda,email,Billing,High,2024-08-13 19:40:00,2024-08-15 08:57:24,A0014,4
T0000189,KAYAK,social,Billing ,Medium,2025-05-20 02:09:00,2025-05-20 06:04:12,A0036,5
T0000910,Booking.com,chat,Cancellation,Urgent,2025-04-20 08:18:00,2025-04-20 20:07:48,A0015,5
T0004954,Booking.com,phone,General Query,Urgent,2025-03-05 09:43:00,2025-03-05 11:47:12,A0052,
T0004295,agoda,email,Cancellation,Low,2024-07-01 07:14:00,2024-07-02 00:08:00,A0055,
T0000693,Booking.com,social,General Query,Urgent,2024-11-28 01:58:00,,A0026,
T0004090,agoda,chat,Technical Issue,Medium,2025-05-11 01:25:00,2025-05-11 02:42:24,A0030,2
T0004459,priceline,email,Booking Change,Urgent,2024-08-27 02:34:00,2024-08-27 13:23:12,A0027,8
T0004178,agoda,email,Cancellation ,Low,2024-11-22 13:55:00,2024-11-22 15:28:00,A0025,5
T0003623,agoda,chat,General Query,High,02/02/2025 22:45,2025-02-03 12:11:24,A0036,1
T0002467,KAYAK,CHAT,Billing ,High,04/08/2024 02:45,,A0038,
T0000319,agoda,chat,CANCELLATION,Medium,07/12/2024 23:45,2024-12-08 08:39:36,A0057,
T0001516,Booking.com,social,Billing,Medium,2025-04-02 15:18:00,2025-04-02 15:43:48,A0031,5
T0004867,Booking.com,e-mail,billing,Low,11/03/2025 13:17,2025-03-11 17:29:00,A0020,1
T0002648,agoda,chat,Booking Change,High,2025-02-05 03:42:00,2025-02-05 05:39:36,A0037,2
T0001878,KAYAK,email,Technical Issue,Urgent,2024-09-13 12:03:00,2024-09-13 12:27:00,A0036,4
T0004467,KAYAK,email,General Query,Medium,2024-08-15 02:49:00,2024-08-15 03:55:00,A0053,5
T0001251,KAYAK,email,BILLING,Urgent,2024-06-27 06:02:00,2024-06-27 10:06:48,A0046,3
T0001920,agoda,chat,billing,High,2025-05-18 08:59:00,2025-05-18 19:50:36,A0008,5
T0004917,agoda,social,Billing ,Urgent,17/03/2025 05:41,2025-03-17 07:50:00,A0038,5
T0001488,Booking.com,social,Booking Change,Low,2024-06-28 20:24:00,2024-06-29 06:48:36,A0017,5
T0000822,agoda,phone,Technical Issue,Medium,25/09/2024 08:51,2024-09-25 09:46:12,A0015,2
T0000365,Booking.com,social,Billing,Low,2025-03-24 22:20:00,2025-03-25 09:52:24,A0010,2
T0000071,priceline,social,CANCELLATION,Low,2025-04-12 16:15:00,2025-04-12 16:45:00,A0041,3
T0004224,Booking.com,social,Bill,Urgent,2024-12-22 06:19:00,2024-12-23 00:49:00,A0023,
T0004774,Booking.com,phone,BOOKING CHANGE,Medium,2024-08-22 19:04:00,2024-08-23 10:45:24,A0035,
T0004761,priceline,phone,Technical Issue,Medium,03/07/2024 23:52,2024-07-04 01:31:36,A0021,2
T0004275,agoda,chat,Technical Issue,Medium,14/02/2025 11:49,2025-02-14 12:19:00,A0033,2
T0004963,priceline,social,Cancellation,Urgent,2025-04-16 22:55:00,2025-04-17 04:10:36,A0039,1
T0002640,KAYAK,social,Booking Change,Urgent,2024-07-18 12:48:00,2024-07-18 16:54:00,A0038,
T0001365,priceline,CHAT,Technical Issue,Low,2024-12-04 16:14:00,,A0059,
T0001262,agoda,email,Technical Issue,Urgent,2025-01-09 20:17:00,2025-01-10 11:04:24,A0007,5
T0002066,Booking.com,email,General Query,Medium,2024-12-05 06:01:00,2024-12-05 07:58:00,A0049,
T0003169,priceline,social,Billing,Low,2024-12-13 14:34:00,2024-12-13 16:37:00,A0049,2
T0000452,KAYAK,chat,General Query,Low,2024-10-05 11:36:00,2024-10-05 12:40:12,A0028,1
T0000949,agoda,e-mail,cancellation,High,2024-07-12 17:37:00,2024-07-13 07:04:00,A0053,
T0000963,KAYAK,phone,Cancellation,High,2025-01-13 05:59:00,,A0035,
T0003692,Booking.com,email,General Query,Medium,2025-01-24 01:37:00,2025-01-24 03:20:48,A0007,2
T0004595,Booking.com,Email,General Query,Low,2025-03-13 21:58:00,2025-03-14 04:49:36,A0058,10
T0004914,KAYAK,CHAT,Billing,Medium,2024-11-18 08:50:00,2024-11-18 19:15:48,A0024,3
T0003420,agoda,chat,Booking Change,Urgent,2024-08-11 20:50:00,2024-08-12 00:39:12,A0026,1
T0000568,priceline,Email,Booking Change,Low,2024-10-01 17:38:00,2024-10-01 19:26:00,A0048,5
T0004886,Booking.com,social,Cancellation,High,2024-09-25 16:01:00,2024-09-25 17:12:24,A0016,3
T0003535,Booking.com,SOCIAL,Billing,Low,10/09/2024 19:40,2024-09-10 22:36:24,A0037,2
T0004478,Booking.com,social,billing,Low,09/02/2025 04:23,2025-02-09 07:30:48,A0051,4
T0003952,priceline,phone,Technical Issue,Urgent,2024-11-01 16:12:00,2024-11-01 22:12:36,A0006,
T0002009,agoda,email,cancellation,Medium,2024-07-25 16:07:00,2024-07-25 16:22:00,A0001,
T0002791,agoda,email,technical issue,High,2025-02-26 13:03:00,2025-02-26 14:06:36,A0045,1
T0004030,Booking.com,chat,Booking Change,High,2025-03-06 21:44:00,2025-03-06 23:12:48,A0029,4
T0001624,agoda,phone,general query,Urgent,2024-12-17 17:11:00,2024-12-17 17:48:48,A0046,10
T0001029,KAYAK,phone,Billing,Urgent,2024-12-27 01:59:00,2024-12-28 15:37:24,A0048,4
T0000881,agoda,social,CANCELLATION,High,2025-05-08 08:43:00,,A0001,
T0000249,Booking.com,phone,Technical Issue,Low,28/06/2024 15:50,2024-06-28 22:47:36,A0019,2
T0004543,Booking.com,chat,Billing,High,2025-04-01 20:52:00,2025-04-02 01:08:12,A0054,3
T0002473,KAYAK,chat,Cancellation,High,2024-08-31 09:51:00,2024-09-01 10:00:36,A0003,2
T0001986,KAYAK,email,General Query,Medium,2025-03-02 18:59:00,2025-03-03 11:33:12,A0024,
T0001205,priceline,email,Billing,Medium,2025-05-22 08:38:00,2025-05-23 11:59:00,A0009,4
T0003076,agoda,social,general query,Low,2025-05-29 04:09:00,2025-05-29 09:39:36,A0055,4
T0003381,Booking.com,phone,General Query,Urgent,2024-11-03 16:55:00,2024-11-03 20:47:12,A0010,
T0002444,KAYAK,social,Billing ,Low,06/09/2024 18:13,,A0005,
T0000458,priceline,chat,Cancellation,Urgent,2024-07-20 05:49:00,2024-07-20 11:55:00,A0044,
T0001761,priceline,chat,Booking Change,Low,2024-07-10 11:09:00,2024-07-10 12:06:00,A0036,4
T0000746,priceline,social,technical issue,Urgent,2024-12-10 01:08:00,2024-12-11 08:12:48,A0051,
T0004935,KAYAK,email,Billing ,Medium,2025-01-28 12:34:00,,A0020,
T0002465,KAYAK,social,cancellation,Medium,2025-01-13 05:05:00,2025-01-13 06:08:00,A0028,2
T0004921,priceline,email,Booking Change,Low,2024-07-27 04:53:00,2024-07-27 12:03:48,A0049,2
T0000075,priceline,social,Billing,Medium,2024-11-03 03:33:00,2024-11-03 05:46:48,A0046,2
T0002126,agoda,social,Cancellation ,High,02/01/2025 23:00,,A0026,
T0002901,agoda,social,Technical Issue,Low,2025-04-05 00:20:00,2025-04-05 19:31:24,A0002,4
T0002533,Booking.com,phone,Cancellation ,Urgent,02/03/2025 06:46,2025-03-02 14:46:36,A0027,5
T0002120,priceline,chat,Bill,Urgent,2024-06-06 19:04:00,2024-06-07 13:40:00,,4
T0001545,agoda,e-mail,General Query,High,22/02/2025 14:01,2025-02-22 23:19:36,A0014,
T0000646,Booking.com,phone,booking change,Urgent,2024-10-23 13:46:00,2024-10-24 06:07:36,A0010,1
T0003634,priceline,social,BOOKING CHANGE,High,2025-05-18 14:12:00,2025-05-18 21:30:36,A0038,10
T0004050,agoda,phone,Booking Change,Urgent,2024-12-15 06:51:00,2024-12-15 10:15:00,A0016,3
T0002617,KAYAK,email,BOOKING CHANGE,Urgent,2024-10-01 16:25:00,2024-10-01 20:02:48,A0025,3
T0002524,agoda,phone,Technical Issue,Medium,2024-11-13 07:48:00,2024-11-13 10:57:00,A0031,2
T0000808,KAYAK,phone,Cancellation,Low,2025-01-22 00:08:00,2025-01-22 08:12:12,A0052,4
T0002903,agoda,e-mail,billing,Urgent,2024-12-30 10:02:00,,A0007,
T0002124,KAYAK,Email,Billing,Medium,2024-08-01 17:35:00,2024-08-01 19:01:24,A0029,
T0001738,KAYAK,chat,cancellation,Medium,2024-08-16 13:14:00,2024-08-16 18:32:36,A0028,5
T0002959,KAYAK,social,Cancellation,Low,05/07/2024 20:17,2024-07-06 02:43:24,A0060,1
T0002613,Booking.com,social,Cancellation,High,2024-06-15 06:16:00,2024-06-15 08:22:00,A0046,
T0001884,Booking.com,phone,Booking Change,Medium,2025-04-16 13:47:00,2025-04-17 07:49:24,A0042,5
T0004337,priceline,chat,Cancellation,Medium,2024-08-05 09:44:00,,A0046,
T0000289,Booking.com,social,Booking Change,Low,28/05/2025 01:42,2025-05-28 04:39:00,A0040,2
T0004949,Booking.com,email,General Query,High,2025-05-07 14:16:00,,A0045,
T0000762,agoda,social,Technical Issue,Medium,16/06/2024 04:22,2024-06-16 05:56:12,A0017,1
T0003686,agoda,e-mail,General Query,High,03/04/2025 20:11,2025-04-03 22:15:12,A0056,2
T0003592,Booking.com,social,General Query,Urgent,2024-07-11 21:00:00,2025-05-01 16:00:00,A0039,
T0001854,agoda,e-mail,Technical Issue,Low,2024-07-29 04:31:00,2024-07-29 13:17:48,A0043,
T0001476,KAYAK,social,billing,High,2025-03-01 14:13:00,2025-03-01 19:26:48,A0051,
T0001312,priceline,social,Booking Change,Medium,26/04/2025 12:35,2025-04-26 14:01:24,A0029,5
T0001305,KAYAK,social,BOOKING CHANGE,Urgent,2024-09-30 17:34:00,2024-09-30 23:55:00,A0008,1
T0003484,agoda,social,Technical Issue,High,17/02/2025 13:29,2025-02-18 17:45:48,A0020,8
T0003615,priceline,phone,Billing,Low,2025-04-01 21:21:00,2025-04-02 13:41:24,A0015,4
T0002871,priceline,chat,General Query,Urgent,2025-03-07 23:26:00,2025-03-08 00:24:12,A0014,5
T0003064,priceline,chat,General Query,Low,2024-12-24 19:34:00,2024-12-25 06:45:24,A0009,
T0004930,agoda,chat,Booking Change,Low,2025-03-24 23:00:00,2025-03-25 00:58:12,A0019,7
T0000072,priceline,phone,Cancellation,High,2025-01-18 17:33:00,2025-01-19 10:52:48,A0022,7
T0004065,agoda,CHAT,technical issue,Low,2025-04-04 03:10:00,2025-04-04 05:24:24,A0033,
T0004297,priceline,email,Billing,Medium,2024-11-20 01:50:00,2024-11-20 23:20:00,A0001,1
T0001224,agoda,PHONE,Booking Change ,High,2024-12-30 09:03:00,2024-12-30 10:19:48,A0042,4
T0002565,KAYAK,chat,Technical Issue,Low,2025-03-26 04:17:00,2025-03-26 14:21:12,A0060,
T0001804,agoda,phone,Booking Change,Urgent,2024-10-01 02:55:00,2024-10-01 12:19:36,A0012,5
T0000643,priceline,social,General Query,Low,2024-09-19 21:29:00,2024-09-20 03:27:12,A0023,1
T0002612,priceline,e-mail,Booking Change,Low,2025-03-27 03:08:00,2025-03-27 10:14:36,A0032,2
T0004234,agoda,chat,Booking Change,Medium,17/12/2024 13:14,2024-12-18 20:14:36,A0047,2
T0003075,Booking.com,chat,General Query,Low,27/05/2025 12:07,2025-05-28 22:40:00,A0021,6
T0004551,priceline,email,General Query,High,2025-03-04 02:35:00,2025-03-04 03:32:00,A0051,2
T0000716,agoda,social,Billing,Urgent,26/11/2024 19:58,,A0021,
T0000311,agoda,chat,CANCELLATION,Medium,2025-04-15 06:12:00,2025-04-15 08:12:00,A0022,
T0003099,priceline,social,Cancellation,Medium,23/01/2025 02:43,2025-01-23 03:44:12,A0001,4
T0000566,Booking.com,chat,billing,Medium,2024-11-18 11:07:00,2024-11-19 00:18:24,A0001,
T0003310,agoda,chat,Cancellation ,Low,2024-07-03 13:52:00,2024-07-04 09:56:12,A0052,
T0001201,KAYAK,phone,Billing,Low,2025-04-09 10:11:00,2025-04-09 16:31:24,A0031,
T0000183,agoda,phone,BILLING,Urgent,2025-04-28 11:20:00,2025-04-28 12:42:12,A0058,
T0003294,agoda,phone,BILLING,Medium,08/02/2025 21:00,2025-02-09 05:05:24,A0033,
T0000520,agoda,chat,CANCELLATION,High,2025-01-07 02:26:00,2025-01-07 06:01:24,A0019,2
T0001841,agoda,chat,Cancellation,Urgent,18/01/2025 12:03,2025-01-18 13:00:36,A0001,
T0004336,agoda,phone,General Query,Urgent,2024-11-05 03:54:00,2024-11-05 04:57:00,A0038,
T0003954,KAYAK,email,CANCELLATION,High,2024-12-20 12:22:00,2024-12-20 13:59:12,A0010,3
T0001944,priceline,phone,General Query,Low,2025-05-19 23:36:00,2025-05-20 17:00:36,A0012,3
T0004175,priceline,social,Cancellation,Medium,2024-11-27 17:54:00,2024-11-27 21:18:00,A0014,4
T0004850,agoda,phone,Booking Change,Urgent,2025-05-16 10:18:00,2025-05-16 11:11:24,A0044,
T0003685,Booking.com,social,Booking Change ,High,2024-12-31 07:50:00,2025-01-01 07:45:48,A0005,3
T0001622,KAYAK,phone,Cancellation,Urgent,2024-08-18 23:41:00,2024-08-19 11:31:24,A0009,
T0002002,KAYAK,social,Cancellation,Low,2025-05-22 12:25:00,2025-05-22 12:40:00,A0040,2
T0002998,agoda,Email,Booking Change,Medium,2025-04-05 19:05:00,,A0050,
T0001544,agoda,social,Cancellation,Medium,2025-05-13 17:02:00,2025-05-13 23:57:48,A0018,
T0000298,Booking.com,email,Booking Change,Urgent,2025-04-03 02:44:00,2025-04-03 03:35:00,A0042,
T0004492,agoda,email,CANCELLATION,Medium,2025-04-26 07:23:00,2025-04-26 11:38:00,A0007,
T0004135,KAYAK,chat,Cancellation,Low,2025-02-21 03:44:00,2025-02-21 04:17:36,A0003,
T0001998,KAYAK,chat,Booking Change,High,2025-05-21 12:50:00,2025-05-21 16:45:12,A0042,4
T0003785,agoda,chat,Cancellation,High,2024-10-01 16:27:00,,A0060,
T0002634,KAYAK,email,Booking Change,Medium,2025-03-20 06:28:00,2025-03-20 08:02:12,A0056,10
T0001760,KAYAK,phone,GENERAL QUERY,Low,2024-06-03 12:40:00,,A0057,
T0002410,agoda,chat,Booking Change,High,01/07/2024 10:34,2024-07-01 22:28:00,A0029,5
T0001416,Booking.com,phone,TECHNICAL ISSUE,Low,2025-01-15 12:18:00,2025-01-15 16:51:00,A0025,1
T0001115,agoda,social,Cancellation,Urgent,2025-05-26 20:14:00,2025-05-27 07:07:24,A0048,
T0003964,agoda,phone,general query,Medium,2024-08-29 23:19:00,,A0009,
T0002489,agoda,social,general query,High,2025-02-19 05:10:00,2025-02-19 08:58:36,A0057,2
T0001202,KAYAK,CHAT,General Query,Low,2024-09-13 03:33:00,2024-09-13 17:59:24,A0005,2
T0000316,agoda,chat,General Query,Urgent,2025-02-11 21:33:00,2025-02-12 10:40:12,A0012,
T0004752,agoda,social,Billing,Medium,09/06/2024 16:49,2024-06-09 19:22:36,A0024,
T0001425,Booking.com,social,TECHNICAL ISSUE,Urgent,2025-05-15 23:14:00,2025-05-16 09:27:48,A0018,3
T0000034,Booking.com,social,Billing ,Low,27/10/2024 08:23,2024-10-27 12:32:36,A0054,
T0001203,priceline,email,Technical Issue,Medium,2025-01-13 18:56:00,2025-01-13 22:01:24,A0056,
T0001749,KAYAK,social,BOOKING CHANGE,Medium,09/03/2025 14:12,2025-03-09 19:37:12,A0019,1
T0004365,agoda,SOCIAL,Booking Change,Urgent,27/08/2024 02:15,2024-08-27 20:09:36,A0025,
T0003813,KAYAK,chat,Cancellation,Low,2025-02-27 22:36:00,2025-02-28 01:35:24,A0018,3
T0000332,priceline,Email,TECHNICAL ISSUE,High,2025-03-01 14:49:00,,A0009,
T0004116,agoda,chat,cancellation,Low,25/07/2024 17:30,2024-07-25 18:53:24,A0045,3
T0000626,priceline,email,Cancellation,High,28/10/2024 09:42,2024-10-28 12:55:48,A0044,2
T0000336,KAYAK,phone,Billing ,Urgent,2024-12-19 22:12:00,2024-12-19 23:30:36,A0053,2
T0000851,agoda,email,Cancellation,Low,13/09/2024 20:00,2024-09-14 03:10:12,A0045,2
T0000584,KAYAK,phone,Bill,High,2025-03-07 16:56:00,2025-03-07 17:34:24,A0018,1
T0004785,KAYAK,social,TECHNICAL ISSUE,Urgent,2024-07-30 10:16:00,2024-07-30 14:11:48,A0033,2
T0004410,KAYAK,email,Booking Change,Medium,27/06/2024 11:10,2024-06-27 18:37:00,A0036,1
T0003606,Booking.com,social,General Query,Urgent,14/02/2025 02:16,2025-02-14 03:26:12,A0042,5
T0004898,Booking.com,chat,General Query,Low,2025-04-21 04:53:00,2025-04-21 15:32:00,A0019,4
T0001717,priceline,chat,Technical Issue,High,2025-01-08 02:20:00,2025-01-08 07:28:24,A0010,1
T0003378,agoda,chat,Cancellation,Urgent,28/09/2024 03:04,2024-09-28 13:14:12,A0001,5
T0001705,Booking.com,chat,Cancellation,Medium,2024-07-23 21:39:00,2024-07-23 22:18:00,A0012,2
T0002225,Booking.com,email,GENERAL QUERY,Low,2024-08-08 06:07:00,2024-08-09 14:05:12,A0045,4
T0002997,agoda,chat,Bill,High,02/04/2025 14:04,2025-04-02 20:04:36,A0059,
T0003802,Booking.com,email,Cancellation,Medium,2025-02-18 15:12:00,2025-02-19 00:19:12,A0050,3
T0002325,priceline,chat,Booking Change,High,2024-08-30 13:06:00,2024-08-30 15:01:12,A0010,2
T0000940,Booking.com,chat,Booking Change,Low,07/01/2025 05:25,2025-01-08 03:50:12,A0048,5
T0001422,Booking.com,social,General Query ,High,2024-12-16 13:50:00,2024-12-17 06:42:48,A0057,3
T0000907,agoda,social,General Query,High,2025-01-29 19:22:00,2025-01-30 02:51:24,A0012,
T0002917,KAYAK,PHONE,Billing,Low,2024-08-16 22:08:00,2024-08-17 08:00:12,A0006,9
T0003840,priceline,PHONE,Cancellation,Urgent,2024-06-28 20:59:00,2024-06-28 22:47:36,A0020,5
T0004553,priceline,phone,BILLING,Urgent,26/03/2025 22:29,2025-03-27 01:14:00,A0052,3
T0002946,priceline,social,General Query,Medium,2025-02-14 03:12:00,2025-02-15 04:19:12,A0006,5
T0003741,agoda,phone,general query,Urgent,2024-11-09 22:58:00,2024-11-10 01:14:48,A0054,2
T0000769,KAYAK,phone,Cancellation,Urgent,2024-06-29 13:09:00,2024-06-30 00:33:00,A0057,2
T0000935,KAYAK,email,Booking Change,High,2025-03-03 17:49:00,2025-03-04 01:49:36,A0014,5
T0004000,agoda,phone,Technical Issue,Urgent,2024-06-10 06:45:00,2024-06-10 07:24:00,A0060,8
T0003177,KAYAK,social,Technical Issue ,Low,29/11/2024 02:56,,A0005,
T0003250,Booking.com,phone,Billing,Urgent,09/03/2025 05:25,,A0045,
T0000102,KAYAK,phone,Booking Change,High,04/02/2025 13:39,2025-02-04 22:27:36,A0041,7
T0004589,priceline,chat,Booking Change,Medium,2024-12-22 14:50:00,2024-12-22 15:44:00,A0002,5
T0004210,priceline,social,general query,High,2025-03-28 10:11:00,2025-03-28 10:27:48,A0035,4
T0001914,priceline,social,Booking Change,Low,2024-11-17 07:25:00,2024-11-17 07:58:00,A0058,
T0000092,agoda,e-mail,billing,Medium,2024-11-15 06:16:00,,A0010,
T0001260,agoda,phone,TECHNICAL ISSUE,Medium,2025-03-22 05:00:00,2025-03-22 10:48:00,A0047,
T0004398,priceline,PHONE,Technical Issue,Low,2025-01-20 23:30:00,2025-01-21 12:25:48,A0030,3
T0003453,Booking.com,chat,Cancellation,Medium,2024-06-10 13:11:00,2024-06-10 18:46:24,A0012,1
T0000803,KAYAK,social,Cancellation,Urgent,2025-04-02 12:41:00,2025-04-02 14:47:00,A0039,3
T0003837,agoda,SOCIAL,general query,Low,2025-03-16 11:48:00,2025-03-16 14:25:12,A0041,2
T0002441,Booking.com,social,Booking Change,Urgent,2025-02-24 23:36:00,2025-02-25 05:39:00,A0035,5
T0004519,Booking.com,social,Billing,Medium,2024-11-13 10:19:00,2024-11-13 11:14:12,A0020,3
T0003023,priceline,Email,BOOKING CHANGE,Medium,2024-12-22 16:17:00,2024-12-23 00:14:36,A0026,
T0000676,agoda,social,Booking Change,Medium,2024-08-12 13:14:00,2024-08-12 23:50:00,A0057,
T0004844,priceline,phone,billing,Low,22/03/2025 02:00,2025-03-22 18:21:36,A0014,
T0001397,Booking.com,phone,General Query,High,2025-03-31 18:38:00,2025-03-31 20:52:24,A0012,3
T0002590,Booking.com,social,BILLING,Low,13/12/2024 19:59,2024-12-13 21:18:12,A0026,3
T0001484,priceline,SOCIAL,GENERAL QUERY,Urgent,2025-04-12 18:13:00,,A0010,
T0002651,agoda,phone,Cancellation,High,2025-05-27 21:08:00,2025-05-28 09:47:00,A0047,1
T0002253,agoda,phone,Billing,Urgent,24/07/2024 05:59,2024-07-24 06:12:48,A0007,2
T0003118,agoda,phone,General Query,Medium,2024-09-15 06:46:00,2024-09-15 10:52:36,A0047,5
T0003764,Booking.com,email,cancellation,Low,2024-12-12 23:50:00,2024-12-13 02:29:36,A0054,
T0000323,priceline,CHAT,BILLING,Low,15/06/2024 02:51,2024-06-15 04:34:12,A0013,2
T0002504,Booking.com,chat,booking change,High,2025-05-11 05:31:00,2025-05-11 14:49:00,A0019,
T0001073,Booking.com,social,Technical Issue,Urgent,20/06/2024 03:02,2024-06-20 07:06:48,A0052,3
T0000771,Booking.com,phone,Billing,Urgent,2024-07-18 19:33:00,2024-07-19 02:09:00,A0031,1
T0004070,Booking.com,chat,GENERAL QUERY,Low,26/04/2025 13:25,2025-04-26 21:40:00,A0019,
T0000442,KAYAK,Email,Booking Change,Medium,2024-06-07 13:14:00,2024-06-07 13:32:00,A0002,
T0002586,Booking.com,social,Cancellation,Low,2024-06-27 23:52:00,2024-06-28 10:53:48,A0059,1
T0002491,Booking.com,SOCIAL,Technical Issue ,Urgent,2025-05-25 23:44:00,2025-05-26 06:03:12,A0023,
T0000612,Booking.com,email,CANCELLATION,Urgent,2025-05-27 23:51:00,2025-05-28 06:05:24,A0017,9
T0004183,KAYAK,social,General Query,High,2024-06-27 07:23:00,2024-06-27 15:30:12,A0052,
T0002210,Booking.com,chat,TECHNICAL ISSUE,Urgent,2024-12-08 15:27:00,2024-12-08 19:46:48,A0023,9
T0003650,agoda,social,Cancellation,Medium,2025-01-29 06:02:00,2025-01-29 11:30:12,A0008,10
T0002851,Booking.com,email,General Query,High,06/10/2024 10:40,2024-10-06 12:13:36,A0026,1
T0000618,agoda,email,Cancellation ,Low,2024-10-11 18:44:00,2024-10-11 20:47:00,,6
T0004111,Booking.com,social,Bill,Medium,2024-08-07 18:12:00,2024-08-07 23:06:36,A0002,4
T0002058,Booking.com,email,Booking Change,Medium,2025-03-05 10:54:00,,A0059,
T0002466,agoda,Email,Booking Change ,Medium,2024-09-03 03:01:00,2024-09-04 20:26:12,A0050,
T0002162,priceline,email,TECHNICAL ISSUE,Low,2024-09-13 04:07:00,2024-09-13 07:17:12,A0045,1
T0002692,Booking.com,Email,TECHNICAL ISSUE,Urgent,2024-09-21 10:00:00,2024-09-21 12:01:12,A0013,7
T0003831,priceline,chat,General Query,Low,2024-12-09 00:59:00,2024-12-09 03:08:36,A0003,4
T0002654,KAYAK,chat,Technical Issue,Urgent,2025-05-29 12:18:00,2025-05-29 16:10:12,A0059,
T0003719,Booking.com,phone,Cancellation,Low,2024-12-13 15:15:00,2024-12-14 04:07:12,A0042,3
T0004083,agoda,e-mail,Booking Change,Medium,2024-06-30 22:17:00,2024-06-30 22:56:36,A0031,5
T0001686,Booking.com,SOCIAL,General Query,Medium,2024-11-17 11:05:00,2024-11-17 23:09:12,A0025,10
T0001580,KAYAK,PHONE,Billing ,High,2025-01-14 00:01:00,2025-01-14 07:43:36,A0048,5
T0000600,Booking.com,email,Booking Change,Urgent,2025-01-02 22:32:00,2025-01-03 02:38:36,A0060,
T0003205,agoda,social,booking change,Urgent,2025-03-18 06:44:00,2025-03-18 14:26:00,A0057,
T0001081,agoda,phone,General Query,Medium,2024-10-30 02:54:00,2024-10-30 19:01:48,A0036,4
T0003228,Booking.com,phone,technical issue,Low,06/12/2024 11:37,2024-12-07 03:49:00,A0003,10
T0003114,priceline,social,Cancellation,Urgent,2024-10-20 12:12:00,2024-10-20 19:45:36,A0038,
T0002981,KAYAK,phone,GENERAL QUERY,High,26/05/2025 17:39,2025-05-27 00:25:12,A0001,3
T0000091,KAYAK,chat,Booking Change,High,2025-04-26 22:15:00,2025-04-27 00:56:24,A0011,
T0002348,Booking.com,social,Technical Issue,High,2025-04-17 07:43:00,2025-04-17 08:43:36,A0020,3
T0000838,Booking.com,chat,Cancellation,High,2025-05-24 01:53:00,,A0003,
T0002280,priceline,email,Technical Issue,High,2025-05-17 00:28:00,2025-05-18 08:11:48,A0040,5
T0000970,Booking.com,phone,Booking Change,Low,17/10/2024 15:12,2024-10-17 18:08:24,A0044,
T0001404,Booking.com,phone,Cancellation ,High,25/09/2024 18:55,2024-09-25 22:37:00,A0023,2
T0003217,KAYAK,email,TECHNICAL ISSUE,High,2024-07-11 23:57:00,2024-07-12 02:14:24,A0052,3
T0000659,Booking.com,PHONE,BOOKING CHANGE,High,2025-01-10 06:17:00,2025-01-12 04:57:48,A0007,3
T0002046,priceline,chat,Cancellation,Low,01/07/2024 07:27,2024-07-01 08:10:12,A0058,5
T0004944,KAYAK,phone,General Query,Medium,2025-01-11 05:00:00,2025-01-11 05:55:12,A0031,5
T0001490,agoda,phone,General Query,Medium,2024-08-11 01:35:00,,A0016,
T0002259,priceline,Email,Cancellation,Low,06/06/2024 18:22,2024-06-08 20:01:00,A0057,9
T0002597,priceline,Email,Billing,Medium,19/05/2025 10:02,2025-05-19 17:57:48,A0014,1
T0004361,priceline,email,Technical Issue,High,2025-05-25 20:39:00,2025-05-26 06:36:00,A0024,4
T0001000,KAYAK,phone,Cancellation,Urgent,2024-07-16 00:09:00,2024-07-16 01:07:12,A0043,5
T0000155,Booking.com,social,General Query,Urgent,2024-10-10 18:57:00,2024-10-11 15:23:24,A0025,
T0004583,KAYAK,e-mail,CANCELLATION,High,2024-07-26 19:55:00,2024-07-26 21:07:36,A0037,1
T0001724,priceline,phone,BILLING,High,2024-12-30 19:00:00,2024-12-31 02:16:12,A0038,1
T0003927,Booking.com,chat,Booking Change,Urgent,2024-08-24 17:50:00,2024-08-25 06:30:12,A0042,4
T0002341,Booking.com,email,General Query,Medium,2024-08-29 03:30:00,2024-08-29 19:39:36,A0055,
T0004278,priceline,email,General Query,High,14/12/2024 08:56,2024-12-14 09:33:48,A0014,
T0003642,KAYAK,phone,booking change,Urgent,2024-10-18 08:48:00,2024-10-18 13:30:00,A0002,6
T0003246,Booking.com,CHAT,Booking Change ,Low,2025-05-16 18:28:00,2025-05-17 02:36:24,A0018,5
T0004461,priceline,phone,Booking Change,Low,2024-07-03 15:59:00,2024-07-03 16:30:12,A0046,4
T0001066,KAYAK,chat,BOOKING CHANGE,Medium,2024-06-20 23:37:00,2024-06-21 04:58:00,A0042,5
T0004708,KAYAK,social,Billing,High,2025-02-02 18:26:00,2025-02-03 01:46:24,A0028,5
T0000950,priceline,SOCIAL,General Query,High,2025-01-26 06:10:00,2025-01-26 13:44:12,A0046,3
T0001091,KAYAK,CHAT,Billing,Medium,03/02/2025 14:41,2025-02-03 15:12:48,A0017,3
T0001801,KAYAK,email,CANCELLATION,High,2024-07-21 08:40:00,2024-07-21 15:54:24,A0051,4
T0002121,Booking.com,phone,Billing,Medium,2024-09-12 01:21:00,2024-09-12 05:46:48,A0042,
T0004578,priceline,chat,Cancellation,High,24/03/2025 14:38,2025-03-24 19:30:48,A0023,7
T0004486,Booking.com,Email,Bill,Low,08/03/2025 06:44,,A0055,
T0003492,priceline,chat,Technical Issue ,Medium,2024-10-05 03:22:00,2024-10-05 10:14:48,A0049,
T0000165,priceline,social,Cancellation,Urgent,2024-12-20 17:23:00,2024-12-20 23:41:00,A0013,1
T0003318,agoda,email,Billing,Low,2024-07-22 00:36:00,2024-07-23 07:00:00,A0021,5
T0002688,agoda,email,Booking Change,Low,27/09/2024 09:20,2024-09-27 17:02:36,A0028,
T0004712,KAYAK,phone,General Query,High,2024-12-14 23:57:00,2024-12-15 08:41:24,A0022,5
T0001506,KAYAK,CHAT,Billing,High,2024-11-10 11:56:00,2024-11-11 02:00:12,A0050,1
T0003062,Booking.com,chat,Booking Change ,Urgent,2024-06-04 10:50:00,2024-06-02 18:50:00,A0056,1
T0003566,agoda,social,Billing,High,2024-07-02 03:55:00,2024-07-02 07:27:24,A0029,1
T0004938,priceline,chat,TECHNICAL ISSUE,Low,29/08/2024 21:22,2024-08-30 01:34:00,A0054,2
T0002948,Booking.com,social,Booking Change ,Low,2025-02-28 07:15:00,2025-02-28 20:11:24,A0051,
T0003485,priceline,phone,Billing,Urgent,2024-12-19 09:29:00,2024-12-19 15:45:48,A0053,
T0004150,agoda,phone,Billing ,High,2025-03-05 10:00:00,2025-03-05 12:11:24,A0040,
T0003432,KAYAK,phone,GENERAL QUERY,Medium,2024-10-07 14:00:00,2024-10-08 18:46:48,A0026,
T0001390,KAYAK,social,Billing,Low,02/02/2025 06:18,2025-02-02 08:03:00,A0010,4
T0002806,agoda,chat,Cancellation,High,2025-02-21 11:17:00,2025-02-21 15:32:00,A0044,
T0000394,agoda,chat,Technical Issue,High,2025-01-18 11:45:00,2025-01-18 15:30:36,A0041,
T0002402,KAYAK,chat,Booking Change,Medium,2025-02-16 05:30:00,2025-02-16 07:23:24,A0047,1
T0001790,agoda,phone,Cancellation,Medium,2024-06-04 18:09:00,2024-06-04 20:37:12,A0007,2
T0000754,KAYAK,phone,General Query,Low,2025-03-18 21:35:00,2025-03-19 08:08:00,A0002,4
T0002758,priceline,CHAT,billing,Urgent,2024-08-23 14:12:00,2024-08-23 18:13:12,A0030,4
T0004490,Booking.com,chat,Billing,High,2025-05-18 15:54:00,2025-05-19 06:24:00,A0030,1
T0003681,priceline,phone,general query,Low,2024-07-02 10:14:00,2024-07-02 20:11:00,A0052,4
T0000542,KAYAK,e-mail,Booking Change,Medium,2024-07-10 02:06:00,2024-07-10 08:32:24,A0040,2
T0000130,KAYAK,email,Booking Change,Medium,2024-08-03 11:30:00,2024-08-03 16:21:36,A0060,
T0004529,Booking.com,chat,Booking Change,Low,2025-05-14 04:46:00,2025-05-14 19:26:48,A0057,4
T0001930,KAYAK,chat,Technical Issue,High,2024-10-14 14:07:00,2024-10-14 17:40:00,A0019,5
T0004109,agoda,social,Billing,Medium,22/06/2024 19:08,2024-06-22 20:50:00,A0024,2
T0004605,Booking.com,chat,Booking Change,Urgent,2024-08-16 04:03:00,,A0043,
T0002088,Booking.com,email,GENERAL QUERY,Medium,2025-05-18 11:31:00,2025-05-18 17:55:00,A0059,3
T0004508,agoda,social,General Query,High,2024-07-03 00:05:00,2024-07-03 10:27:12,A0018,4
T0001685,priceline,phone,General Query,Medium,2024-10-13 16:32:00,2024-10-13 17:12:12,A0005,
T0004633,KAYAK,chat,Technical Issue,High,19/06/2024 03:53,2024-06-19 10:37:24,A0036,10
T0004521,agoda,PHONE,Billing,Medium,2024-07-19 00:14:00,,A0041,
T0003882,KAYAK,chat,General Query,Medium,2024-12-16 03:03:00,2024-12-16 03:40:12,A0055,1
T0001666,agoda,SOCIAL,Cancellation,High,2025-03-31 02:37:00,2025-03-31 08:14:48,A0052,8
T0004002,KAYAK,email,Cancellation,Urgent,2025-05-27 15:53:00,,A0012,
T0002656,Booking.com,phone,Billing,High,2025-03-28 08:54:00,2025-03-28 13:14:24,A0036,3
T0002870,priceline,social,billing,High,2025-03-04 15:35:00,2025-03-04 20:42:48,A0044,1
T0002378,Booking.com,chat,BOOKING CHANGE,High,2024-09-25 11:18:00,2024-09-25 11:59:24,A0039,5
T0002161,priceline,phone,Technical Issue,High,2024-08-18 03:16:00,2024-08-18 10:52:00,A0042,
T0002074,priceline,chat,Billing,Medium,2024-09-06 23:21:00,2024-09-07 04:30:36,A0052,5
T0000057,priceline,social,Booking Change,Medium,2024-09-10 14:15:00,2024-09-10 16:36:00,A0042,4
T0004301,Booking.com,email,Technical Issue,Urgent,2025-05-08 04:20:00,2025-05-08 10:07:24,A0013,2
T0001162,agoda,social,general query,Medium,29/09/2024 04:38,2024-09-29 10:36:12,A0011,1
T0001602,KAYAK,chat,General Query,High,2025-05-14 13:10:00,2025-05-16 02:25:00,A0015,5
T0001667,priceline,chat,Cancellation,Medium,01/04/2025 18:33,2025-04-01 22:06:00,A0027,4
T0001886,Booking.com,social,Booking Change,Medium,2024-11-15 13:28:00,2024-11-16 16:12:24,A0039,
T0003828,agoda,social,Cancellation,Medium,12/08/2024 08:31,2024-08-12 16:55:00,A0008,2
T0000704,agoda,phone,CANCELLATION,Medium,2025-05-20 02:27:00,2025-05-20 13:32:24,A0039,3
T0004209,agoda,social,Billing,Medium,2024-09-30 10:36:00,2024-09-30 19:10:12,A0050,
T0000116,Booking.com,social,Cancellation,Low,2024-12-05 23:45:00,2024-12-06 01:12:00,A0046,
T0000413,Booking.com,chat,General Query,Urgent,2024-07-01 23:18:00,2024-07-02 00:16:12,A0054,
T0001720,KAYAK,chat,Technical Issue,High,08/10/2024 14:22,2024-10-08 22:16:36,A0011,1
T0004244,KAYAK,social,General Query,Low,2024-12-05 15:15:00,2024-12-06 00:48:00,A0038,4
T0001769,KAYAK,social,Booking Change,High,2025-04-26 10:01:00,2025-04-26 15:13:00,A0030,8
T0001990,KAYAK,social,Billing ,Urgent,2025-01-30 10:05:00,2025-01-30 12:26:00,A0031,3
T0002873,Booking.com,phone,Technical Issue,Urgent,2024-08-05 17:24:00,2024-08-05 20:32:24,A0040,
T0004468,agoda,social,Booking Change,Low,2025-03-05 17:04:00,2025-03-06 00:23:48,A0034,
T0001387,priceline,phone,General Query ,Urgent,2024-10-29 20:10:00,2024-10-30 00:32:48,A0041,1
T0002068,Booking.com,SOCIAL,Technical Issue ,Urgent,2025-01-05 06:30:00,2025-01-05 08:13:12,A0028,6
T0001597,KAYAK,social,general query,Low,2024-07-20 07:19:00,2024-07-20 08:58:36,A0011,1
T0004397,KAYAK,phone,CANCELLATION,High,2025-01-08 17:19:00,2025-01-08 19:29:48,A0010,2
T0000243,KAYAK,phone,Billing,Urgent,2024-07-29 01:53:00,2024-07-29 10:39:12,A0057,5
T0000574,Booking.com,phone,BOOKING CHANGE,Low,2025-02-20 11:18:00,2025-02-20 11:56:24,A0033,
T0001342,priceline,chat,Booking Change,High,2024-10-23 17:46:00,2024-10-24 00:34:36,A0032,1
T0004677,Booking.com,chat,Cancellation,High,2024-12-22 03:09:00,2024-12-22 14:32:24,A0049,3
T0000268,agoda,phone,Technical Issue,High,2024-11-09 01:09:00,2024-11-09 07:29:24,A0055,7
T0001024,KAYAK,social,Booking Change,Low,2024-07-15 04:09:00,2024-07-15 11:10:48,A0054,5
T0003460,KAYAK,Email,technical issue,Urgent,2024-11-09 11:40:00,2024-11-09 15:46:00,A0028,5
T0002904,priceline,chat,Booking Change,Urgent,2025-05-03 03:52:00,,A0024,
T0001460,priceline,social,cancellation,High,2025-02-01 19:38:00,2025-02-02 00:08:36,A0030,3
T0001547,priceline,social,Technical Issue,Medium,2024-12-21 11:28:00,2024-12-21 14:11:48,A0042,2
T0001022,priceline,chat,BOOKING CHANGE,Medium,19/11/2024 23:20,2024-11-20 05:30:12,A0021,5
T0002097,KAYAK,phone,General Query ,Low,2024-07-01 03:01:00,2024-07-01 04:19:00,A0039,
T0001904,KAYAK,social,General Query,Urgent,08/11/2024 22:44,2024-11-09 15:37:24,A0031,5
T0003766,Booking.com,email,technical issue,Urgent,2024-08-30 12:33:00,2024-08-30 13:35:24,A0032,
T0001070,Booking.com,chat,Cancellation ,Urgent,2024-08-26 06:28:00,2024-08-26 09:08:48,A0048,1
T0004300,priceline,social,General Query,Urgent,11/05/2025 09:56,2025-05-11 11:00:12,A0023,5
T0000651,priceline,email,Technical Issue,Low,2024-11-28 23:07:00,2024-11-29 16:02:12,A0003,10
T0000455,KAYAK,phone,Billing,Urgent,2025-02-20 12:22:00,2025-02-20 17:19:36,A0004,
T0001681,Booking.com,phone,Technical Issue,Urgent,2024-08-25 15:33:00,2024-08-25 16:07:12,A0060,8
T0004263,priceline,phone,Billing,Medium,2024-11-26 20:30:00,,A0025,
T0004683,Booking.com,social,Technical Issue ,Urgent,2024-09-22 22:32:00,2024-09-23 12:44:36,A0016,
T0000088,agoda,email,CANCELLATION,Urgent,2025-05-25 07:31:00,2025-05-26 06:03:24,A0058,
T0002835,KAYAK,phone,Technical Issue,Medium,2024-12-04 08:45:00,2024-12-04 12:21:36,A0018,3
T0000387,agoda,social,Billing,Urgent,14/07/2024 02:03,2024-07-15 15:35:24,A0037,
T0003164,agoda,phone,General Query,Low,31/05/2025 11:54,2025-05-31 13:30:36,A0011,3
T0001377,KAYAK,social,Billing,Low,2024-06-14 10:32:00,2024-06-14 18:25:24,A0015,3
T0003101,KAYAK,chat,BOOKING CHANGE,Medium,2025-03-15 21:43:00,,A0047,
T0004706,KAYAK,social,Technical Issue,Low,2024-08-04 20:46:00,2024-08-05 00:35:12,A0017,2
T0004531,agoda,chat,Bill,Medium,2025-01-31 02:14:00,2025-01-31 10:33:48,A0021,5
T0000407,KAYAK,Email,Booking Change,High,2024-10-11 07:11:00,2024-10-11 12:16:24,A0044,
T0004402,agoda,social,General Query,Medium,20/12/2024 20:38,2024-12-21 06:24:48,A0028,2
T0002775,priceline,social,Billing,Urgent,2024-08-26 08:23:00,2024-08-26 13:52:24,A0032,3
T0002604,KAYAK,phone,Technical Issue,Urgent,2025-02-14 09:10:00,2025-02-15 08:21:24,A0018,5
T0004807,KAYAK,CHAT,BOOKING CHANGE,Low,2025-01-22 21:37:00,2025-01-23 00:48:24,A0043,7
T0002929,priceline,social,General Query ,Medium,2024-10-25 00:47:00,2024-10-25 01:26:36,A0026,3
T0003172,priceline,social,Booking Change,Medium,2025-04-20 10:00:00,2025-04-20 19:10:12,A0016,2
T0004812,KAYAK,phone,Cancellation,Urgent,2025-02-16 19:24:00,2025-02-16 20:01:48,A0022,2
T0003969,priceline,email,Billing ,Low,2025-01-02 04:35:00,2025-01-02 06:55:24,A0024,9
T0001512,Booking.com,social,booking change,High,2024-07-13 08:04:00,2024-07-13 08:23:12,A0002,2
T0001281,Booking.com,social,General Query,Low,2025-04-03 21:48:00,2025-04-04 13:16:12,A0017,2
T0002914,priceline,phone,TECHNICAL ISSUE,Medium,2025-04-15 10:36:00,2025-04-16 07:27:36,A0047,4
T0003959,KAYAK,social,Cancellation,Medium,2024-06-02 13:21:00,2024-06-02 20:04:12,A0052,
T0000391,Booking.com,social,General Query,High,2024-11-29 02:55:00,2024-11-29 10:15:24,A0034,
T0001658,priceline,phone,Billing ,Urgent,2024-08-24 14:21:00,2024-08-24 14:42:00,A0021,5
T0001553,agoda,email,GENERAL QUERY,High,2025-03-20 13:57:00,2025-03-20 14:11:24,A0050,4
T0001092,agoda,chat,BILLING,Urgent,2024-12-27 09:38:00,2024-12-28 03:03:48,A0018,2
T0000894,KAYAK,PHONE,CANCELLATION,Low,2025-03-16 00:34:00,2025-03-16 05:41:48,A0009,4
T0000993,KAYAK,phone,Cancellation ,Medium,2024-12-09 19:30:00,2024-12-09 20:22:12,A0059,5
T0003229,priceline,chat,GENERAL QUERY,Urgent,22/12/2024 19:02,,A0002,
T0004839,KAYAK,email,Technical Issue,Urgent,18/04/2025 10:18,2025-04-18 15:54:00,A0039,10
T0004775,agoda,social,Billing,Medium,2025-03-17 10:36:00,2025-03-17 11:34:12,A0052,5
T0004702,Booking.com,phone,Technical Issue,Low,26/06/2024 10:21,2024-06-26 11:14:24,A0043,4
T0001892,Booking.com,phone,Billing,High,05/11/2024 13:06,2024-11-05 17:22:48,A0050,1
T0003678,priceline,chat,Booking Change,Urgent,2024-06-03 19:34:00,2024-06-04 20:13:00,A0008,5
T0003157,priceline,social,CANCELLATION,Urgent,17/11/2024 17:14,2024-11-18 17:05:36,A0038,6
T0002183,Booking.com,Email,general query,High,2024-08-03 04:25:00,2024-08-03 17:12:24,A0053,4
T0003657,agoda,Email,Technical Issue,Medium,2024-10-16 16:12:00,2024-10-16 22:39:36,A0050,1
T0002258,priceline,chat,Billing,Low,24/08/2024 23:39,2024-08-25 00:01:12,A0051,2
T0000905,KAYAK,email,Technical Issue,Low,27/08/2024 18:54,2024-08-27 21:00:36,A0025,2
T0003872,agoda,social,Booking Change,Medium,01/10/2024 03:20,,A0029,
T0001782,KAYAK,phone,Cancellation,Low,2025-01-10 03:43:00,2025-01-10 13:53:12,A0003,
T0000437,priceline,e-mail,General Query,Low,2025-05-27 05:23:00,2025-05-27 13:14:36,A0058,1
T0000535,KAYAK,chat,Cancellation,Medium,2024-07-07 18:02:00,2024-07-07 19:54:12,A0023,
T0000962,agoda,e-mail,billing,Urgent,2024-09-16 00:37:00,2024-09-16 17:16:00,A0013,3
T0003027,KAYAK,social,Booking Change,Medium,2024-06-11 01:55:00,2024-06-12 07:49:00,A0005,1
T0001719,agoda,phone,Billing,Urgent,2024-12-11 18:25:00,2024-12-11 23:17:48,A0030,
T0002911,Booking.com,social,Cancellation,Medium,2024-10-09 04:38:00,2024-10-10 11:41:36,A0050,3
T0003092,KAYAK,social,General Query,Urgent,2024-10-05 07:46:00,2024-10-05 13:22:36,A0022,
T0001949,agoda,phone,Booking Change,Low,2025-05-25 09:44:00,,A0014,
T0004457,KAYAK,chat,Technical Issue,High,2024-12-27 10:28:00,2024-12-27 16:25:00,A0043,1
T0003273,KAYAK,social,Booking Change,Urgent,2025-05-02 06:09:00,2025-05-02 06:27:00,A0024,
T0004951,agoda,phone,General Query,Urgent,2024-07-24 10:39:00,2024-07-24 11:37:48,A0029,5
T0004305,priceline,phone,Billing,High,2025-03-12 12:51:00,2025-03-12 21:11:24,A0058,
T0003889,KAYAK,chat,Cancellation,High,2025-03-22 16:28:00,2025-03-23 18:02:12,A0056,
T0001631,Booking.com,social,Technical Issue,Low,2025-03-31 10:50:00,2025-03-31 15:50:00,A0011,1
T0002545,priceline,phone,Booking Change,Medium,24/04/2025 19:22,2025-04-25 12:35:48,A0048,
T0001301,Booking.com,social,billing,Urgent,18/04/2025 15:24,2025-04-18 18:04:12,A0025,9
T0004952,KAYAK,social,Billing ,High,2024-06-03 02:53:00,2024-06-03 05:43:24,A0013,3
T0003905,priceline,phone,Technical Issue,Medium,2025-02-12 23:29:00,2025-02-13 06:44:00,A0040,4
T0003593,priceline,chat,General Query,Low,2025-04-24 22:26:00,2025-04-25 14:56:00,A0027,
T0002015,agoda,email,Booking Change,High,2024-10-14 14:23:00,2024-10-14 16:41:36,A0040,5
T0000232,KAYAK,social,Billing,Medium,2024-12-30 15:11:00,,A0026,
T0004873,Booking.com,phone,Booking Change,Urgent,2024-07-10 03:20:00,2024-07-10 13:59:36,A0051,4
T0004650,Booking.com,CHAT,Cancellation,Low,16/05/2025 07:00,2025-05-16 08:02:24,A0013,4
T0004212,priceline,chat,Cancellation ,Low,04/12/2024 13:11,2024-12-04 16:13:24,A0043,
T0001709,priceline,chat,Booking Change,Low,2024-08-25 01:23:00,2024-08-25 15:38:00,,4
T0002756,Booking.com,email,BOOKING CHANGE,Low,2024-06-04 22:44:00,2024-06-05 02:55:24,A0042,
T0002434,priceline,social,Booking Change,High,2025-01-03 06:51:00,2025-01-03 15:33:00,A0025,1
T0001005,priceline,phone,TECHNICAL ISSUE,Medium,11/11/2024 04:37,2024-11-11 08:33:24,A0004,
T0003647,KAYAK,email,General Query,High,2024-07-19 06:38:00,2024-07-19 07:08:36,A0058,8
T0002446,Booking.com,chat,GENERAL QUERY,Urgent,2024-09-16 23:01:00,2024-09-17 01:49:00,A0035,
T0001031,priceline,social,Booking Change,Low,2024-08-14 02:49:00,2024-08-14 09:19:00,A0049,4
T0003488,KAYAK,social,Billing,Urgent,2024-08-03 10:15:00,2024-08-03 12:55:48,A0041,2
T0004201,agoda,email,Booking Change,Low,2025-02-04 15:43:00,,A0041,
T0000654,KAYAK,phone,general query,High,08/02/2025 07:00,2025-02-08 10:11:24,A0027,
T0000150,priceline,phone,Billing,Urgent,07/02/2025 08:18,2025-02-07 10:27:00,A0023,5
T0002571,Booking.com,social,Cancellation,Urgent,2024-08-18 14:56:00,2024-08-18 17:09:12,A0002,
T0003978,priceline,chat,General Query,Medium,2024-06-17 14:01:00,2024-06-17 19:07:36,A0026,3
T0002153,Booking.com,chat,Cancellation,High,2025-01-06 10:25:00,2025-01-06 14:01:00,A0015,3
T0002899,agoda,social,Technical Issue,Medium,2025-02-12 02:50:00,2025-02-12 05:35:36,A0055,2
T0003397,Booking.com,CHAT,Cancellation,Low,2024-08-13 05:32:00,2024-08-14 07:16:24,A0031,
T0004735,agoda,phone,Technical Issue,Medium,2024-09-05 20:23:00,2024-09-06 01:41:36,A0039,1
T0002305,agoda,email,Technical Issue,High,2025-01-02 16:11:00,2025-01-02 19:11:00,A0043,2
T0002852,Booking.com,chat,Technical Issue,Medium,19/12/2024 07:13,2024-12-19 09:34:00,A0045,4
T0000239,agoda,phone,General Query,Medium,2024-07-07 19:31:00,2024-07-08 16:10:00,A0050,8
T0001060,priceline,email,technical issue,High,2024-06-10 04:53:00,2024-06-10 06:43:24,A0053,5
T0004040,priceline,chat,Cancellation,High,2024-11-25 10:49:00,2024-11-25 11:55:00,A0046,2
T0004388,priceline,social,Cancellation,Medium,20/09/2024 18:22,2024-09-20 23:10:36,A0002,3
T0000588,agoda,PHONE,Technical Issue,Medium,2025-03-08 14:52:00,2025-03-09 18:46:36,A0019,
T0000055,Booking.com,email,billing,Urgent,2025-04-29 01:30:00,2025-04-29 04:51:00,A0032,
T0003272,agoda,social,Technical Issue,Urgent,21/10/2024 19:17,2024-10-22 05:45:48,A0036,4
T0000350,KAYAK,social,Billing,Urgent,2025-05-31 19:45:00,2025-06-01 10:25:12,A0010,4
T0004158,Booking.com,chat,Cancellation,Medium,2024-10-15 17:24:00,2024-10-17 02:23:24,A0040,5
T0003726,KAYAK,chat,Cancellation,Low,2024-08-07 17:51:00,2024-08-07 23:43:48,A0060,3
T0001187,priceline,email,Booking Change,High,2024-12-07 02:45:00,2024-12-08 18:55:12,A0039,
T0004527,priceline,phone,Technical Issue,High,2025-04-26 10:14:00,,A0034,
T0000001,Booking.com,email,GENERAL QUERY,Medium,06/09/2024 02:13,2024-09-06 03:20:48,A0040,5
T0000521,Booking.com,chat,Technical Issue,Urgent,2024-06-08 16:26:00,2024-06-09 01:35:36,A0003,3
T0001750,KAYAK,chat,Billing,Urgent,2025-03-24 19:28:00,2025-03-24 20:23:12,A0049,3
T0004270,priceline,email,cancellation,Urgent,2024-10-29 15:06:00,2024-10-29 22:42:36,A0046,1
T0002879,priceline,email,Billing,High,2024-09-20 13:59:00,2024-09-20 16:31:24,A0033,3
T0003066,KAYAK,phone,Cancellation,Urgent,2024-10-10 23:52:00,2024-10-12 06:50:48,A0018,1
T0002535,priceline,chat,Cancellation,High,2024-11-19 21:30:00,2024-11-19 21:46:12,A0020,
T0002964,Booking.com,chat,Bill,High,2024-12-16 01:15:00,2024-12-16 16:38:24,A0001,
T0000983,priceline,chat,Cancellation,Medium,2024-06-16 15:57:00,2024-06-16 17:08:24,A0052,4
T0001497,Booking.com,social,Billing,Low,2024-12-03 08:48:00,,A0022,
T0002142,agoda,phone,General Query,Medium,05/02/2025 07:16,2025-02-06 03:54:24,A0011,5
T0002496,priceline,phone,billing,Low,2024-10-31 14:27:00,2024-10-31 14:51:36,A0013,4
T0002892,agoda,email,Billing,Medium,2024-08-13 08:07:00,2024-08-13 11:49:00,A0028,
T0003445,KAYAK,social,Cancellation ,High,2024-08-06 01:29:00,2024-08-06 02:05:36,A0014,
T0000665,KAYAK,phone,Technical Issue ,High,2024-10-13 10:56:00,2024-10-13 20:04:24,A0050,
T0004298,KAYAK,chat,Cancellation,High,2024-11-21 03:55:00,2024-11-21 07:38:12,A0029,1
T0002765,priceline,email,Cancellation,Urgent,2025-04-12 18:00:00,2025-04-13 19:40:48,A0055,
T0001908,agoda,chat,General Query,High,2024-09-24 23:43:00,,A0055,
T0000331,KAYAK,chat,Technical Issue,Urgent,2025-02-26 09:49:00,2025-02-26 18:37:36,A0050,1
T0000823,KAYAK,phone,BOOKING CHANGE,High,2024-09-29 04:27:00,2024-09-29 14:45:36,A0019,3
T0004132,Booking.com,Email,Billing,Urgent,2024-11-26 04:55:00,2024-11-26 07:48:24,A0047,3
T0000484,Booking.com,email,BOOKING CHANGE,High,2025-05-19 14:49:00,,A0024,
T0003957,Booking.com,email,Billing,High,2024-08-28 23:50:00,,A0035,
T0003340,agoda,social,Booking Change,Low,2025-05-22 22:25:00,2025-05-23 03:13:36,A0026,3
T0002071,Booking.com,social,TECHNICAL ISSUE,High,25/01/2025 14:51,,A0008,
T0000027,Booking.com,email,Booking Change,Low,2024-06-22 04:40:00,2024-06-22 05:45:24,A0030,
T0001563,KAYAK,chat,General Query,Low,2025-03-21 00:53:00,2025-03-21 03:08:00,A0002,
T0002284,priceline,email,Billing,Medium,03/02/2025 03:07,2025-02-03 05:08:12,A0025,3
T0002541,Booking.com,social,General Query,Urgent,2024-09-07 20:32:00,2024-09-08 14:45:12,A0060,5
T0004520,priceline,email,Booking Change,Urgent,06/02/2025 18:12,2025-02-07 08:27:00,A0030,2
T0001278,agoda,chat,Booking Change,High,2024-09-19 07:16:00,2024-09-19 13:40:36,A0054,5
T0002459,priceline,chat,general query,Low,2025-02-17 14:36:00,,A0050,
T0003960,agoda,SOCIAL,Billing,Low,2025-04-23 00:55:00,2025-04-23 07:02:12,A0009,5
T0002975,agoda,e-mail,General Query ,High,13/08/2024 19:47,2024-08-14 03:45:12,A0052,2
T0000565,Booking.com,email,CANCELLATION,High,2025-01-29 18:47:00,2025-01-29 22:09:12,A0039,
T0000167,KAYAK,social,Booking Change,Medium,2025-01-26 07:10:00,2025-01-26 09:19:00,A0046,5
T0001844,KAYAK,e-mail,General Query,Low,2024-08-23 19:06:00,2024-08-23 19:59:24,A0021,
T0004192,Booking.com,chat,Billing,Low,2024-07-20 11:21:00,,A0060,
T0001100,agoda,chat,BOOKING CHANGE,Medium,27/07/2024 17:11,2024-07-27 22:53:00,A0023,1
T0003317,Booking.com,email,Technical Issue ,Medium,17/05/2025 05:21,2025-05-17 10:51:00,A0038,4
T0000136,agoda,social,booking change,Medium,2025-02-23 07:45:00,2025-02-23 15:17:24,A0038,
T0000354,agoda,social,General Query ,Low,2025-01-25 18:35:00,2025-01-26 09:56:00,A0044,
T0000625,KAYAK,phone,General Query,Urgent,08/05/2025 04:17,,A0033,
T0000703,priceline,chat,Booking Change,High,2025-01-10 01:32:00,2025-01-10 02:52:24,A0043,3
T0002882,agoda,phone,general query,High,2025-02-20 09:05:00,2025-02-20 09:53:00,A0007,
T0003823,priceline,chat,Cancellation,Urgent,2024-12-17 03:15:00,2024-12-17 15:03:00,A0049,
T0002763,priceline,phone,CANCELLATION,Low,2024-06-10 05:40:00,2024-06-10 15:22:36,A0009,
T0003814,KAYAK,phone,Booking Change,Medium,2024-10-14 11:18:00,2024-10-15 02:03:36,A0042,7
T0002212,priceline,e-mail,Technical Issue,Medium,2024-06-14 17:03:00,,A0025,
T0000475,agoda,chat,Billing,High,2025-01-09 20:35:00,2025-01-09 22:39:48,A0043,
T0000860,KAYAK,chat,General Query,Urgent,2024-12-06 05:35:00,2024-12-06 16:10:24,A0017,5
T0004463,KAYAK,email,Cancellation,Low,2024-07-26 02:55:00,2024-07-26 03:13:00,A0012,2
T0003051,priceline,social,General Query,Urgent,2024-08-19 16:16:00,2024-08-20 07:22:36,A0005,
T0001603,priceline,social,General Query,Urgent,24/06/2024 15:42,2024-06-24 20:09:00,A0060,3
T0002075,priceline,phone,General Query,Low,2024-12-09 04:32:00,2024-12-10 05:12:48,A0049,5
T0001863,agoda,e-mail,General Query,Low,2025-02-25 06:12:00,2025-02-26 02:57:00,A0057,5
T0001408,KAYAK,e-mail,Cancellation,High,2024-09-27 01:11:00,2024-09-27 11:32:36,A0046,2
T0000757,KAYAK,chat,Cancellation,Medium,2024-07-24 22:55:00,2024-07-25 08:13:36,A0012,6
T0001479,Booking.com,chat,booking change,Urgent,2024-12-14 02:27:00,2024-12-14 08:40:48,A0034,1
T0004168,Booking.com,email,General Query,High,2025-05-10 10:04:00,2025-05-10 13:41:48,A0024,
T0001877,Booking.com,Email,TECHNICAL ISSUE,High,2024-07-05 22:35:00,2024-07-05 22:57:12,A0026,
T0000934,priceline,social,Billing,Low,2024-11-04 13:04:00,2024-11-05 00:57:24,A0022,5
T0004965,KAYAK,phone,CANCELLATION,Urgent,2024-06-30 11:06:00,2024-06-30 17:11:24,A0037,
T0004145,Booking.com,phone,Booking Change,Urgent,2024-06-08 11:54:00,2024-06-08 13:15:36,A0051,5
T0000867,priceline,social,Booking Change,High,2025-01-12 14:04:00,2025-01-12 14:59:12,A0042,5
T0003526,priceline,phone,billing,Medium,15/12/2024 19:39,,A0047,
T0000582,agoda,chat,Booking Change ,Low,2024-12-14 17:41:00,2024-12-14 21:21:12,A0042,2
T0001290,Booking.com,chat,cancellation,Low,2024-08-28 22:02:00,2024-08-28 22:37:24,A0020,2
T0002526,priceline,email,Booking Change,High,2024-08-15 16:00:00,2024-08-15 18:41:24,A0055,
T0004656,priceline,phone,Cancellation,High,2025-01-11 09:15:00,2025-01-12 03:48:36,A0056,
T0002916,priceline,chat,Cancellation,Urgent,18/05/2025 09:14,2025-05-18 12:27:48,A0016,
T0003018,Booking.com,phone,Technical Issue,High,2025-03-24 14:25:00,,,
T0001328,KAYAK,PHONE,General Query ,Urgent,2025-01-19 19:52:00,2025-01-20 11:20:12,A0021,2
T0003268,priceline,email,Cancellation ,High,07/02/2025 15:33,2025-02-08 00:25:12,A0026,
T0002343,priceline,social,Technical Issue,Urgent,2024-07-07 11:57:00,2024-07-08 12:05:24,A0052,
T0003080,KAYAK,PHONE,Cancellation,Urgent,07/11/2024 18:58,2024-11-08 08:54:24,A0027,5
T0002856,KAYAK,chat,Technical Issue,Urgent,2024-10-22 20:16:00,2024-10-23 00:30:24,A0020,
T0001151,KAYAK,social,Booking Change,Urgent,2024-06-21 09:31:00,2024-06-21 15:38:48,A0049,4
T0001643,Booking.com,social,Billing,Medium,16/07/2024 14:16,2024-07-17 02:04:00,A0018,1
T0000481,priceline,social,Technical Issue,Low,2025-04-08 22:06:00,2025-04-09 00:34:48,A0013,5
T0004395,KAYAK,social,Technical Issue,Medium,2025-02-05 05:35:00,2025-02-05 10:15:12,A0056,
T0004067,KAYAK,phone,Technical Issue ,High,08/06/2024 03:23,2024-06-08 03:47:00,A0015,3
T0002566,priceline,Email,General Query ,Low,2024-12-08 20:31:00,2024-12-08 23:12:24,A0002,2
T0003947,agoda,phone,BOOKING CHANGE,Urgent,2024-12-22 03:24:00,2024-12-22 13:01:48,A0011,8
T0001444,Booking.com,social,TECHNICAL ISSUE,Urgent,2024-10-01 04:29:00,2024-10-01 15:33:48,A0009,2
T0000328,Booking.com,chat,Cancellation,High,2024-06-16 07:46:00,2024-06-16 13:43:00,A0009,4
T0004561,Booking.com,chat,General Query ,Urgent,2024-09-30 20:35:00,2024-09-30 23:20:36,A0049,
T0003426,KAYAK,Email,Booking Change,Urgent,12/04/2025 10:41,2025-04-12 20:55:24,A0008,9
T0000675,agoda,email,BILLING,High,2024-12-20 04:23:00,2024-12-20 06:05:00,A0031,5
T0004481,priceline,chat,General Query,High,2025-02-19 03:50:00,2025-02-19 05:25:24,A0040,
T0001109,agoda,chat,Booking Change,Medium,2025-04-15 12:25:00,2025-04-16 04:53:12,A0044,
T0003881,KAYAK,email,Billing,High,2024-07-14 19:53:00,,A0045,
T0002507,agoda,email,General Query,Medium,15/08/2024 00:24,2024-08-15 05:39:36,A0047,4
T0003013,KAYAK,phone,Technical Issue,Urgent,2024-10-09 21:27:00,,A0001,
T0004988,priceline,email,Booking Change,Urgent,2024-11-27 12:41:00,2024-11-27 15:18:12,A0049,
T0000033,KAYAK,phone,Billing,Medium,15/05/2025 14:25,2025-05-15 15:49:36,A0046,3
T0002140,Booking.com,email,Booking Change,Urgent,2025-04-20 01:16:00,2025-04-20 07:06:24,A0035,5
T0004184,priceline,social,Booking Change,High,2024-08-20 14:36:00,2024-08-21 05:46:48,A0053,6
T0004933,agoda,chat,Booking Change,High,2024-08-11 03:47:00,2024-08-11 06:55:24,A0004,3
T0003209,priceline,chat,Cancellation,Medium,2024-06-01 23:12:00,2024-06-02 04:16:48,A0039,
T0000570,KAYAK,phone,General Query,Urgent,05/04/2025 20:27,2025-04-06 03:37:48,A0059,2
T0000908,KAYAK,chat,Cancellation,High,2024-12-23 16:26:00,2024-12-24 00:33:48,A0008,1
T0003419,priceline,email,GENERAL QUERY,Urgent,12/08/2024 11:03,2024-08-13 04:32:24,A0019,
T0002807,priceline,social,Technical Issue,Low,2024-08-06 01:57:00,2024-08-06 14:55:48,A0043,4
T0001240,agoda,email,billing,Medium,2025-03-08 17:08:00,2025-03-09 00:03:48,A0015,1
T0004321,agoda,chat,General Query,Low,2024-08-28 03:26:00,2024-08-28 23:26:00,A0004,
T0001900,KAYAK,PHONE,Booking Change,Medium,2024-06-17 15:47:00,2024-06-17 20:38:36,A0030,2
T0003496,Booking.com,PHONE,Billing,Urgent,2025-02-18 23:17:00,2025-02-19 19:40:24,A0049,1
T0004172,agoda,phone,Cancellation,Low,2025-03-18 15:34:00,2025-03-18 19:18:24,A0038,4
T0002202,priceline,CHAT,Billing,Medium,2025-03-03 02:38:00,,A0041,
T0000787,KAYAK,social,Booking Change,High,2025-04-30 07:35:00,,A0051,
T0003784,agoda,phone,BILLING,Medium,2024-11-28 12:54:00,2024-11-29 07:36:36,A0025,3
T0004394,priceline,email,Booking Change,Urgent,2024-08-16 02:31:00,,A0012,
T0003940,agoda,phone,General Query,Medium,2024-11-10 00:41:00,2024-11-10 03:08:00,A0042,
T0002839,agoda,phone,TECHNICAL ISSUE,Urgent,2025-02-09 16:16:00,2025-02-09 20:59:12,A0024,
T0001716,agoda,chat,Billing,Low,2024-08-08 00:44:00,2024-08-08 04:27:48,A0049,5
T0001521,priceline,email,technical issue,Low,2024-08-17 08:42:00,2024-08-17 11:15:36,A0016,2
T0004626,KAYAK,email,Technical Issue,Low,2025-03-24 05:59:00,,A0026,
T0002318,priceline,phone,General Query,High,2024-11-05 08:43:00,2024-11-06 06:01:00,A0060,1
T0003528,KAYAK,chat,Cancellation ,Low,2025-02-10 01:22:00,2025-02-10 07:46:00,A0047,
T0002089,Booking.com,chat,booking change,High,11/07/2024 23:55,2024-07-12 20:17:48,A0015,4
T0004512,priceline,email,general query,High,2025-02-20 00:23:00,2025-02-20 11:08:00,A0026,3
T0002666,agoda,chat,General Query,Medium,2025-05-06 04:49:00,2025-05-06 07:02:12,A0035,3
T0003307,Booking.com,social,Cancellation,Low,2025-04-18 00:58:00,2025-04-18 04:04:00,A0017,
T0001291,agoda,e-mail,General Query,Urgent,2024-11-26 22:43:00,2024-11-27 04:27:24,A0029,4
T0000063,priceline,phone,booking change,High,2025-01-22 05:08:00,2025-01-22 11:45:12,A0011,2
T0001950,Booking.com,phone,Technical Issue,Medium,2024-09-01 21:40:00,2024-09-02 03:33:24,A0054,4
T0001870,agoda,Email,Booking Change,Low,2024-11-07 23:57:00,2024-11-08 01:12:00,A0054,2
T0001140,KAYAK,chat,Cancellation,High,2024-11-11 15:38:00,2024-11-11 22:11:36,A0051,1
T0002095,priceline,CHAT,Technical Issue,Medium,2024-10-01 06:47:00,2024-10-01 20:42:48,A0005,2
T0000511,Booking.com,phone,Billing,Low,2025-03-02 17:50:00,2025-03-03 10:12:48,A0012,2
T0000697,priceline,phone,General Query,Low,2024-10-24 19:47:00,2024-10-25 18:05:00,A0008,
T0004734,KAYAK,phone,Technical Issue,Medium,2024-06-15 12:54:00,,A0033,
T0003410,KAYAK,phone,Billing,Medium,2025-03-04 07:12:00,2025-03-05 06:16:48,A0003,
T0001627,KAYAK,email,booking change,Low,2024-12-02 10:07:00,2024-12-03 14:50:12,A0032,10
T0004780,KAYAK,phone,Technical Issue,Urgent,2024-11-11 19:22:00,,A0026,
T0002937,Booking.com,phone,Technical Issue,High,2024-12-26 09:14:00,2024-12-26 13:38:36,A0036,3
T0003491,KAYAK,social,Bill,Medium,2025-05-20 22:16:00,2025-05-21 05:02:48,A0026,5
T0002154,priceline,email,Technical Issue,Low,2024-09-07 05:41:00,2024-09-07 06:12:48,A0013,1
T0000054,Booking.com,email,Technical Issue,Medium,2024-11-03 22:49:00,2024-11-04 01:10:00,A0027,
T0004680,priceline,phone,Billing,High,24/02/2025 15:13,2025-02-24 16:07:00,A0054,
T0003308,Booking.com,email,Booking Change,Medium,2024-07-18 06:05:00,2024-07-18 09:23:36,A0026,3
T0001850,priceline,chat,Booking Change,Medium,2024-06-19 04:30:00,2024-06-20 01:06:00,A0039,
T0000115,Booking.com,phone,Booking Change,Medium,2024-06-05 21:42:00,2024-06-07 01:01:48,A0060,3
T0000285,KAYAK,email,General Query,Medium,2024-08-26 12:41:00,2024-08-26 22:53:36,A0052,4
T0003507,KAYAK,PHONE,Cancellation,Medium,2025-01-08 03:25:00,2025-01-08 17:08:12,A0001,
T0004957,agoda,phone,general query,Low,2024-10-12 23:28:00,2024-10-13 15:05:48,A0025,2
T0001008,Booking.com,phone,Booking Change,Medium,2025-05-08 21:27:00,2025-05-09 00:58:12,A0019,4
T0001611,agoda,chat,General Query,Medium,2025-03-10 20:58:00,,A0013,
T0001182,KAYAK,social,CANCELLATION,High,2024-10-01 18:31:00,2024-10-01 21:31:36,A0018,3
T0002528,agoda,email,Technical Issue,Medium,2025-05-14 19:40:00,2025-05-14 22:53:12,A0004,5
T0002298,Booking.com,phone,Booking Change,Medium,2024-07-21 13:28:00,,A0004,
T0003143,agoda,social,Booking Change,Medium,2024-12-27 22:23:00,2024-12-28 16:06:48,A0033,
T0000163,KAYAK,PHONE,Technical Issue,High,2025-03-26 01:28:00,2025-03-26 03:50:48,A0057,5
T0002005,Booking.com,email,Cancellation,Medium,2024-11-22 07:16:00,2024-11-22 20:07:00,A0008,4
T0002125,KAYAK,social,Bill,Low,2024-09-03 05:44:00,2024-09-03 07:39:12,A0002,4
T0002622,Booking.com,phone,Technical Issue,Urgent,11/07/2024 07:18,,A0008,
T0001727,priceline,phone,TECHNICAL ISSUE,Urgent,2024-08-01 14:22:00,2024-08-01 18:25:00,A0032,4
T0003853,Booking.com,phone,General Query,Medium,2025-03-25 04:14:00,2025-03-25 08:44:00,A0019,
T0001165,agoda,social,Cancellation,High,2025-03-28 22:12:00,2025-03-29 15:15:00,A0001,4
T0004404,agoda,social,General Query,Medium,2024-07-29 10:57:00,2024-07-29 22:45:36,A0008,
T0000740,KAYAK,chat,Billing,Low,2025-04-20 19:33:00,2025-04-21 09:35:24,A0001,4
T0002529,agoda,phone,Technical Issue,Medium,03/12/2024 16:25,2024-12-04 01:02:48,A0001,3
T0004681,Booking.com,SOCIAL,Billing,Medium,2024-06-05 12:14:00,2024-06-06 14:47:00,A0038,
T0003904,priceline,phone,General Query ,Medium,2024-06-27 02:22:00,2024-06-27 02:50:12,A0050,1
T0002670,agoda,email,General Query,Urgent,27/05/2025 18:47,2025-05-28 00:26:00,A0012,9
T0003127,Booking.com,social,Cancellation,Low,16/05/2025 22:41,2025-05-16 23:21:48,A0048,5
T0004211,Booking.com,phone,Billing,Urgent,2024-06-05 17:51:00,2024-06-05 21:06:00,A0038,
T0003565,KAYAK,Email,Technical Issue,High,2024-09-16 00:32:00,2024-09-16 04:39:48,A0040,
T0003304,priceline,chat,General Query,Low,2024-06-29 19:21:00,2024-06-29 19:39:00,A0057,9
T0003289,KAYAK,phone,Billing,Low,2024-09-22 02:51:00,2024-09-22 09:25:48,A0034,5
T0002294,KAYAK,SOCIAL,Cancellation,Medium,2024-11-27 00:21:00,2024-11-27 17:58:48,A0011,2
T0000006,priceline,social,Cancellation,Low,2024-12-04 02:14:00,2024-12-04 07:30:48,A0054,5
T0000660,agoda,social,Billing,Urgent,2025-05-12 18:56:00,2025-05-12 21:23:36,A0048,
T0004473,KAYAK,chat,Technical Issue,Urgent,19/11/2024 04:43,2024-11-19 05:17:12,A0026,1
T0004550,KAYAK,email,General Query,Medium,2025-04-03 13:17:00,2025-04-03 23:42:48,A0036,
T0000441,agoda,phone,Cancellation,High,2025-01-31 10:55:00,2025-01-31 12:28:00,A0014,
T0003600,agoda,chat,Billing,High,2024-10-05 10:13:00,2024-10-05 13:10:36,A0031,2
T0003498,Booking.com,phone,Cancellation,High,2025-02-10 17:23:00,2025-02-10 20:31:24,A0056,
T0000691,agoda,email,Cancellation,Medium,2024-11-07 06:16:00,2024-11-07 19:07:36,A0019,2
T0002717,Booking.com,phone,Cancellation,Urgent,2024-06-08 11:43:00,2024-06-08 17:55:00,A0014,5
T0000448,KAYAK,social,Billing,Low,2025-02-14 02:26:00,2025-02-14 03:49:24,A0021,3
T0001777,agoda,chat,BILLING,Urgent,2024-12-24 19:30:00,,A0044,
T0002112,priceline,email,BOOKING CHANGE,Medium,2024-06-11 22:06:00,2024-06-12 03:32:24,A0022,
T0001399,agoda,phone,technical issue,Low,2024-07-10 11:03:00,2024-07-10 17:03:00,A0040,
T0000200,priceline,social,Cancellation,Urgent,2024-09-30 04:43:00,2024-10-01 07:17:12,A0033,2
T0003097,priceline,email,Booking Change,Medium,30/12/2024 03:12,2024-12-30 07:40:48,A0015,
T0004733,KAYAK,phone,Billing ,Urgent,2024-09-16 16:52:00,,A0002,
T0000971,priceline,email,Technical Issue,Low,2024-10-16 18:46:00,2024-10-17 03:25:36,A0030,2
T0002317,KAYAK,phone,Booking Change,Urgent,2025-02-24 21:18:00,2025-02-25 12:21:00,A0012,1
T0004525,agoda,phone,Billing,Urgent,2024-10-10 02:50:00,2024-10-10 09:08:36,A0034,
T0004367,agoda,social,GENERAL QUERY,Low,2025-02-07 08:57:00,2025-02-07 14:04:12,A0006,
T0003559,Booking.com,phone,Booking Change,Low,2024-06-27 09:49:00,2024-06-27 11:30:24,A0040,3
T0000429,KAYAK,social,General Query ,Low,2024-11-01 15:28:00,2024-11-01 20:14:12,A0038,6
T0004919,agoda,social,booking change,Urgent,2024-07-19 09:35:00,2024-07-19 11:30:12,A0010,2
T0004885,Booking.com,phone,Technical Issue,High,2024-09-29 23:11:00,,A0022,
T0001940,KAYAK,email,BILLING,Low,2024-08-04 07:18:00,2024-08-04 15:53:24,A0009,3
T0003896,agoda,chat,Booking Change,Medium,03/12/2024 04:59,2024-12-03 14:58:24,A0042,
T0002306,agoda,chat,Booking Change,High,2024-07-02 06:52:00,2024-07-02 07:07:36,A0003,2
T0001216,priceline,social,Booking Change,Urgent,20/11/2024 16:32,2024-11-20 21:31:24,A0006,3
T0003541,Booking.com,CHAT,BOOKING CHANGE,Urgent,20/04/2025 19:52,2025-04-21 11:40:36,A0011,
T0001608,Booking.com,phone,General Query,Urgent,10/10/2024 07:02,2024-10-11 01:15:12,A0028,
T0000738,priceline,phone,Technical Issue ,Medium,26/05/2025 15:03,2025-05-26 17:15:36,A0054,4
T0003611,Booking.com,email,BILLING,High,2025-04-01 03:50:00,2025-04-01 18:48:12,A0037,
T0000931,priceline,chat,Cancellation,Medium,06/11/2024 10:55,2024-11-06 23:44:12,A0001,1
T0002030,Booking.com,chat,Cancellation,Urgent,2024-11-18 22:39:00,2024-11-18 23:52:48,A0032,4
T0001223,agoda,email,General Query,High,2024-10-15 18:24:00,2024-10-16 03:05:24,A0038,3
T0002137,priceline,social,booking change,High,2024-11-03 03:15:00,2024-11-03 04:27:36,A0003,5
T0004080,KAYAK,phone,Booking Change,High,2025-02-17 06:32:00,2025-02-17 13:49:24,A0016,
T0003811,Booking.com,email,BILLING,Medium,2025-05-08 00:34:00,2025-05-08 08:58:36,A0015,5
T0003436,Booking.com,social,technical issue,High,2025-02-25 02:59:00,2026-01-28 23:59:00,A0033,
T0000975,KAYAK,social,GENERAL QUERY,Medium,2024-09-22 09:44:00,2024-09-22 17:59:36,A0029,7
T0000538,priceline,email,Billing,Urgent,2025-02-28 14:01:00,2025-03-01 07:58:36,A0052,2
T0004378,Booking.com,social,Cancellation,High,2025-03-25 21:04:00,2025-03-26 17:50:48,A0044,3
T0001061,Booking.com,social,General Query ,Medium,2025-03-07 00:44:00,2025-03-07 13:50:00,A0060,4
T0003934,Booking.com,social,Booking Change ,Urgent,2025-03-24 11:33:00,2025-03-24 17:52:12,A0055,5
T0002689,agoda,phone,Booking Change,Low,2024-10-04 03:13:00,,A0043,
T0002175,agoda,phone,Cancellation,Medium,2024-09-09 05:10:00,2024-09-09 10:47:12,A0052,6
T0001702,priceline,CHAT,GENERAL QUERY,Medium,2025-04-24 11:39:00,,A0026,
T0001718,Booking.com,chat,General Query,Medium,2025-03-29 18:38:00,2025-03-29 18:54:48,A0025,
T0000815,priceline,email,Booking Change,High,2025-03-19 18:17:00,2025-03-19 21:10:24,A0013,5
T0004608,agoda,phone,Technical Issue,Medium,2024-11-23 22:49:00,2024-11-24 00:42:24,A0057,2
T0004942,priceline,email,Booking Change,High,2024-12-11 14:14:00,2024-12-11 16:06:12,A0009,
T0002655,agoda,email,Cancellation,Urgent,2025-01-28 01:51:00,,A0044,
T0003740,Booking.com,social,BILLING,Medium,2025-04-10 07:57:00,2025-04-10 08:51:36,A0018,4
T0003447,Booking.com,phone,Cancellation,Medium,07/06/2024 05:13,2024-06-07 17:22:36,A0024,9
T0002189,Booking.com,chat,Cancellation,High,2024-08-23 16:29:00,2024-08-24 11:12:48,A0060,2
T0004425,agoda,CHAT,technical issue,Medium,2024-06-29 03:15:00,2024-06-29 23:28:48,A0034,2
T0001865,Booking.com,chat,general query,Medium,03/04/2025 09:49,2025-04-03 17:02:48,A0034,
T0001351,KAYAK,chat,General Query,Low,2025-03-13 15:44:00,2025-03-13 19:55:24,A0032,4
T0002365,agoda,email,Billing,Medium,2024-07-08 20:24:00,2024-07-09 01:27:36,A0053,
T0003852,Booking.com,PHONE,Technical Issue ,Low,2024-06-21 23:26:00,,A0013,
T0002174,Booking.com,email,Technical Issue,Urgent,2025-03-03 01:53:00,2025-03-03 10:48:48,A0020,
T0004619,agoda,CHAT,cancellation,Medium,2024-12-28 07:51:00,2024-12-28 14:55:48,A0005,2
T0000525,priceline,phone,Bill,Low,2025-05-23 17:41:00,2025-05-24 00:46:24,A0019,
T0001362,Booking.com,email,General Query,Urgent,2024-11-25 00:54:00,2024-11-25 19:39:00,A0058,
T0004699,agoda,email,technical issue,High,2025-02-02 02:33:00,2025-02-03 08:04:12,A0033,
T0002836,KAYAK,chat,technical issue,Urgent,2025-01-19 11:41:00,2025-01-19 16:36:48,A0017,
T0001297,KAYAK,phone,Booking Change,Urgent,28/04/2025 05:42,2025-04-28 09:58:12,A0001,
T0002786,priceline,chat,General Query,Low,2025-05-03 15:33:00,2025-05-03 20:24:00,A0052,1
T0002730,agoda,phone,Cancellation,Low,2025-05-27 06:34:00,2025-05-27 07:34:36,A0043,
T0003536,Booking.com,phone,Booking Change,Low,2024-09-28 21:41:00,2024-09-29 00:11:36,A0033,5
T0004133,KAYAK,social,Cancellation,Urgent,2025-02-02 11:16:00,2025-02-02 23:52:00,A0021,5
T0000622,Booking.com,social,Cancellation,Urgent,14/01/2025 09:27,2025-01-14 14:41:24,A0024,2
T0004309,KAYAK,social,Technical Issue,Urgent,25/09/2024 16:04,2024-09-25 17:10:36,A0029,
T0004821,agoda,chat,TECHNICAL ISSUE,Medium,2024-12-31 03:54:00,,A0015,
T0000861,agoda,e-mail,CANCELLATION,Urgent,10/12/2024 17:25,2024-12-10 17:38:12,A0027,
T0003761,Booking.com,Email,Technical Issue,Medium,04/05/2025 18:29,2025-05-04 23:51:12,A0034,1
T0004124,agoda,chat,Technical Issue,Medium,2024-11-21 09:25:00,2024-11-22 00:23:12,A0033,
T0000254,KAYAK,social,General Query ,Low,09/08/2024 08:53,2024-08-09 11:58:24,A0005,5
T0002992,KAYAK,social,Technical Issue,Medium,2025-01-08 07:05:00,,A0037,
T0000372,Booking.com,email,Booking Change,Urgent,2025-04-19 12:34:00,2025-04-20 16:15:24,A0053,4
T0002380,agoda,chat,General Query,Medium,2025-02-06 05:15:00,2025-02-07 13:39:00,A0026,1
T0004871,agoda,email,Technical Issue,Urgent,2024-10-21 03:29:00,2024-10-21 06:12:48,A0057,5
T0002053,Booking.com,social,Booking Change,Medium,2024-07-04 11:30:00,2024-07-05 00:49:12,A0053,6
T0001676,KAYAK,social,BOOKING CHANGE,Low,2024-09-13 15:56:00,2024-09-13 18:42:12,A0047,1
T0003949,agoda,Email,Cancellation,Low,2024-07-10 02:04:00,2024-07-10 10:40:36,A0025,5
T0003624,agoda,social,TECHNICAL ISSUE,High,23/11/2024 23:55,2024-11-24 02:16:36,A0021,4
T0003841,Booking.com,chat,Booking Change,Medium,05/09/2024 22:13,2024-09-06 02:23:12,A0047,4
T0003897,agoda,social,Booking Change,Low,2025-03-22 14:42:00,,A0046,
T0001193,priceline,chat,CANCELLATION,Urgent,2024-08-26 04:09:00,2024-08-26 07:58:12,A0024,2
T0002236,Booking.com,social,Booking Change,Low,2025-05-15 08:30:00,,A0039,
T0000617,agoda,social,General Query,Low,2024-11-01 00:09:00,2024-11-01 06:39:36,A0033,
T0000828,agoda,email,Booking Change,High,2024-12-03 05:28:00,2024-12-03 13:23:12,A0007,7
T0004142,priceline,chat,Billing,High,2024-09-09 23:53:00,2024-09-10 01:03:48,A0010,2
T0004672,priceline,phone,CANCELLATION,Medium,2024-09-05 11:15:00,2024-09-05 19:55:48,A0041,5
T0003636,KAYAK,chat,Booking Change,Low,20/02/2025 14:50,2025-02-20 20:18:48,A0016,
T0000677,Booking.com,PHONE,Cancellation,High,2024-10-23 04:58:00,2024-10-23 23:44:12,A0021,2
T0002456,priceline,email,Cancellation,High,07/05/2025 08:31,2025-05-07 13:21:24,A0002,
T0004302,priceline,social,Cancellation,Low,2025-02-18 13:01:00,2025-02-18 21:53:48,A0012,4
T0002396,KAYAK,email,Technical Issue,High,2024-09-17 10:57:00,2024-09-18 04:26:24,A0057,9
T0004822,Booking.com,chat,General Query,High,2024-11-21 10:03:00,2024-11-21 13:38:24,A0039,4
T0001094,priceline,email,BOOKING CHANGE,Medium,2025-05-13 11:04:00,2025-05-13 18:04:00,A0027,1
T0003655,Booking.com,email,technical issue,Urgent,15/06/2024 11:25,2024-06-16 00:26:48,A0037,4
T0001791,agoda,chat,Technical Issue,High,2025-05-24 04:11:00,2025-05-24 07:20:00,A0053,
T0003699,Booking.com,chat,Billing,Low,2025-04-03 12:09:00,2025-04-03 21:44:24,A0034,1
T0002493,priceline,chat,Technical Issue,High,2024-12-27 03:45:00,2024-12-27 08:16:48,A0036,3
T0002942,agoda,phone,Booking Change,High,2025-03-31 01:33:00,2025-03-31 01:48:36,A0016,2
T0002227,KAYAK,phone,Booking Change,Medium,2025-01-26 02:21:00,2025-01-26 04:55:12,A0007,3
T0001695,priceline,email,Billing,Urgent,22/06/2024 10:14,2024-06-22 14:27:48,A0050,4
T0003999,agoda,social,Technical Issue,High,02/12/2024 11:30,2024-12-02 14:30:36,A0003,4
T0000780,priceline,SOCIAL,Technical Issue,High,2024-10-21 09:04:00,2024-10-21 13:34:36,A0007,
T0001368,KAYAK,chat,Cancellation,Medium,2024-07-14 22:14:00,2024-07-14 22:52:24,A0001,4
T0004291,agoda,chat,Cancellation,Urgent,2025-01-02 00:48:00,2025-01-02 07:00:00,A0014,3
T0000474,priceline,email,Technical Issue,High,23/05/2025 12:05,,A0032,
T0002453,KAYAK,phone,Bill,High,19/04/2025 06:58,2025-04-19 08:25:00,A0022,
T0001280,Booking.com,phone,Booking Change,Low,2024-12-02 08:59:00,2024-12-02 18:53:36,A0022,4
T0001307,KAYAK,email,Booking Change ,Urgent,2024-08-10 18:04:00,2024-08-10 21:37:00,A0030,
T0000548,Booking.com,social,Booking Change ,Low,2024-08-27 14:22:00,2024-08-27 21:11:48,A0044,
T0003747,priceline,chat,billing,High,2025-01-08 21:50:00,2025-01-09 03:29:00,A0002,5
T0004923,agoda,e-mail,Booking Change,Urgent,12/11/2024 00:18,2024-11-12 10:12:00,A0050,3
T0003427,priceline,chat,Cancellation,High,29/05/2025 11:06,2026-02-01 06:06:00,A0008,5
T0004532,agoda,chat,Cancellation,Low,22/01/2025 09:22,2025-01-22 22:02:48,A0021,1
T0003680,Booking.com,email,Technical Issue,Urgent,2024-12-12 23:13:00,2024-12-13 01:13:00,A0037,2
T0000179,agoda,phone,billing,Urgent,29/07/2024 22:18,2024-07-30 03:49:48,A0030,5
T0001482,priceline,email,Technical Issue,Urgent,2024-09-15 02:43:00,2024-09-15 21:53:12,A0003,4
T0002783,Booking.com,email,Cancellation ,Low,2024-08-26 10:20:00,,A0053,
T0001838,priceline,chat,Billing,High,2025-03-01 21:20:00,2025-03-02 04:32:00,A0014,
T0002226,Booking.com,social,Booking Change,Urgent,2025-01-13 17:42:00,2025-01-14 09:02:24,A0054,
T0001105,KAYAK,chat,Technical Issue,Low,2024-06-22 14:05:00,2024-06-22 18:53:00,A0050,10
T0003281,priceline,chat,Cancellation,Low,2025-05-27 18:47:00,2025-05-27 22:54:48,A0053,8
T0003311,Booking.com,phone,Billing,Medium,2025-03-20 00:58:00,2025-03-21 06:44:12,A0001,2
T0002900,priceline,chat,BOOKING CHANGE,Urgent,09/06/2024 12:10,2024-06-10 18:04:00,A0046,5
T0001937,agoda,social,CANCELLATION,Medium,19/01/2025 21:30,2025-01-20 06:58:12,A0010,
T0001520,KAYAK,chat,booking change,Low,2024-10-15 19:01:00,2024-10-15 19:21:24,A0041,6
T0004113,KAYAK,social,Cancellation,Medium,2024-06-28 22:53:00,2024-06-29 15:08:00,A0028,9
T0000133,KAYAK,phone,TECHNICAL ISSUE,Low,2024-12-28 07:09:00,2024-12-28 14:07:12,A0041,5
T0004156,KAYAK,social,Technical Issue,High,02/07/2024 22:30,2024-07-03 01:55:48,A0021,1
T0001822,Booking.com,social,Billing,Low,2024-07-03 04:18:00,,A0054,
T0004562,KAYAK,Email,Technical Issue,Low,2024-11-09 09:44:00,,A0006,
T0000794,priceline,chat,BOOKING CHANGE,High,2024-10-24 16:23:00,,A0033,
T0001469,Booking.com,phone,Billing,High,2025-05-15 09:23:00,2025-05-15 10:36:12,A0015,1
T0002690,agoda,social,Technical Issue,Urgent,2024-08-28 23:55:00,2024-08-29 02:37:36,A0020,1
T0004628,KAYAK,phone,Billing ,High,2024-08-05 14:28:00,2024-08-05 16:48:24,A0012,4
T0004835,Booking.com,email,BILLING,Urgent,2024-10-27 06:26:00,2024-10-27 08:33:48,A0022,4
T0004973,KAYAK,phone,Technical Issue,Urgent,2025-05-16 20:47:00,2025-05-16 22:24:48,A0029,10
T0003414,Booking.com,email,General Query,High,2025-05-19 11:19:00,2025-05-19 13:26:48,A0008,2
T0003189,KAYAK,e-mail,Billing,Low,12/09/2024 00:16,2024-09-12 09:25:36,A0043,
T0000863,priceline,chat,booking change,Medium,29/01/2025 10:53,,A0012,
T0004290,agoda,phone,General Query,Low,2024-10-30 17:26:00,2024-10-30 22:08:00,A0011,2
T0000296,Booking.com,chat,General Query,High,2025-04-28 06:13:00,2025-04-29 01:22:36,A0049,1
T0003074,agoda,email,Booking Change,Low,05/09/2024 03:14,2024-09-05 03:31:24,A0042,5
T0000431,Booking.com,social,BILLING,Low,2024-12-31 02:02:00,2024-12-31 10:56:36,A0026,
T0004729,agoda,PHONE,TECHNICAL ISSUE,Urgent,2024-11-04 10:49:00,2024-11-04 15:01:36,A0003,4
T0004714,agoda,phone,BOOKING CHANGE,Urgent,2024-12-15 17:24:00,2024-12-15 19:24:00,A0015,2
T0003078,agoda,chat,Technical Issue,High,19/04/2025 03:39,2025-04-19 06:39:00,A0046,2
T0002000,agoda,Email,general query,Medium,2025-04-02 17:55:00,2025-04-03 12:11:12,A0053,5
T0004622,priceline,chat,Booking Change ,Low,15/04/2025 03:17,2025-04-15 09:41:36,A0040,
T0000465,priceline,chat,Technical Issue,High,2024-12-10 20:07:00,2024-12-11 06:35:48,A0059,2
T0003455,KAYAK,social,General Query,High,2024-10-26 06:33:00,2024-10-26 10:55:48,A0001,
T0000557,Booking.com,phone,Booking Change ,High,2024-11-05 11:26:00,2024-11-05 14:18:12,A0012,
T0004024,Booking.com,chat,CANCELLATION,Urgent,2024-06-08 21:16:00,2024-06-09 18:33:24,A0051,8
T0000281,priceline,phone,Billing,Medium,2024-11-11 15:57:00,2024-11-11 17:15:00,A0046,5
T0000369,Booking.com,social,Cancellation,Low,2024-08-14 21:18:00,2024-08-16 09:04:48,A0029,2
T0002625,KAYAK,chat,BILLING,Urgent,2024-09-13 07:48:00,2024-09-13 08:11:24,A0018,
T0002555,priceline,phone,Cancellation ,Medium,2025-04-28 23:26:00,2025-04-29 01:38:00,A0015,5
T0000457,Booking.com,chat,Booking Change,Low,2025-01-22 16:48:00,2025-01-23 06:44:24,A0056,
T0002316,KAYAK,email,Cancellation,High,2025-03-10 14:34:00,2025-03-11 13:20:48,A0015,8
T0000834,Booking.com,phone,BOOKING CHANGE,Medium,2024-06-21 00:05:00,2024-06-21 15:18:12,A0029,4
T0001584,priceline,PHONE,billing,Medium,2025-04-10 13:46:00,2025-04-11 03:17:48,A0017,10
T0004522,Booking.com,SOCIAL,BOOKING CHANGE,Medium,2025-02-25 18:42:00,2025-02-25 21:46:48,A0011,4
T0000406,priceline,e-mail,Booking Change,Urgent,2025-05-12 03:21:00,2025-05-12 03:43:48,A0024,
T0002452,priceline,chat,Cancellation,High,2025-03-20 10:24:00,2025-03-20 11:58:12,A0041,2
T0001968,priceline,email,GENERAL QUERY,Medium,2024-07-04 10:09:00,2024-07-04 12:52:48,A0022,9
T0004391,priceline,phone,Billing,Urgent,12/05/2025 10:27,2025-05-12 13:42:36,A0012,1
T0000094,Booking.com,social,General Query,Medium,2024-08-12 08:38:00,2024-08-12 08:52:24,A0042,10
T0003338,agoda,chat,Cancellation,Low,2024-08-18 07:33:00,2024-08-18 09:55:48,A0039,
T0001341,Booking.com,social,booking change,Low,2024-10-04 06:58:00,2024-10-04 23:34:00,A0006,
T0003365,priceline,email,Booking Change,High,2025-05-21 11:48:00,2025-05-22 00:29:24,A0024,2
T0000710,Booking.com,phone,General Query,Low,2024-07-30 22:42:00,2024-07-31 10:07:48,A0033,2
T0003233,KAYAK,email,Billing,Low,29/11/2024 04:33,,A0053,
T0002593,KAYAK,PHONE,Billing,Urgent,2025-03-26 13:09:00,2025-03-26 13:58:12,A0015,9
T0003245,KAYAK,phone,General Query,High,2024-08-14 15:50:00,2024-08-14 16:50:00,A0039,
T0004575,Booking.com,phone,Cancellation,Medium,2024-07-04 03:14:00,2024-07-04 09:17:00,A0028,
T0003025,Booking.com,email,Technical Issue ,Medium,2024-08-15 15:31:00,,A0010,
T0003382,priceline,phone,CANCELLATION,Medium,2024-12-31 19:14:00,2024-12-31 20:54:12,A0042,1
T0004782,agoda,phone,General Query,Low,2024-11-10 20:55:00,2024-11-11 02:12:24,A0036,5
T0002829,Booking.com,phone,TECHNICAL ISSUE,Low,2024-08-27 20:12:00,,A0044,
T0000426,Booking.com,chat,Technical Issue,High,2024-10-11 20:31:00,2024-10-12 11:32:12,A0002,3
T0002549,priceline,social,Booking Change,Low,2024-11-24 08:05:00,2024-11-24 18:56:36,A0034,
T0000257,KAYAK,email,Billing,Medium,2025-01-01 13:38:00,2025-01-01 15:05:36,A0045,4
T0001756,priceline,phone,technical issue,Medium,01/01/2025 20:40,2025-01-02 05:37:36,A0057,1
T0001355,KAYAK,chat,Booking Change,Urgent,2024-06-11 04:09:00,2024-06-11 13:28:12,A0036,1
T0000049,KAYAK,Email,CANCELLATION,Urgent,2024-06-17 09:42:00,2024-06-18 00:31:12,A0057,
T0004915,agoda,chat,Cancellation,High,2025-02-04 19:41:00,2025-02-04 21:16:24,A0012,
T0004902,KAYAK,phone,technical issue,Urgent,2024-09-24 12:33:00,2024-09-24 17:01:12,A0045,3
T0000186,priceline,PHONE,General Query,Medium,03/07/2024 14:00,2024-07-04 04:11:24,A0031,
T0003674,KAYAK,email,Booking Change,Medium,2024-11-04 17:29:00,2024-11-04 23:20:00,A0056,1
T0000522,Booking.com,social,Booking Change ,Low,2025-01-25 19:20:00,2025-01-26 11:15:48,A0022,
T0004922,priceline,phone,booking change,High,2024-12-24 10:31:00,2024-12-25 00:20:12,A0033,5
T0003946,Booking.com,phone,General Query,Urgent,2024-12-16 20:00:00,2024-12-17 04:21:00,A0024,4
T0003096,KAYAK,email,Technical Issue ,Low,2024-07-19 11:06:00,2024-07-19 23:54:36,A0049,
T0002820,agoda,phone,Booking Change,Urgent,20/05/2025 05:27,2025-05-20 07:34:48,A0015,4
T0002096,priceline,Email,Cancellation,Urgent,2025-01-22 08:26:00,2025-01-23 01:42:12,A0019,3
T0000748,priceline,chat,Cancellation,Medium,2024-10-29 05:28:00,2024-10-29 10:18:24,A0005,
T0002231,priceline,chat,Technical Issue,Urgent,2024-09-12 05:04:00,2024-09-12 10:59:48,A0040,2
T0003844,Booking.com,chat,GENERAL QUERY,Urgent,2024-07-09 20:01:00,2024-07-10 13:20:48,A0048,
T0000599,agoda,phone,Technical Issue,Urgent,2024-06-17 16:05:00,,A0046,
T0004989,Booking.com,email,Technical Issue,Low,2025-01-09 03:24:00,2025-01-09 20:09:36,A0036,4
T0001339,priceline,phone,Booking Change ,Urgent,2025-02-01 12:10:00,2025-02-01 14:44:12,A0051,2
T0000577,priceline,social,Billing,High,2024-06-04 03:04:00,,A0012,
T0003614,Booking.com,email,General Query,Low,2025-03-17 12:54:00,2025-03-17 20:04:12,A0055,
T0000359,agoda,PHONE,billing,Low,2025-01-09 06:02:00,2025-01-09 21:53:00,A0002,2
T0003408,KAYAK,social,GENERAL QUERY,Low,10/10/2024 08:35,2024-10-10 11:06:48,A0021,
T0004130,agoda,chat,Booking Change,High,2025-05-03 13:28:00,,A0007,
T0004518,agoda,email,Technical Issue,Low,2024-07-01 23:39:00,2024-07-02 00:27:36,A0022,5
T0002747,priceline,CHAT,GENERAL QUERY,High,2024-09-17 09:21:00,2024-09-17 15:57:36,A0005,
T0003343,agoda,social,Billing,Low,2025-05-07 09:42:00,2025-05-07 16:17:24,A0002,
T0003100,Booking.com,social,Cancellation,Low,2025-03-07 00:15:00,2025-03-07 07:18:36,A0001,
T0000121,agoda,social,Billing,Urgent,2025-03-20 04:17:00,,A0052,
T0003102,KAYAK,social,Booking Change,Low,2025-05-28 20:11:00,2025-05-29 03:54:48,A0024,4
T0003288,agoda,social,Cancellation,Medium,2024-09-07 16:00:00,2024-09-07 23:13:48,A0051,
T0003357,agoda,social,Billing,Urgent,05/07/2024 17:44,,A0024,
T0000098,priceline,phone,Cancellation ,Urgent,2024-12-28 23:29:00,2024-12-29 08:54:48,A0004,2
T0002737,priceline,Email,Booking Change,High,03/05/2025 00:34,,A0038,
T0001292,priceline,email,Booking Change,Urgent,2025-03-06 15:23:00,2025-03-08 12:20:36,A0059,3
T0001222,Booking.com,phone,Technical Issue,High,2024-09-12 14:56:00,2024-09-12 17:07:24,A0014,1
T0003654,KAYAK,phone,Billing,Urgent,2024-10-01 06:36:00,,A0018,
T0004120,priceline,e-mail,Booking Change,Urgent,2024-10-25 22:51:00,2024-10-26 01:11:24,A0009,4
T0003241,agoda,chat,Cancellation,Medium,2024-11-16 02:09:00,2024-11-16 11:18:00,A0017,4
T0001527,priceline,e-mail,Cancellation,Low,2024-08-07 10:28:00,2024-08-07 15:08:12,A0017,
T0003538,agoda,social,Technical Issue,High,06/08/2024 23:27,2024-08-08 23:00:00,A0036,5
T0002196,agoda,phone,Booking Change,Low,2025-05-28 05:04:00,2025-05-28 18:43:36,A0040,4
T0000270,KAYAK,email,Technical Issue,High,2025-05-31 03:59:00,2025-05-31 12:27:48,A0026,
T0003564,Booking.com,social,Technical Issue,Medium,2025-04-30 16:16:00,2025-05-01 00:41:48,A0011,
T0002780,agoda,phone,Cancellation,High,2024-12-01 13:53:00,2024-12-01 20:06:48,A0032,1
T0003640,priceline,social,Booking Change,Urgent,2024-11-11 08:45:00,2024-11-11 13:42:36,A0031,1
T0002518,Booking.com,email,Booking Change,Low,2025-06-01 06:30:00,2025-06-01 06:57:00,A0003,
T0001669,Booking.com,phone,TECHNICAL ISSUE,Medium,2024-06-11 14:05:00,2024-06-11 15:14:36,A0016,8
T0003760,priceline,social,General Query,Urgent,15/03/2025 16:13,2025-03-16 01:24:24,,3
T0002035,agoda,Email,Technical Issue,Urgent,2025-01-03 15:09:00,2025-01-04 02:05:24,A0035,
T0004424,KAYAK,social,general query,Low,2025-03-23 22:47:00,2025-03-24 00:45:48,A0022,1
T0001374,KAYAK,email,TECHNICAL ISSUE,Low,2025-02-14 08:07:00,2025-02-14 16:17:12,A0006,5
T0000669,agoda,chat,Bill,Low,16/05/2025 13:07,2025-05-16 14:19:36,,4
T0004264,priceline,chat,technical issue,Urgent,2024-12-16 11:50:00,2024-12-16 19:00:48,A0060,
T0003775,Booking.com,phone,General Query,Urgent,25/09/2024 11:35,2024-09-25 19:06:48,A0016,3
T0004865,agoda,SOCIAL,TECHNICAL ISSUE,High,2024-08-17 09:38:00,2024-08-17 13:00:48,A0041,
T0004693,Booking.com,social,Booking Change,Low,09/08/2024 04:46,2024-08-09 06:38:48,A0053,8
T0000283,Booking.com,social,BOOKING CHANGE,Medium,2024-07-15 14:49:00,2024-07-16 08:36:24,A0058,3
T0004059,Booking.com,chat,Technical Issue ,Urgent,10/06/2024 11:37,2024-06-10 11:55:36,A0032,4
T0000069,Booking.com,e-mail,Technical Issue ,Medium,2024-06-28 16:57:00,2024-06-29 17:15:36,A0044,10
T0001673,Booking.com,phone,General Query,Urgent,06/09/2024 18:09,2024-09-07 05:24:36,A0039,
T0004392,priceline,chat,Booking Change,Low,2025-05-26 11:12:00,2025-05-27 05:45:00,A0021,5
T0004642,priceline,e-mail,Billing,Low,2024-06-11 07:36:00,2024-06-12 02:58:12,A0044,
T0003584,KAYAK,chat,Cancellation,Urgent,2024-12-24 19:49:00,2024-12-25 06:56:12,A0040,3
T0004571,priceline,email,Booking Change,Medium,15/05/2025 04:08,,A0041,
T0003933,Booking.com,phone,Cancellation,Medium,2024-12-24 08:37:00,2024-12-24 16:00:24,A0040,5
T0000184,Booking.com,chat,Technical Issue,Urgent,19/09/2024 15:27,2024-09-19 17:01:12,A0006,1
T0001767,agoda,phone,Cancellation,High,2024-06-12 05:45:00,,A0052,
T0003433,KAYAK,phone,General Query,Urgent,2024-11-17 00:16:00,2024-11-17 02:45:24,A0012,5
T0001337,priceline,email,Technical Issue,High,26/09/2024 00:16,2024-09-26 06:18:24,A0055,
T0004643,priceline,phone,General Query,Urgent,17/12/2024 19:06,2024-12-18 08:34:48,A0038,2
T0002784,priceline,email,Booking Change,Low,12/06/2024 08:41,2024-06-12 09:26:00,A0002,
T0003865,KAYAK,social,GENERAL QUERY,High,2025-01-10 12:00:00,,A0039,
T0004334,KAYAK,social,Technical Issue,High,2025-04-10 19:04:00,2025-04-10 19:28:36,A0021,4
T0004379,KAYAK,chat,BOOKING CHANGE,Low,2024-11-15 19:49:00,,A0033,
T0000040,priceline,chat,Technical Issue,High,21/11/2024 01:31,2024-11-22 05:10:36,A0055,2
T0004223,agoda,social,technical issue,High,2025-04-24 01:52:00,2025-04-24 02:20:12,A0041,2
T0000076,agoda,phone,Billing,High,2025-01-17 03:04:00,2025-01-17 19:40:00,A0039,
T0001787,agoda,SOCIAL,Cancellation ,Low,29/11/2024 07:05,2024-11-29 15:38:00,A0002,4
T0000714,agoda,social,Billing,High,2024-11-12 23:36:00,2024-11-13 06:55:48,A0027,
T0001515,Booking.com,email,Billing,High,2025-01-20 05:19:00,2025-01-20 06:10:36,A0026,1
T0004826,agoda,SOCIAL,BOOKING CHANGE,Medium,2024-11-15 03:59:00,2024-11-15 21:09:48,A0023,3
T0000526,priceline,email,CANCELLATION,High,2024-06-09 11:03:00,2024-06-09 13:24:36,A0023,
T0004641,priceline,email,Billing,Low,28/12/2024 01:12,2024-12-28 11:32:24,A0036,10
T0004228,agoda,chat,Technical Issue,High,2025-01-08 06:05:00,2025-01-08 08:48:48,A0010,5
T0000288,priceline,Email,Billing,Low,2024-07-25 16:50:00,,A0033,
T0002889,agoda,chat,Technical Issue,Urgent,2025-03-11 19:12:00,2025-03-12 04:25:12,A0036,
T0000724,agoda,social,Bill,Medium,2025-01-06 08:47:00,2025-01-06 10:36:12,A0046,1
T0000504,priceline,email,billing,High,2024-11-25 21:50:00,2024-11-25 22:29:00,A0056,
T0004473,KAYAK,chat,Technical Issue,Urgent,19/11/2024 04:43,2024-11-19 05:17:12,A0026,1
T0004523,agoda,PHONE,Cancellation,Medium,2025-03-22 05:20:00,2025-03-22 13:59:36,A0025,
T0001016,Booking.com,PHONE,General Query,Urgent,16/04/2025 07:18,,A0002,
T0003549,priceline,phone,General Query,Urgent,20/08/2024 12:37,,A0036,
T0002660,agoda,email,Technical Issue,Medium,2024-12-05 11:35:00,2024-12-05 21:59:36,A0011,
T0003602,priceline,social,General Query,High,2025-01-09 20:03:00,2025-01-09 22:36:36,A0043,5
T0000090,priceline,social,Cancellation,Medium,23/02/2025 04:55,2025-02-23 13:47:48,A0022,
T0003069,priceline,email,Cancellation,Medium,15/03/2025 16:01,,A0033,
T0001326,KAYAK,phone,Cancellation,Medium,2025-03-21 20:04:00,2025-03-22 04:12:24,A0058,2
T0003877,KAYAK,social,Technical Issue,High,2024-11-27 23:41:00,2024-11-28 03:36:48,A0003,9
T0002845,agoda,chat,GENERAL QUERY,High,2024-07-14 05:46:00,2024-07-14 11:28:00,A0042,3
T0003358,KAYAK,social,Bill,Urgent,2025-03-03 20:11:00,2025-03-04 04:52:24,A0043,
T0000216,priceline,email,Booking Change,Low,2024-07-20 05:29:00,2024-07-20 06:26:36,A0003,7
T0002902,agoda,phone,BOOKING CHANGE,Urgent,25/09/2024 12:30,2024-09-25 17:06:00,A0009,5
T0004004,priceline,chat,technical issue,Medium,18/04/2025 19:27,2025-04-19 02:07:12,A0001,5
T0003089,priceline,chat,Booking Change,Low,31/05/2025 05:31,2025-05-31 07:58:00,A0032,
T0004357,Booking.com,PHONE,BOOKING CHANGE,Medium,2025-02-26 22:14:00,2025-02-27 12:03:12,A0056,4
T0003321,Booking.com,SOCIAL,Billing,Urgent,01/12/2024 02:17,2024-12-01 04:36:48,A0047,2
T0001558,priceline,chat,BILLING,Low,2024-11-28 13:54:00,2024-11-29 03:28:48,A0036,5
T0000552,Booking.com,social,Billing,Urgent,2024-11-01 06:13:00,2024-11-01 10:28:36,A0027,
T0003175,agoda,phone,GENERAL QUERY,Low,2024-07-09 21:10:00,,A0045,
T0003239,Booking.com,social,BILLING,Low,2024-11-29 05:40:00,2024-11-29 09:35:12,A0055,2
T0004554,priceline,PHONE,Booking Change,High,2024-10-14 04:59:00,2024-10-15 12:19:24,A0055,4
T0000421,priceline,Email,General Query,Low,2024-12-08 03:30:00,2024-12-09 11:22:12,A0013,3
T0002532,priceline,phone,Cancellation ,Urgent,2024-10-04 09:04:00,2024-10-04 10:08:48,A0034,1
T0004756,agoda,chat,CANCELLATION,Medium,02/06/2024 04:13,2024-06-02 10:59:12,A0012,1
T0001876,Booking.com,chat,Booking Change,High,20/12/2024 15:10,2024-12-20 16:04:00,A0040,
T0003513,KAYAK,email,General Query,Urgent,2024-08-28 21:20:00,2024-08-29 18:44:00,A0032,2
T0004242,KAYAK,phone,Booking Change,High,07/06/2024 18:31,2024-06-08 07:01:36,A0025,
T0002102,priceline,Email,Technical Issue,Low,2024-08-03 23:33:00,2024-08-04 11:34:12,A0054,2
T0003994,KAYAK,email,Technical Issue,Medium,2024-07-15 21:32:00,2024-07-15 23:35:00,A0050,1
T0003846,priceline,phone,Technical Issue,Low,26/09/2024 16:25,2024-09-26 19:35:12,A0022,4
T0003490,agoda,SOCIAL,General Query,Medium,2025-03-02 07:58:00,,A0019,
T0001436,KAYAK,social,BOOKING CHANGE,Urgent,2024-09-14 22:06:00,2024-09-14 19:06:00,A0044,
T0001680,KAYAK,phone,billing,Medium,2024-09-10 08:21:00,2024-09-10 14:11:24,A0039,
T0002695,KAYAK,Email,Billing,High,2025-03-27 14:42:00,2025-03-27 20:57:00,A0012,3
T0004304,Booking.com,email,Technical Issue,High,2024-11-20 17:25:00,2024-11-20 17:38:12,A0045,2
T0000890,priceline,chat,BILLING,Medium,25/08/2024 03:37,2024-08-26 03:02:12,A0008,3
T0002099,agoda,email,Billing,High,11/01/2025 09:58,2025-01-11 19:41:12,A0009,
T0001615,KAYAK,social,booking change,Medium,31/01/2025 09:08,2025-01-31 16:27:48,A0013,2
T0000466,KAYAK,social,Booking Change,Low,2025-04-10 19:08:00,2025-04-10 21:40:24,A0030,1
T0001246,KAYAK,SOCIAL,Billing,Medium,2025-03-13 18:32:00,2025-03-13 19:42:12,A0053,
T0004103,Booking.com,email,Technical Issue,High,10/07/2024 06:36,2024-07-10 12:45:36,A0004,
T0000796,Booking.com,email,Technical Issue,Urgent,2024-09-01 16:12:00,2024-09-02 08:00:00,A0018,4
T0002770,KAYAK,social,Cancellation ,Low,2024-10-30 13:59:00,,A0006,
T0002963,KAYAK,email,Booking Change,Urgent,2025-01-03 02:05:00,2025-01-03 13:47:36,A0048,
T0004544,priceline,Email,General Query,Urgent,2025-01-21 20:01:00,2025-01-22 22:57:24,A0034,
T0000427,KAYAK,phone,General Query,Medium,2025-01-13 23:20:00,2025-01-14 01:38:36,A0008,1
T0004221,Booking.com,social,billing,High,2025-03-08 23:41:00,2025-03-09 12:06:12,A0036,2
T0004317,priceline,phone,technical issue,Low,2024-12-06 06:19:00,2024-12-07 03:02:12,A0059,
T0000829,priceline,SOCIAL,Booking Change,High,2024-11-29 18:32:00,2024-11-29 18:45:48,A0034,2
T0002300,Booking.com,email,BILLING,Urgent,07/03/2025 04:41,2025-03-07 13:08:36,A0049,9
T0002092,agoda,phone,Billing,Low,2024-08-21 22:06:00,,A0040,
T0002961,Booking.com,email,Cancellation,Low,07/02/2025 16:06,2025-02-07 20:28:48,A0038,5
T0001042,Booking.com,phone,Cancellation,Medium,08/12/2024 00:02,2024-12-08 06:23:00,A0032,8
T0004528,priceline,social,General Query,Low,01/04/2025 18:05,2025-04-01 23:44:00,A0024,2
T0004661,agoda,social,Technical Issue,Low,2025-05-23 08:47:00,2025-05-23 14:06:12,A0044,
T0004788,agoda,phone,Billing,Urgent,29/07/2024 09:50,2024-07-29 16:06:48,A0023,5
T0002056,Booking.com,email,Billing,Medium,2024-10-26 10:27:00,2024-10-26 14:00:00,A0021,2
T0002221,KAYAK,social,Technical Issue,Urgent,24/09/2024 08:36,2024-09-25 02:08:24,A0047,4
T0002041,Booking.com,social,Booking Change,Medium,2025-04-16 13:51:00,2025-04-17 06:40:48,A0012,4
T0004861,KAYAK,social,Technical Issue,Low,2024-09-26 22:36:00,2024-09-27 22:34:12,A0057,5
T0001176,priceline,CHAT,Billing,Low,2025-04-06 09:05:00,2025-04-06 11:57:48,A0013,4
T0003103,KAYAK,social,Cancellation,Urgent,2025-03-31 01:50:00,2025-03-31 06:33:48,A0010,2
T0002837,Booking.com,email,Booking Change,Medium,23/12/2024 07:59,2024-12-23 08:17:00,A0009,
T0003542,KAYAK,chat,cancellation,Medium,2024-06-18 00:22:00,2024-06-18 05:09:24,A0021,2
T0003656,agoda,chat,Technical Issue,High,31/07/2024 18:12,2024-07-31 19:28:12,A0036,1
T0004604,priceline,chat,Booking Change,High,03/08/2024 23:07,,A0022,
T0002823,agoda,chat,Billing,Urgent,2025-01-21 08:48:00,2025-01-21 10:48:00,A0008,
T0001541,Booking.com,social,General Query,Low,2025-02-04 06:55:00,2025-02-04 11:40:36,A0029,
T0002699,KAYAK,phone,Cancellation,Medium,2024-10-21 10:53:00,2024-10-22 05:50:00,A0043,1
T0003989,Booking.com,social,cancellation,Low,2025-02-04 23:50:00,2025-02-05 07:48:12,A0003,2
T0003758,priceline,email,Cancellation,Low,2024-10-14 05:06:00,2024-10-15 00:10:48,A0007,
T0000932,KAYAK,phone,Billing,High,2024-06-27 06:04:00,2024-06-27 14:54:24,A0008,3
T0003509,Booking.com,CHAT,General Query,High,2024-11-14 23:38:00,2024-11-15 14:10:24,A0055,1
T0002421,KAYAK,chat,billing,Medium,2024-07-30 14:11:00,2024-07-30 14:35:36,A0030,
T0002685,KAYAK,phone,Cancellation,High,30/10/2024 07:37,2024-10-30 18:32:48,A0003,
T0003299,Booking.com,email,Technical Issue,Low,2024-08-03 02:40:00,2024-08-03 04:13:00,A0044,5
T0004862,Booking.com,social,Bill,Medium,2024-09-04 01:58:00,2024-09-04 11:28:36,A0017,5
T0001874,Booking.com,phone,Technical Issue,Low,2025-01-17 18:49:00,,A0026,
T0004753,priceline,chat,Booking Change ,Low,2024-12-06 05:18:00,,A0033,
T0004691,priceline,chat,technical issue,Low,2025-01-22 18:12:00,2025-01-23 00:39:00,A0042,
T0002629,KAYAK,social,Booking Change,Urgent,2024-11-08 05:24:00,2024-11-09 00:59:24,A0049,
T0004814,agoda,chat,Booking Change,High,2024-10-10 01:19:00,2024-10-10 05:25:36,A0012,2
T0001526,priceline,social,general query,Medium,2024-08-09 16:30:00,2024-08-09 16:52:48,A0023,3
T0000192,KAYAK,chat,Billing,Urgent,2024-07-18 04:23:00,2024-07-18 05:03:12,A0059,1
T0001970,priceline,phone,GENERAL QUERY,Medium,02/11/2024 09:01,2024-11-02 13:45:24,A0037,5
T0000840,KAYAK,phone,Billing ,High,2024-07-05 07:43:00,,A0059,
T0001442,priceline,phone,Billing ,Low,2024-09-15 06:04:00,2024-09-15 21:50:12,A0030,1
T0001019,priceline,chat,General Query,Urgent,2024-11-03 04:29:00,2024-11-03 06:22:24,A0022,
T0004094,agoda,phone,Technical Issue,High,2025-05-27 17:00:00,2025-05-27 19:25:48,A0017,10
T0004286,agoda,social,Cancellation,High,2024-06-26 02:00:00,,A0042,
T0001481,priceline,social,Billing,Low,2024-08-28 23:38:00,2024-08-29 20:15:48,A0039,
T0001636,priceline,social,Booking Change,High,2024-07-23 05:44:00,2024-07-24 00:01:24,A0037,6
T0003875,KAYAK,email,BOOKING CHANGE,Urgent,2025-02-18 15:08:00,2025-02-18 15:24:48,A0039,
T0001462,KAYAK,email,Billing,High,2024-08-11 18:06:00,2024-08-12 05:27:36,A0002,4
T0001694,priceline,email,Technical Issue,Medium,2024-10-25 04:30:00,2024-10-25 05:21:36,A0036,
T0001672,agoda,chat,Billing,Medium,2025-03-02 15:42:00,2025-03-01 03:42:00,A0051,5
T0001428,KAYAK,chat,General Query,Medium,22/10/2024 10:15,2024-10-22 19:17:24,A0057,3
T0002811,priceline,social,Billing,Low,2025-04-19 02:49:00,2025-04-19 16:04:36,A0049,10
T0001148,Booking.com,social,technical issue,Medium,2024-07-12 22:47:00,2024-07-13 01:33:48,A0046,4
T0004179,KAYAK,email,Technical Issue,Low,2024-11-09 07:28:00,2024-11-09 12:20:12,A0032,
T0004381,agoda,phone,Technical Issue,High,29/10/2024 03:27,2024-10-29 15:50:24,A0033,2
T0004858,KAYAK,Email,GENERAL QUERY,Low,2025-04-08 17:31:00,2025-04-08 19:47:48,A0019,7
T0003333,agoda,chat,Cancellation,Urgent,2025-04-26 18:01:00,2025-04-27 13:30:24,A0043,3
T0001707,priceline,social,Billing,Urgent,2025-01-11 08:08:00,2025-01-11 09:56:36,A0051,
T0000856,agoda,phone,Booking Change,Low,2024-11-02 15:03:00,2024-11-02 17:37:48,A0040,
T0003016,KAYAK,social,GENERAL QUERY,High,2025-05-13 14:19:00,2025-05-13 16:35:12,A0058,4
T0003800,priceline,phone,Technical Issue,High,13/02/2025 02:14,2025-02-13 06:32:00,A0040,
T0001989,priceline,social,Technical Issue ,High,2024-11-13 12:18:00,2024-11-14 11:21:00,A0009,2
T0000194,KAYAK,chat,Booking Change,Low,23/06/2024 19:22,2024-06-24 01:56:12,A0054,
T0004345,Booking.com,social,Booking Change,High,2024-10-20 12:21:00,2024-10-20 12:58:48,A0047,4
T0001486,priceline,email,Technical Issue,Low,2025-04-12 20:55:00,2025-04-13 04:09:24,A0011,1
T0004857,KAYAK,chat,Billing,Urgent,2025-02-06 02:42:00,,A0003,
T0001372,priceline,email,Booking Change,High,2024-12-24 09:36:00,2024-12-24 18:01:48,A0021,
T0002741,Booking.com,chat,booking change,Low,2025-02-21 06:32:00,2025-02-22 07:09:12,A0010,
T0002638,priceline,Email,general query,High,2024-12-16 05:05:00,,A0002,
T0004891,Booking.com,email,Billing,Urgent,28/02/2025 11:01,2025-02-28 12:44:48,A0014,1
T0001771,priceline,phone,General Query,Urgent,2024-07-18 19:44:00,2024-07-19 03:31:24,A0045,
T0001446,priceline,social,Booking Change,High,2024-06-13 08:53:00,2024-06-14 02:41:00,A0050,1
T0003774,Booking.com,email,booking change,Medium,2025-01-22 12:30:00,2025-01-22 15:52:12,A0005,1
T0002727,KAYAK,PHONE,General Query,Medium,06/11/2024 02:05,2024-11-06 08:22:24,A0049,
T0004746,Booking.com,chat,Technical Issue ,Urgent,2024-06-08 01:19:00,2024-06-08 18:59:12,A0060,
T0003402,priceline,e-mail,TECHNICAL ISSUE,Urgent,2024-11-01 15:54:00,2024-11-01 22:21:00,A0009,7
T0001405,Booking.com,social,Booking Change,Urgent,2024-07-15 10:51:00,2024-07-16 02:40:12,A0029,4
T0002973,agoda,phone,Booking Change,High,2025-04-25 12:00:00,2025-04-25 19:24:00,A0010,4
T0000606,agoda,social,technical issue,Low,09/12/2024 21:59,2024-12-10 05:26:00,A0050,9
T0000101,agoda,SOCIAL,Cancellation,High,2025-01-27 11:50:00,2025-01-27 14:31:24,A0021,4
T0000290,Booking.com,phone,cancellation,High,07/03/2025 16:22,2025-03-07 17:18:24,A0050,2
T0004442,Booking.com,social,Cancellation,Low,2025-03-05 03:44:00,2025-08-11 20:44:00,A0020,
T0002650,KAYAK,phone,TECHNICAL ISSUE,Low,2024-07-08 00:24:00,2024-07-08 08:08:24,A0015,
T0003689,agoda,social,Cancellation,Low,2025-02-25 17:58:00,2025-02-26 19:14:12,A0059,4
T0000866,priceline,email,Cancellation,High,2025-01-26 04:38:00,2025-01-26 11:39:12,A0057,
T0001373,priceline,phone,Booking Change,Urgent,2024-12-09 19:11:00,2024-12-10 11:47:36,A0019,5
T0004308,priceline,e-mail,Booking Change,Medium,2025-04-11 00:15:00,2025-04-11 03:33:36,A0018,3
T0003856,KAYAK,email,Billing,Urgent,2025-02-12 17:14:00,2025-02-12 20:22:24,A0020,1
T0000036,Booking.com,chat,Cancellation,Medium,2025-04-20 12:58:00,2025-04-20 19:37:36,A0011,4
T0002744,agoda,phone,CANCELLATION,High,24/09/2024 14:50,2024-09-25 11:47:00,A0025,5
T0002739,priceline,social,Cancellation,Medium,10/07/2024 04:47,,A0017,
T0002500,priceline,social,billing,High,13/07/2024 10:19,2024-07-13 18:03:24,A0022,2
T0004339,Booking.com,chat,Billing,Urgent,2024-07-06 21:25:00,2024-07-06 23:02:48,A0041,7
T0003302,Booking.com,email,Technical Issue ,Low,03/10/2024 23:44,2024-10-04 01:14:00,A0048,4
T0000551,Booking.com,phone,Technical Issue,Medium,2025-03-22 18:38:00,2025-03-22 19:43:24,A0050,7
T0004820,agoda,email,Billing ,High,2024-11-05 04:33:00,2024-11-05 07:52:48,A0005,
T0001899,Booking.com,Email,Billing,Low,2025-02-18 22:25:00,2025-02-19 06:34:00,A0038,2
T0004216,priceline,chat,general query,Low,2025-01-16 18:28:00,2025-01-16 19:16:36,A0018,3
T0001013,agoda,chat,BILLING,Low,03/07/2024 10:40,2024-07-03 14:49:36,A0036,3
T0000138,KAYAK,phone,Bill,Urgent,08/08/2024 21:17,2024-08-09 04:06:12,A0034,
T0001487,agoda,email,Technical Issue,Low,2025-03-10 22:39:00,,A0033,
T0000853,KAYAK,PHONE,Cancellation,High,2024-11-14 16:28:00,2024-11-14 17:40:00,A0020,3
T0003801,agoda,social,Technical Issue,Low,2025-01-27 16:47:00,2025-01-29 00:05:00,A0015,1
T0003085,agoda,email,General Query,Medium,2024-06-23 20:22:00,2024-06-24 16:32:48,A0056,2
T0002662,KAYAK,phone,Cancellation,Medium,2025-03-20 06:58:00,2025-03-21 01:16:36,A0047,5
T0003795,Booking.com,email,Booking Change,High,2024-08-15 23:27:00,2024-08-16 02:27:00,A0059,
T0002177,Booking.com,social,cancellation,Urgent,2024-12-01 13:22:00,2024-12-01 18:28:36,A0039,8
T0001803,Booking.com,email,Billing,Low,2025-03-23 15:56:00,2025-03-23 23:17:00,A0020,
T0004057,Booking.com,phone,BILLING,High,06/04/2025 00:07,2025-04-06 01:19:00,A0041,1
T0003815,agoda,chat,Booking Change,Medium,2025-03-21 01:01:00,2025-03-22 02:04:36,A0035,1
T0002898,Booking.com,social,general query,High,2024-08-14 21:40:00,2024-08-15 02:06:24,A0024,
T0003537,priceline,email,Booking Change,Low,2024-08-24 14:18:00,2024-08-25 19:44:24,A0053,1
T0001025,agoda,chat,Technical Issue,Low,2024-08-18 22:21:00,2024-08-19 10:55:48,A0043,1
T0000864,priceline,phone,Billing,Urgent,2024-11-02 13:26:00,2024-11-03 03:02:00,A0042,
T0001994,agoda,chat,Billing,Medium,2024-10-03 18:23:00,2024-10-03 21:21:12,A0056,5
T0003833,agoda,e-mail,Technical Issue,High,25/03/2025 20:14,2025-03-26 02:03:12,A0038,
T0001942,priceline,e-mail,Cancellation,Low,2024-11-07 16:25:00,2024-11-07 22:19:00,A0043,
T0003824,Booking.com,phone,cancellation,Urgent,2024-10-14 09:38:00,2024-10-14 10:41:36,A0022,2
T0004632,priceline,phone,Cancellation,Medium,2025-01-22 02:27:00,2025-01-22 06:22:12,A0033,
T0004728,priceline,chat,General Query,Low,2024-10-29 19:29:00,2024-10-30 05:45:48,A0029,5
T0000497,KAYAK,email,Booking Change,Low,07/05/2025 18:30,2025-05-08 16:46:12,A0038,
T0002788,KAYAK,social,Cancellation,Low,2025-04-24 17:20:00,2025-04-25 02:09:12,A0025,2
T0002148,priceline,social,Booking Change,High,23/09/2024 02:15,2024-09-23 02:28:12,A0055,4
T0000014,priceline,phone,Booking Change,Medium,2024-07-08 21:15:00,2024-07-08 23:21:36,A0048,2
T0002812,Booking.com,PHONE,Billing,Low,07/12/2024 08:11,2024-12-07 11:02:00,A0059,4
T0004187,KAYAK,email,Cancellation,Urgent,2024-12-18 03:07:00,,A0011,
T0001663,KAYAK,phone,Billing,Medium,2024-12-29 09:15:00,2024-12-30 09:54:00,A0030,2
T0003297,agoda,Email,Booking Change,Low,2025-02-11 10:02:00,2025-02-11 10:55:24,A0004,5
T0001531,agoda,social,cancellation,Medium,2024-12-01 15:07:00,2024-12-01 23:38:12,A0049,1
T0001619,KAYAK,chat,Billing,Urgent,2024-10-07 07:56:00,2024-10-07 09:36:48,A0003,
T0003387,KAYAK,SOCIAL,Technical Issue,Urgent,2024-09-17 02:13:00,2024-09-17 22:13:36,A0022,4
T0000346,KAYAK,chat,GENERAL QUERY,Medium,2024-08-20 12:40:00,2024-08-21 10:07:00,A0039,3
T0004119,agoda,social,Cancellation,Medium,2024-08-20 00:03:00,2024-08-20 11:25:12,A0030,9
T0000674,KAYAK,phone,Billing,High,2025-02-10 11:07:00,2025-02-10 20:44:48,A0038,3
T0003211,agoda,social,Cancellation,Medium,2024-09-10 10:58:00,2024-09-10 22:16:00,A0013,1
T0001654,Booking.com,phone,Cancellation,Medium,2024-06-26 21:33:00,,A0022,
T0003369,priceline,social,cancellation,Low,2025-03-22 05:30:00,2025-03-22 07:34:12,A0009,5
T0000089,Booking.com,chat,Booking Change,Low,2025-01-03 20:01:00,2025-01-03 23:06:24,A0023,2
T0000705,Booking.com,social,Billing,Low,2024-10-24 11:53:00,2024-10-24 13:05:36,A0055,1
T0004009,KAYAK,e-mail,billing,Urgent,2025-05-06 00:34:00,2025-05-06 06:14:12,A0037,2
T0003313,agoda,social,Booking Change,High,2024-11-12 23:49:00,2024-11-13 06:20:12,A0035,
T0002394,agoda,email,Booking Change,High,16/07/2024 10:51,2024-07-16 13:04:12,A0043,2
T0003519,agoda,social,Billing ,Low,25/07/2024 23:16,2024-07-26 10:19:00,A0043,4
T0002019,KAYAK,chat,Technical Issue,Medium,09/12/2024 17:49,2024-12-10 07:19:00,A0030,4
T0002416,agoda,social,Cancellation,Medium,2024-12-31 02:32:00,2024-12-31 11:21:48,A0058,2
T0001494,Booking.com,social,Technical Issue,Medium,12/02/2025 14:40,2025-02-13 02:29:12,A0060,
T0001103,agoda,chat,technical issue,Medium,2025-05-20 22:11:00,2025-05-21 03:58:24,A0028,4
T0001879,agoda,social,Billing,Medium,21/12/2024 03:45,2024-12-21 05:08:24,A0036,4
T0002234,priceline,CHAT,Technical Issue,High,2025-03-05 10:39:00,2025-03-05 13:09:36,A0032,5
T0003401,KAYAK,social,General Query,Urgent,2024-07-07 14:35:00,2024-07-07 16:14:36,A0049,4
T0002624,KAYAK,Email,Billing ,Low,2024-11-25 05:34:00,2024-11-25 12:10:00,A0055,7
T0001744,priceline,chat,Billing,Medium,2025-03-10 02:16:00,,A0037,
T0000692,Booking.com,chat,Booking Change,Low,2025-01-04 18:31:00,2025-01-04 19:52:00,A0060,1
T0004092,agoda,CHAT,Technical Issue,Low,2024-11-07 16:04:00,2024-11-07 18:02:12,A0041,
T0003244,agoda,social,Billing,High,2024-11-17 14:16:00,,A0003,
T0000536,agoda,PHONE,BILLING,Urgent,05/03/2025 08:12,2025-03-05 08:25:48,A0034,5
T0003168,KAYAK,email,Booking Change,Medium,2025-02-17 09:51:00,2025-02-17 11:51:00,A0022,
T0001655,Booking.com,chat,Billing,Medium,2024-06-14 22:44:00,2024-06-14 23:35:36,A0017,
T0002181,KAYAK,phone,Booking Change,Medium,2024-12-09 07:19:00,2024-12-09 08:04:00,A0050,
T0004011,priceline,phone,TECHNICAL ISSUE,Urgent,26/05/2025 23:42,2025-05-27 06:12:36,A0049,1
T0002271,Booking.com,social,Cancellation,Medium,2024-07-02 19:15:00,2024-07-03 22:58:48,A0044,
T0001582,Booking.com,chat,Technical Issue,Low,13/10/2024 19:14,2024-10-13 20:08:00,A0009,3
T0000827,Booking.com,chat,Cancellation,Low,2024-07-03 13:31:00,2024-07-03 17:37:00,A0022,7
T0002554,KAYAK,social,Cancellation,Low,2024-09-30 04:34:00,2024-09-30 13:34:36,A0006,
T0004348,agoda,CHAT,Billing,High,2025-01-29 03:13:00,2025-01-29 04:43:00,A0028,1
T0003570,priceline,phone,Booking Change,Urgent,2025-05-24 19:27:00,2025-05-24 22:05:24,A0051,
T0004837,agoda,chat,Booking Change,Low,2025-01-26 21:43:00,2025-01-27 05:22:00,A0049,5
T0004685,Booking.com,social,BOOKING CHANGE,High,2024-10-25 04:36:00,2024-10-25 12:31:48,A0011,1
T0004981,KAYAK,phone,Cancellation,Medium,2025-04-07 11:29:00,2025-04-07 15:14:36,A0032,2
T0002709,KAYAK,phone,Billing,Medium,2024-09-06 06:32:00,2024-09-06 10:00:48,A0007,5
T0003576,KAYAK,email,Cancellation,Urgent,2024-12-21 22:38:00,2024-12-22 11:23:36,A0027,5
T0002987,KAYAK,phone,General Query,Medium,2024-12-16 19:39:00,2024-12-17 15:04:12,A0038,3
T0001581,KAYAK,email,Billing,Urgent,2024-11-02 01:55:00,2024-11-02 06:41:48,A0054,
T0002506,priceline,Email,General Query,Low,2024-11-10 21:32:00,2024-11-11 01:13:24,A0034,1
T0004462,Booking.com,social,Billing,High,2024-06-23 00:24:00,2024-06-23 08:42:36,A0022,2
T0002812,Booking.com,PHONE,Billing,Low,07/12/2024 08:11,2024-12-07 11:02:00,A0059,4
T0001592,KAYAK,chat,cancellation,Urgent,2024-10-19 14:38:00,2024-10-20 04:53:36,A0005,5
T0001256,priceline,social,GENERAL QUERY,High,2024-07-31 21:12:00,,A0042,
T0000875,agoda,phone,Technical Issue,Urgent,2025-04-03 08:15:00,,A0058,
T0000053,Booking.com,phone,technical issue,Urgent,2024-06-13 07:06:00,2024-06-14 08:25:48,A0012,
T0003781,Booking.com,chat,Cancellation,Low,2025-04-09 21:45:00,2025-04-10 04:20:24,A0037,6
T0001840,agoda,phone,Cancellation,Medium,2025-05-18 14:22:00,2025-05-18 15:37:36,A0028,
T0002826,Booking.com,phone,BOOKING CHANGE,Urgent,2024-11-01 21:39:00,2024-11-01 23:27:00,A0044,10
T0000433,priceline,email,Technical Issue,Low,2024-12-31 14:16:00,2024-12-31 17:28:00,A0056,
T0002838,priceline,Email,General Query,Low,2024-09-19 03:45:00,2024-09-19 03:59:24,A0047,1
T0000733,agoda,phone,Cancellation,Medium,2025-01-25 16:23:00,2025-01-26 03:03:48,A0037,4
T0004793,Booking.com,social,Billing,High,2024-07-11 07:00:00,2024-07-11 07:43:12,A0048,7
T0000579,agoda,phone,Cancellation,Medium,2025-03-04 23:57:00,2025-03-05 06:22:12,A0011,2
T0001859,Booking.com,SOCIAL,Billing,Low,26/03/2025 15:58,2025-03-27 02:51:24,A0059,
T0004197,agoda,social,Booking Change,High,2025-03-19 07:00:00,2025-03-19 21:30:36,A0052,5
T0001503,KAYAK,social,Booking Change,High,2024-09-24 03:57:00,2024-09-24 11:25:48,A0023,5
T0003723,agoda,PHONE,General Query,Medium,2024-07-25 19:52:00,,A0009,
T0002910,agoda,chat,Booking Change,High,13/05/2025 18:41,2025-05-14 01:44:00,A0025,
T0001220,agoda,social,Bill,High,01/07/2024 20:23,2024-07-02 00:40:24,A0042,2
T0004079,priceline,chat,Bill,Urgent,2024-12-10 16:08:00,2024-12-10 18:38:00,A0001,
T0003500,priceline,social,Cancellation,Medium,2025-02-24 18:27:00,2025-02-24 22:03:00,A0028,
T0004863,agoda,email,general query,Urgent,2024-11-26 07:00:00,2024-11-26 10:12:36,A0035,
T0000273,priceline,phone,Booking Change,High,2024-08-07 20:45:00,2024-08-08 00:49:48,A0044,
T0004719,agoda,chat,Cancellation,Medium,2025-01-12 08:25:00,2025-01-12 12:54:24,A0036,3
T0002548,KAYAK,email,Cancellation,Low,2024-10-18 05:58:00,2024-10-18 23:55:00,A0005,
T0003367,KAYAK,email,Technical Issue,High,06/12/2024 20:19,2024-12-07 02:07:36,A0004,2
T0000569,Booking.com,email,Bill,Urgent,2024-10-26 08:46:00,2024-10-26 15:17:48,A0030,10
T0002991,Booking.com,social,Cancellation,Medium,2024-06-16 15:21:00,2024-06-17 03:03:00,A0048,2
T0001131,agoda,SOCIAL,Billing,Urgent,26/07/2024 22:15,2024-07-27 02:54:00,A0058,
T0002596,Booking.com,phone,Cancellation,Medium,2024-11-23 00:03:00,2024-11-23 13:37:48,A0054,2
T0001192,agoda,social,general query,Low,2024-09-10 14:22:00,,A0038,
T0002706,priceline,phone,GENERAL QUERY,Medium,10/07/2024 02:21,2024-07-10 14:04:48,A0057,2
T0004039,agoda,chat,booking change,Low,06/09/2024 09:01,2024-09-06 19:52:36,A0040,8
T0001156,agoda,email,TECHNICAL ISSUE,Urgent,2024-10-04 04:27:00,2024-10-04 11:44:24,A0048,6
T0004975,Booking.com,chat,Technical Issue,Medium,2024-09-17 18:51:00,,A0057,
T0002534,agoda,chat,General Query,Low,2024-11-20 07:03:00,2024-11-20 10:15:00,A0053,4
T0003914,KAYAK,email,Billing,High,2024-11-03 08:03:00,2024-11-03 10:09:36,A0059,5
T0000590,KAYAK,social,Billing,Medium,11/03/2025 08:41,2025-03-11 14:05:36,A0055,5
T0001549,priceline,chat,General Query ,Urgent,22/03/2025 01:38,2025-03-22 06:41:36,A0028,1
T0002527,Booking.com,chat,Technical Issue,Low,2024-06-27 06:47:00,2024-06-27 09:18:48,A0037,1
T0002018,KAYAK,phone,CANCELLATION,Low,2025-02-17 20:08:00,2025-02-18 05:18:48,A0021,2
T0004316,priceline,email,Cancellation,Urgent,2024-09-30 15:34:00,2024-10-01 06:07:36,A0013,5
T0003968,Booking.com,CHAT,billing,Medium,2024-10-04 07:25:00,2024-10-04 08:21:24,A0033,5
T0002769,priceline,phone,general query,Medium,2024-12-25 01:55:00,2024-12-25 06:17:48,A0029,7
T0002393,priceline,social,BILLING,High,23/04/2025 19:55,2025-04-23 22:25:00,A0009,5
T0000247,Booking.com,social,GENERAL QUERY,Urgent,27/04/2025 15:19,2025-04-27 16:18:24,A0016,
T0003257,Booking.com,e-mail,Booking Change,Urgent,2024-11-01 02:58:00,2024-11-01 08:57:24,A0048,1
T0000330,priceline,chat,General Query,High,2024-07-16 09:03:00,2024-07-16 11:24:36,A0044,2
T0000157,agoda,e-mail,Cancellation,Low,2025-01-02 15:25:00,2025-01-02 23:27:24,A0053,
T0000168,priceline,social,booking change,Low,2025-04-02 14:37:00,,A0044,
T0003574,KAYAK,social,BILLING,Urgent,09/04/2025 03:56,2025-04-09 04:19:24,A0058,7
T0003363,KAYAK,phone,Cancellation,High,15/09/2024 20:53,2024-09-16 02:27:48,A0013,1
T0001830,agoda,email,BILLING,Medium,02/08/2024 17:36,2024-08-02 19:39:00,A0048,
T0003015,KAYAK,social,Billing,Low,2025-02-24 06:44:00,2025-02-24 09:05:36,A0002,
T0001925,priceline,Email,General Query,High,2024-07-31 04:10:00,2024-08-01 06:30:24,A0050,1
T0004906,KAYAK,chat,CANCELLATION,Urgent,2025-03-07 23:03:00,2025-03-07 23:58:12,A0018,1
T0001995,KAYAK,phone,General Query,Urgent,2024-09-20 19:24:00,2024-09-20 20:25:48,A0024,2
T0004235,agoda,social,Booking Change,Urgent,2025-01-09 00:09:00,2025-01-09 03:07:48,A0026,
T0003470,agoda,phone,GENERAL QUERY,High,07/03/2025 10:45,2025-03-07 22:12:36,A0050,
T0003146,agoda,email,BILLING,Urgent,2025-02-21 06:51:00,2025-02-21 09:54:00,A0033,4
T0001273,Booking.com,CHAT,Booking Change,Medium,10/08/2024 01:58,2024-08-10 02:28:36,A0038,4
T0002327,agoda,phone,Technical Issue,High,02/09/2024 03:20,,A0013,
T0001888,agoda,chat,Booking Change,Urgent,2025-01-27 11:41:00,2025-01-27 20:20:00,A0002,5
T0004718,agoda,social,Cancellation,Urgent,2025-03-28 06:40:00,2025-03-28 16:37:36,A0049,8
T0002589,priceline,chat,Technical Issue,Medium,2025-05-26 22:09:00,2025-05-27 10:54:36,A0002,1
T0002433,agoda,e-mail,Technical Issue,High,2025-03-22 09:28:00,2025-03-22 10:26:12,A0002,1
T0002821,KAYAK,Email,Billing,Low,2025-04-16 04:07:00,2025-04-17 21:56:12,A0004,
T0002471,Booking.com,social,CANCELLATION,High,22/01/2025 19:53,2025-01-23 09:21:12,A0055,2
T0001946,Booking.com,chat,General Query,Low,07/04/2025 00:10,2025-04-07 11:23:48,A0010,4
T0001507,KAYAK,social,general query,Urgent,2024-12-09 19:44:00,2024-12-09 22:05:36,A0023,3
T0000777,KAYAK,chat,billing,Medium,2024-09-19 15:53:00,2024-09-19 17:30:48,A0021,8
T0001496,Booking.com,chat,Billing,High,2024-07-31 16:35:00,2024-07-31 16:58:24,A0055,
T0004138,Booking.com,phone,Technical Issue ,Medium,2024-09-17 18:58:00,2024-09-16 12:58:00,A0022,1
T0003196,KAYAK,social,CANCELLATION,Medium,2024-10-23 13:12:00,2024-10-24 01:51:00,A0036,3
T0004993,agoda,social,General Query,High,2024-12-28 15:33:00,2024-12-29 22:20:24,A0017,1
T0001618,KAYAK,chat,technical issue,Urgent,2025-05-04 16:56:00,,A0038,
T0003152,priceline,chat,General Query,High,2025-04-01 14:56:00,2025-04-02 04:19:24,A0043,4
T0003557,Booking.com,phone,Booking Change,Medium,2025-05-20 14:00:00,2025-05-20 16:18:36,A0043,3
T0001002,KAYAK,e-mail,BILLING,Urgent,2024-09-23 05:23:00,2024-09-23 09:14:36,A0001,3
T0003669,agoda,social,CANCELLATION,High,2025-04-22 00:09:00,,A0003,
T0003588,KAYAK,chat,GENERAL QUERY,Urgent,2025-05-25 22:37:00,,A0031,
T0003351,agoda,email,Technical Issue,High,2025-01-04 08:24:00,2025-01-05 00:54:36,A0057,1
T0003476,agoda,social,Technical Issue,Urgent,2024-09-21 16:26:00,2024-09-22 19:45:48,A0043,
T0003403,agoda,phone,Cancellation,High,2024-08-30 20:31:00,2024-08-31 06:25:36,A0021,3
T0000013,agoda,chat,Booking Change,Urgent,2025-05-24 16:56:00,2025-05-25 14:09:48,A0029,
T0001366,KAYAK,email,Cancellation,Medium,06/05/2025 20:35,,A0025,
T0003050,KAYAK,phone,TECHNICAL ISSUE,High,2024-07-23 17:53:00,2024-07-23 19:55:24,A0037,3
T0000711,priceline,phone,Booking Change,Low,2024-12-27 22:08:00,2024-12-27 23:47:36,A0010,4
T0002691,agoda,phone,Cancellation,High,2024-11-30 18:33:00,,A0034,
T0000201,priceline,social,General Query,Medium,2024-10-03 07:22:00,2024-10-03 09:24:24,A0038,
T0000645,Booking.com,email,BILLING,High,2024-10-14 22:49:00,2024-10-15 07:48:24,A0035,3
T0000428,Booking.com,social,Technical Issue,Low,2025-04-25 02:59:00,2025-04-25 15:16:24,A0034,
T0003622,KAYAK,phone,Billing,Urgent,2024-11-02 03:13:00,2024-11-02 04:16:36,A0021,
T0003063,Booking.com,e-mail,General Query,High,2024-11-01 13:20:00,2024-11-02 05:27:12,A0039,5
T0003603,priceline,social,Cancellation,Low,2024-12-01 02:31:00,2024-12-01 21:26:12,,8
T0001866,agoda,PHONE,Technical Issue,Medium,2025-02-11 04:13:00,2025-02-11 15:26:48,A0032,3
T0003715,KAYAK,CHAT,Cancellation,High,25/10/2024 09:36,2024-10-27 07:41:24,A0033,
T0001670,KAYAK,social,General Query,High,2025-04-03 02:43:00,2025-04-03 09:28:00,A0008,10
T0000767,priceline,phone,Billing,Urgent,2025-03-09 09:27:00,2025-03-09 17:02:24,A0050,7
T0004331,KAYAK,PHONE,Billing,Low,2024-09-05 19:54:00,2024-09-06 04:01:12,A0057,1
T0004341,agoda,phone,Billing,High,2025-02-13 04:59:00,2025-02-13 07:18:48,A0016,3
T0000810,Booking.com,social,Billing,Medium,2025-01-24 16:20:00,2025-01-24 20:12:48,A0034,5
T0004384,agoda,chat,Cancellation,Medium,2024-06-04 16:27:00,2024-06-04 19:55:12,A0011,
T0004121,agoda,Email,Booking Change,High,2025-03-04 19:43:00,2025-03-05 02:35:12,A0035,
T0001802,KAYAK,phone,Booking Change,Medium,2024-12-06 14:55:00,2024-12-07 01:07:00,A0058,4
T0000463,KAYAK,email,TECHNICAL ISSUE,Urgent,2024-10-23 09:47:00,2024-10-23 14:34:24,A0056,4
T0002574,agoda,SOCIAL,TECHNICAL ISSUE,Low,2024-12-30 10:31:00,,A0055,
T0001851,KAYAK,email,Technical Issue,Urgent,2025-04-22 10:52:00,2025-04-22 11:29:48,A0056,
T0001818,KAYAK,social,Billing,High,2025-05-23 04:45:00,2025-05-23 05:58:12,A0046,
T0002857,Booking.com,chat,Billing,Medium,23/02/2025 18:58,2025-02-23 20:20:12,A0003,3
T0002347,agoda,phone,Technical Issue,High,2024-12-30 15:35:00,2024-12-30 20:45:48,A0021,5
T0001142,agoda,chat,Cancellation,Medium,2025-01-07 05:56:00,2025-01-08 08:41:36,A0027,1
T0002330,Booking.com,chat,Billing,High,2024-12-19 09:27:00,2024-12-20 07:30:00,A0057,
T0002547,priceline,chat,Booking Change,Urgent,2024-11-20 17:45:00,2024-11-20 19:31:12,A0008,3
T0000301,Booking.com,email,Cancellation,Medium,2024-08-13 15:06:00,2024-08-13 15:46:12,A0060,5
T0001510,Booking.com,chat,BOOKING CHANGE,Low,2024-11-17 21:12:00,2024-11-17 21:43:48,A0049,
T0004652,Booking.com,phone,Booking Change,High,2025-04-01 20:25:00,2025-04-02 02:56:48,A0014,5
T0004261,priceline,CHAT,Billing,Medium,2024-09-26 08:07:00,2024-09-26 10:08:12,A0048,5
T0003629,Booking.com,email,BOOKING CHANGE,Medium,2024-09-02 13:18:00,2024-09-02 14:39:36,A0003,
T0001971,agoda,social,Cancellation,High,2024-11-07 17:40:00,2024-11-07 22:34:00,A0001,
T0003047,agoda,chat,Technical Issue ,High,2025-05-30 07:52:00,2025-05-30 13:19:36,A0029,
T0001711,agoda,phone,Billing,Low,2024-06-14 06:28:00,2024-06-14 14:38:12,A0048,2
T0001032,KAYAK,email,Technical Issue,Medium,2024-10-26 18:14:00,2024-10-26 22:26:00,A0030,2
T0000764,KAYAK,chat,Cancellation,Low,2024-10-11 20:16:00,2024-10-12 08:48:24,A0046,
T0001040,KAYAK,social,General Query,Medium,2024-11-28 14:20:00,2024-11-28 16:45:48,A0037,2
T0003388,agoda,chat,Cancellation,High,2024-11-01 11:49:00,2024-11-02 13:50:12,A0018,3
T0004376,Booking.com,chat,Booking Change,Low,10/10/2024 20:50,2024-10-10 22:15:48,A0056,
T0001513,agoda,PHONE,BILLING,Medium,2024-09-20 11:26:00,2024-09-20 20:12:12,A0059,
T0001254,agoda,phone,Booking Change,Low,2024-09-08 06:40:00,2024-09-08 12:49:00,A0018,
T0001375,agoda,PHONE,BILLING,High,2024-09-18 10:55:00,2024-09-18 13:28:36,A0010,4
T0003284,priceline,email,Cancellation,Medium,2024-12-25 13:37:00,2024-12-25 15:41:48,A0017,3
T0004802,priceline,phone,Booking Change,High,30/07/2024 14:10,2024-07-30 20:41:48,A0031,5
T0000792,agoda,e-mail,Billing,Urgent,29/11/2024 02:10,2024-11-29 11:10:00,A0055,2
T0003540,priceline,phone,General Query,Urgent,2024-11-08 14:13:00,,A0020,
T0003510,Booking.com,phone,Billing,Medium,2025-04-18 01:59:00,2025-04-18 09:27:48,A0036,4
T0004060,Booking.com,phone,General Query,Low,2025-05-20 20:33:00,2025-05-21 12:55:12,A0035,5
T0001891,priceline,social,General Query,High,2024-06-10 16:08:00,2024-06-11 07:57:48,A0019,1
T0004446,priceline,chat,Cancellation,Urgent,11/11/2024 11:09,,A0011,
T0002358,KAYAK,social,General Query,Urgent,2024-07-20 05:38:00,2024-07-20 12:22:24,A0036,7
T0001664,priceline,chat,billing,Medium,2024-07-21 10:27:00,2024-07-21 22:39:00,A0029,1
T0001050,KAYAK,phone,Cancellation,Urgent,2024-06-26 04:22:00,2024-06-26 04:47:48,A0040,9
T0004556,priceline,email,technical issue,High,2025-04-30 01:44:00,2025-04-30 05:50:36,A0015,5
T0004909,KAYAK,CHAT,cancellation,Urgent,2024-06-21 09:37:00,2024-06-22 13:53:48,A0017,
T0003400,agoda,social,Technical Issue ,Medium,2025-03-31 22:16:00,2025-03-31 23:56:48,A0010,
T0001211,agoda,phone,Technical Issue,High,2025-02-26 10:56:00,2025-02-26 13:43:24,A0042,3
T0004932,priceline,social,billing,Low,2024-09-13 19:06:00,2024-09-13 23:49:12,A0004,
T0000999,agoda,phone,Billing,High,2025-02-04 08:12:00,2025-02-04 12:52:12,A0020,2
T0003249,agoda,chat,Cancellation,High,2025-04-26 09:24:00,2025-04-26 14:38:24,A0027,5
T0000550,agoda,email,Billing,Low,2024-09-03 04:25:00,2024-09-03 08:04:00,A0002,
T0004054,agoda,chat,General Query,Urgent,2024-10-23 15:09:00,2024-10-24 06:24:36,A0007,3
T0001684,Booking.com,e-mail,Billing,High,2025-05-28 07:20:00,,A0038,
T0000279,priceline,phone,General Query,High,2024-06-12 23:46:00,2024-06-13 00:05:48,A0020,5
T0002605,priceline,email,general query,Low,2024-06-05 02:12:00,2024-06-05 05:39:00,A0012,1
T0001080,Booking.com,chat,Technical Issue,High,2025-03-24 09:40:00,,A0021,
T0001215,agoda,phone,Booking Change,Low,2024-10-31 10:42:00,2024-10-31 12:07:48,A0021,5
T0002180,KAYAK,phone,cancellation,High,2024-12-22 09:24:00,2024-12-22 10:33:36,A0015,3
T0004877,priceline,phone,GENERAL QUERY,Medium,2025-04-04 03:44:00,2025-04-04 12:23:00,A0006,2
T0002163,Booking.com,chat,Booking Change ,Urgent,2025-03-03 03:25:00,,,
T0002458,priceline,social,General Query,Urgent,2024-12-25 06:19:00,2024-12-25 13:29:12,A0054,5
T0002219,priceline,phone,Technical Issue ,Urgent,27/03/2025 02:26,2025-03-27 13:56:36,A0002,4
T0001788,Booking.com,e-mail,General Query ,High,05/04/2025 21:00,2025-04-05 22:29:24,A0027,10
T0002362,agoda,social,General Query,High,28/10/2024 12:17,2024-10-29 12:54:48,A0007,4
T0003471,priceline,phone,Booking Change ,Medium,2024-06-20 20:49:00,2024-06-21 07:49:36,A0010,
T0002334,KAYAK,phone,GENERAL QUERY,Low,30/06/2024 15:29,2024-06-30 21:35:36,A0039,
T0003071,KAYAK,email,Technical Issue,Medium,2024-12-10 10:16:00,,A0026,
T0002840,KAYAK,CHAT,Technical Issue,Urgent,2024-11-12 17:53:00,,A0003,
T0004017,KAYAK,phone,Technical Issue,Low,2024-11-24 18:49:00,2024-11-24 19:43:36,A0043,3
T0001253,KAYAK,email,Booking Change,Medium,2024-12-06 17:33:00,2024-12-06 18:00:00,A0002,4
T0002668,agoda,phone,General Query,Medium,2025-03-12 01:17:00,2025-03-12 04:46:24,A0058,4
T0000670,priceline,social,Cancellation,Urgent,20/03/2025 19:45,2025-03-20 23:48:00,A0026,6
T0000903,KAYAK,social,Booking Change,Medium,2024-11-09 09:02:00,2024-11-09 11:07:24,A0039,
T0002269,Booking.com,email,Technical Issue,Urgent,2024-06-24 21:44:00,2024-06-25 07:12:48,A0003,1
T0004980,priceline,social,GENERAL QUERY,Medium,21/05/2025 01:54,,A0028,
T0002364,Booking.com,SOCIAL,Technical Issue,Medium,2025-05-23 21:17:00,2025-05-24 16:29:00,A0009,5
T0004073,priceline,social,Billing,Medium,2024-06-07 16:31:00,2024-06-08 17:10:36,A0052,
T0002250,Booking.com,chat,GENERAL QUERY,High,21/09/2024 00:02,2024-09-21 07:43:24,A0007,1
T0001170,Booking.com,chat,TECHNICAL ISSUE,Urgent,2024-11-11 17:23:00,2024-11-12 01:56:00,A0054,1
T0002749,Booking.com,email,Bill,Medium,2024-09-03 12:43:00,2024-09-04 02:47:48,A0032,3
T0003346,Booking.com,chat,General Query,Low,2025-03-10 22:39:00,2025-03-11 00:49:12,A0020,5
T0000252,agoda,phone,Billing,Urgent,2024-08-15 23:32:00,2024-08-16 01:02:36,A0003,2
T0004045,agoda,social,General Query,Low,18/08/2024 14:07,2024-08-19 06:28:00,A0016,5
T0003943,priceline,e-mail,Booking Change,Low,2025-03-02 08:39:00,2025-03-03 01:12:36,A0051,4
T0004018,Booking.com,email,cancellation,Medium,2025-01-14 20:32:00,,A0013,
T0001773,Booking.com,phone,Cancellation ,Urgent,2024-07-28 22:32:00,2024-07-29 08:02:00,A0004,2
T0000790,Booking.com,e-mail,General Query,Low,17/11/2024 08:14,2024-11-17 20:13:24,A0026,7
T0001751,agoda,social,GENERAL QUERY,Medium,2024-10-03 09:31:00,2024-10-04 02:33:24,A0044,4
T0001330,KAYAK,social,Booking Change,Urgent,2024-07-13 23:18:00,2024-07-14 01:11:24,A0026,3
T0001270,Booking.com,phone,Cancellation,High,2024-08-22 20:10:00,2024-08-23 19:22:36,A0013,
T0001639,KAYAK,social,Bill,Low,2024-11-28 17:09:00,2024-11-28 18:43:12,A0047,2
T0002771,priceline,social,Technical Issue,Low,2025-03-05 03:58:00,2025-03-05 09:47:12,A0009,
T0000347,KAYAK,PHONE,billing,Low,15/03/2025 05:11,2025-03-15 13:45:48,A0058,
T0001106,Booking.com,email,Billing,Low,2025-05-10 19:08:00,2025-05-11 02:43:24,A0007,3
T0000966,agoda,phone,Cancellation,Urgent,2025-01-25 15:26:00,2025-01-25 18:05:36,A0032,3
T0004655,agoda,chat,Booking Change,Medium,21/08/2024 16:01,2024-08-21 19:29:48,A0048,
T0000349,Booking.com,chat,Booking Change,Low,2024-06-03 10:57:00,2024-06-03 22:11:24,A0048,5
T0000459,agoda,chat,Billing,Low,2025-05-13 18:28:00,2025-05-13 20:59:12,A0013,3
T0003138,Booking.com,chat,general query,Low,14/12/2024 15:41,2024-12-16 01:21:12,A0056,1
T0003789,KAYAK,chat,BOOKING CHANGE,Low,2025-05-12 10:50:00,,A0038,
T0002679,agoda,social,CANCELLATION,Low,2024-11-19 15:35:00,,A0001,
T0002252,Booking.com,e-mail,Billing,Medium,2024-06-25 11:36:00,2024-06-26 00:47:24,A0047,1
T0003995,priceline,chat,Billing,Low,2025-02-07 06:58:00,2025-02-07 15:53:12,A0060,2
T0002085,priceline,email,Cancellation,High,2025-04-29 15:14:00,2025-04-30 05:02:00,A0041,
T0001903,Booking.com,Email,General Query,Low,10/09/2024 18:28,2024-09-11 03:21:24,A0024,4
T0000683,priceline,chat,Technical Issue,Urgent,08/01/2025 19:36,2025-01-09 02:06:36,A0027,
T0001546,priceline,phone,Technical Issue,High,2025-02-21 20:18:00,2025-02-21 23:23:24,A0041,10
T0000032,priceline,chat,Technical Issue,Medium,2024-12-02 04:38:00,2024-12-02 10:31:24,A0001,
T0001890,KAYAK,e-mail,Booking Change,Medium,2024-06-26 09:11:00,2024-06-26 15:48:48,A0034,
T0002291,KAYAK,social,Technical Issue ,Medium,2025-01-08 21:06:00,2025-08-14 03:06:00,A0033,1
T0002539,Booking.com,chat,TECHNICAL ISSUE,Urgent,31/12/2024 09:07,2024-12-31 14:49:36,A0047,1
T0003217,KAYAK,email,TECHNICAL ISSUE,High,2024-07-11 23:57:00,2024-07-12 02:14:24,A0052,3
T0003583,priceline,phone,Booking Change,Low,2024-08-20 01:42:00,,A0038,
T0000086,KAYAK,phone,Billing,High,2025-02-21 03:22:00,2025-02-21 03:57:24,A0049,1
T0004399,agoda,email,General Query,Urgent,2024-10-20 15:31:00,2024-10-20 16:16:00,A0030,1
T0004342,KAYAK,chat,Cancellation,Urgent,2024-09-14 22:20:00,2024-09-14 23:14:00,A0015,10
T0004609,agoda,social,General Query ,Medium,2025-01-07 08:53:00,2025-01-07 11:02:00,A0036,4
T0002084,Booking.com,social,General Query,Medium,2025-03-01 02:20:00,,A0001,
T0000299,priceline,email,Technical Issue,Medium,2025-01-17 05:57:00,2025-01-17 09:02:24,A0002,4
T0003568,agoda,email,Bill,High,2025-05-31 00:51:00,2025-05-31 03:07:12,A0008,
T0004771,agoda,email,Technical Issue,Urgent,2024-08-20 02:12:00,2024-08-20 07:41:24,A0033,1
T0001020,Booking.com,chat,GENERAL QUERY,Low,2025-01-17 10:01:00,2025-01-17 11:34:00,A0006,9
T0000987,Booking.com,phone,Billing,High,2024-07-31 19:50:00,2024-08-01 19:42:12,A0057,3
T0002886,KAYAK,social,BOOKING CHANGE,Low,2024-11-13 19:13:00,2024-11-14 21:11:48,A0028,3
T0004515,priceline,email,Cancellation,High,2024-08-05 23:07:00,2024-08-06 10:17:48,A0001,3
T0003628,priceline,chat,Booking Change,Low,2024-09-15 17:15:00,2024-09-16 08:07:12,A0005,4
T0004631,Booking.com,email,Billing,Low,2024-09-01 00:23:00,2024-09-01 00:57:12,A0051,2
T0003937,KAYAK,chat,General Query,High,2024-11-27 14:33:00,2024-11-27 17:17:24,A0013,1
T0002356,agoda,phone,general query,Urgent,2024-08-27 00:23:00,2024-08-27 04:56:00,A0025,2
T0003701,KAYAK,social,general query,Medium,2024-07-11 18:27:00,2024-07-11 22:10:12,A0007,
T0003270,agoda,social,General Query,Urgent,2025-02-27 00:45:00,2025-02-27 11:03:00,A0001,4
T0000946,agoda,email,Billing,Medium,2025-05-31 11:37:00,2025-06-01 04:53:48,A0030,5
T0003145,Booking.com,chat,Technical Issue,High,2024-07-03 21:44:00,2024-07-03 22:03:12,A0005,2
T0003417,priceline,social,General Query,Medium,2024-12-21 04:53:00,2024-12-21 07:30:12,A0050,3
T0004516,priceline,phone,General Query,Urgent,2025-04-26 22:12:00,2025-04-27 01:24:36,A0034,8
T0000409,priceline,chat,General Query,Medium,2024-10-27 17:34:00,2024-10-27 23:02:48,A0043,3
T0003418,priceline,social,Cancellation,Urgent,2025-02-17 03:53:00,2025-02-17 08:45:48,A0055,
T0002423,agoda,email,General Query ,Urgent,2025-02-20 10:00:00,2025-02-20 11:38:24,A0048,2
T0000031,Booking.com,phone,BOOKING CHANGE,Low,2025-01-29 00:18:00,2025-01-29 14:12:36,A0010,
T0000720,priceline,email,Booking Change,Urgent,2024-06-11 05:35:00,2024-06-11 06:56:36,A0049,4
T0000148,agoda,chat,Booking Change,High,2024-10-29 13:36:00,2024-10-29 16:01:48,A0030,4
T0001736,Booking.com,phone,General Query,High,2025-01-15 08:46:00,2025-01-15 10:31:00,A0002,5
T0003086,Booking.com,email,Billing ,High,2025-05-18 08:07:00,2025-05-18 14:28:36,A0034,
T0001828,KAYAK,social,General Query,High,2025-03-13 23:37:00,2025-03-14 00:05:48,A0041,
T0000317,priceline,social,Cancellation,Low,2025-04-26 07:26:00,2025-04-26 13:34:24,A0029,1
T0000581,KAYAK,email,General Query,Urgent,2025-02-02 21:13:00,2025-02-02 23:02:12,A0032,3
T0004548,KAYAK,chat,Technical Issue ,High,2025-04-19 13:25:00,2025-04-20 01:26:48,A0025,4
T0000171,priceline,social,billing,Low,2024-08-30 00:23:00,2024-08-30 09:18:12,A0018,4
T0000527,Booking.com,social,Booking Change,High,2024-08-13 02:47:00,,A0060,
T0004043,agoda,social,Billing,Medium,2024-09-14 20:09:00,2024-09-15 14:42:36,A0022,
T0004731,Booking.com,social,Booking Change ,Medium,2025-03-20 07:16:00,2025-03-20 13:52:36,A0022,1
T0002953,priceline,chat,Technical Issue,Low,2024-08-10 20:28:00,2024-08-11 10:54:24,A0037,4
T0003315,agoda,phone,Cancellation,Urgent,2024-11-21 06:55:00,2024-11-21 13:55:00,A0038,
T0002875,Booking.com,email,CANCELLATION,Low,2024-10-16 17:42:00,2024-10-17 10:40:48,A0044,
T0001123,KAYAK,Email,Booking Change,High,05/02/2025 22:07,2025-02-06 01:14:48,A0057,2
T0004987,KAYAK,social,General Query,Urgent,2024-12-13 11:34:00,2024-12-14 00:36:24,A0042,1
T0003646,priceline,email,Booking Change,Medium,03/04/2025 02:35,2025-04-03 07:12:12,A0018,5
T0003406,agoda,email,Technical Issue,High,2025-01-23 16:01:00,2025-01-24 04:32:12,A0042,
T0002757,Booking.com,social,TECHNICAL ISSUE,Urgent,2024-09-15 10:24:00,2024-09-15 13:20:24,A0019,2
T0004687,priceline,phone,General Query,Medium,2025-04-29 20:20:00,2025-04-30 04:21:48,A0036,2
T0002832,agoda,email,Booking Change,Medium,2024-09-03 00:15:00,2024-09-04 01:52:12,A0042,
T0002178,agoda,email,BILLING,Medium,2025-05-05 19:39:00,2025-05-05 21:26:24,A0059,
T0000266,Booking.com,phone,TECHNICAL ISSUE,High,28/03/2025 09:24,2025-03-28 13:10:12,A0024,4
T0000218,KAYAK,email,Technical Issue,Low,2024-06-02 05:14:00,2024-06-02 06:42:48,A0023,
T0003941,priceline,email,GENERAL QUERY,Medium,2024-06-27 03:00:00,2024-06-27 05:35:24,A0017,
T0000717,KAYAK,chat,Billing ,Medium,2025-03-24 22:29:00,2025-03-25 00:00:12,A0052,
T0002312,Booking.com,social,booking change,Medium,24/07/2024 19:36,2024-07-25 01:52:12,A0051,7
T0001858,agoda,chat,BOOKING CHANGE,Low,2025-02-01 01:56:00,2025-02-01 04:53:00,A0047,3
T0001958,priceline,social,Billing,High,2025-02-26 21:15:00,2025-02-27 09:55:48,A0041,3
T0004621,Booking.com,email,Cancellation,Medium,2025-02-09 04:47:00,2025-02-09 07:02:36,A0042,4
T0004099,KAYAK,email,Cancellation,Medium,2024-09-20 12:20:00,,A0047,
T0002408,agoda,chat,Booking Change,Low,2024-11-04 22:28:00,2024-11-05 05:46:00,A0044,
T0000390,agoda,email,Billing,Low,2024-06-02 04:05:00,2024-06-02 08:47:36,A0010,5
T0000161,Booking.com,email,General Query,Medium,2024-06-15 03:04:00,2024-06-15 09:10:36,A0023,
T0003087,agoda,email,Booking Change,Urgent,2024-07-21 15:23:00,2024-07-21 16:32:36,A0047,4
T0001774,agoda,phone,Cancellation,Low,13/06/2024 16:45,2024-06-13 22:46:48,A0019,5
T0004349,priceline,phone,Cancellation,Medium,15/02/2025 03:52,2025-02-15 05:33:24,A0017,
T0001577,Booking.com,email,booking change,Low,2025-04-29 14:27:00,2025-04-29 17:55:48,A0046,2
T0002337,agoda,chat,Bill,High,2024-07-20 23:44:00,2024-07-21 08:17:36,A0037,
T0004421,priceline,chat,booking change,Medium,2024-08-11 09:55:00,2024-08-11 12:44:48,A0016,10
T0004169,priceline,social,Technical Issue,Low,2024-06-07 12:42:00,2024-06-08 01:34:12,A0058,
T0003399,Booking.com,social,Technical Issue,Low,10/09/2024 05:09,2024-09-11 02:45:00,A0033,3
T0001129,KAYAK,phone,General Query,High,09/06/2024 08:03,2024-06-09 15:22:48,A0001,
T0004375,priceline,phone,Booking Change,Low,2025-03-27 11:08:00,2025-03-27 13:41:36,A0005,3
T0002958,Booking.com,Email,Bill,Low,2025-03-19 21:56:00,2025-03-19 23:20:00,A0029,5
T0003783,agoda,social,GENERAL QUERY,High,2025-04-13 17:35:00,2025-04-13 19:04:24,A0021,5
T0004811,agoda,social,CANCELLATION,Low,2024-11-26 13:29:00,2024-11-26 14:59:36,A0059,
T0000401,priceline,social,General Query,High,2024-06-08 07:07:00,2024-06-08 11:23:48,A0018,3
T0000768,agoda,chat,General Query,Medium,2025-02-14 00:27:00,2025-02-14 02:21:00,A0057,
T0000900,Booking.com,social,Cancellation,Urgent,2024-07-22 13:40:00,2024-07-23 05:57:24,A0021,
T0003524,KAYAK,Email,Cancellation,High,2024-06-19 22:16:00,,A0046,
T0004679,Booking.com,phone,Cancellation,Low,19/02/2025 09:27,2025-02-19 11:42:00,A0055,2
T0003150,agoda,phone,General Query,Medium,2025-01-14 00:59:00,2025-01-14 03:38:00,A0027,4
T0003829,priceline,email,General Query ,Medium,2024-08-22 05:16:00,2024-08-22 18:55:00,A0056,3
T0000755,agoda,chat,Cancellation,High,24/02/2025 19:15,2025-02-25 09:19:12,A0047,4
T0003198,Booking.com,email,Billing,High,2024-09-14 13:43:00,2024-09-15 07:41:48,A0033,
T0000613,KAYAK,phone,Cancellation,Low,09/07/2024 16:45,2024-07-09 18:25:48,A0052,
T0003298,agoda,email,General Query,Urgent,2024-07-29 03:00:00,2024-07-29 03:37:12,A0016,
T0004140,KAYAK,social,Technical Issue,Urgent,2024-10-10 07:35:00,2024-10-10 10:50:36,A0051,5
T0003909,agoda,email,Booking Change,Medium,28/04/2025 20:49,2025-04-29 10:53:12,A0058,10
T0000337,agoda,email,General Query,High,12/04/2025 10:20,2025-04-12 21:27:12,A0039,4
T0001392,KAYAK,social,Booking Change,Medium,2024-10-02 05:07:00,2024-10-02 13:10:36,A0055,1
T0001862,agoda,social,General Query,Low,2025-03-29 15:53:00,2025-03-29 21:44:36,A0046,2
T0000468,Booking.com,social,Booking Change,Urgent,2024-09-24 02:19:00,2024-09-24 09:31:00,A0022,7
T0002275,KAYAK,phone,BOOKING CHANGE,Urgent,2025-02-12 05:07:00,2025-02-13 08:42:24,A0038,3
T0004401,Booking.com,chat,BILLING,Medium,2024-12-03 23:33:00,2024-12-04 12:28:12,A0025,1
T0004023,KAYAK,chat,technical issue,Low,2024-07-21 18:50:00,2024-07-21 19:43:24,A0007,5
T0001668,agoda,Email,TECHNICAL ISSUE,Low,2024-10-06 21:13:00,2024-10-06 01:13:00,A0035,
T0002738,priceline,social,General Query,Low,2024-06-08 19:57:00,2024-06-08 20:19:48,A0058,4
T0004606,agoda,email,General Query,Low,2025-02-15 09:35:00,2025-02-15 12:08:00,A0011,5
T0004356,agoda,email,general query,Low,20/02/2025 14:45,,A0058,
T0004474,agoda,chat,Technical Issue,Medium,2024-08-09 10:11:00,2024-08-09 14:51:12,A0003,1
T0000141,Booking.com,email,Billing,Low,2025-05-24 23:12:00,2025-05-25 13:55:48,A0018,2
T0002387,agoda,social,Billing,Medium,29/09/2024 18:51,2024-09-29 20:16:48,A0018,
T0000858,priceline,chat,Bill,High,2024-10-05 00:17:00,2024-10-05 08:12:12,A0016,1
T0004762,Booking.com,social,Booking Change,Low,2024-06-20 21:58:00,2024-06-21 23:46:36,A0016,1
T0000857,agoda,chat,Billing ,Medium,2024-10-03 16:00:00,2024-10-04 04:28:12,A0026,2
T0003378,agoda,chat,Cancellation,Urgent,28/09/2024 03:04,2024-09-28 13:14:12,A0001,5
T0003966,Booking.com,phone,Cancellation,Medium,2025-01-08 10:57:00,2025-01-09 03:01:12,A0054,4
T0002130,priceline,social,Technical Issue,Medium,2024-12-24 08:38:00,2024-12-24 12:55:24,A0009,
T0001079,Booking.com,SOCIAL,Booking Change,Low,2024-07-01 20:42:00,2024-07-02 01:19:12,A0019,1
T0003098,priceline,SOCIAL,Technical Issue,Low,03/05/2025 14:26,,A0026,
T0002462,agoda,email,Technical Issue,Medium,26/02/2025 23:09,2025-02-27 16:02:24,A0002,5
T0002469,priceline,chat,Billing,Medium,2025-02-04 02:16:00,2025-02-04 08:15:24,A0004,1
T0004347,KAYAK,chat,GENERAL QUERY,Medium,2024-08-26 11:01:00,2024-08-26 21:04:00,A0002,
T0004370,KAYAK,social,BOOKING CHANGE,Low,05/02/2025 20:09,2025-02-06 02:41:24,A0011,5
T0003112,priceline,chat,Technical Issue,Low,2024-07-09 08:52:00,2024-07-10 05:50:12,A0037,9
T0000149,priceline,SOCIAL,cancellation,Medium,2025-04-10 15:30:00,2025-04-10 15:57:00,A0021,5
T0002012,agoda,email,General Query ,High,23/10/2024 02:37,2024-10-23 04:40:00,A0056,1
T0003520,KAYAK,phone,Technical Issue ,Low,2025-04-16 13:14:00,2025-04-17 01:03:48,A0033,3
T0004171,priceline,phone,Billing,Low,2024-07-15 12:43:00,2024-07-15 19:56:12,A0015,1
T0002195,KAYAK,phone,Technical Issue,Medium,2024-10-23 17:14:00,2024-10-24 02:12:48,A0026,
T0004259,agoda,phone,Technical Issue,Low,2024-08-05 13:00:00,2024-08-06 02:42:36,A0058,
T0000038,agoda,chat,Cancellation,Urgent,2024-07-09 06:32:00,,A0028,
T0001225,priceline,social,General Query,Medium,2024-09-29 01:02:00,2024-09-29 12:07:24,A0041,3
T0004497,KAYAK,email,General Query,High,2024-07-11 08:29:00,2024-07-11 08:41:36,A0014,1
T0003704,agoda,phone,Booking Change,Urgent,2024-06-23 03:10:00,2024-06-23 17:55:00,A0017,5
T0002228,Booking.com,chat,Booking Change,High,2024-09-15 16:17:00,2024-09-15 17:27:48,A0025,1
T0003779,KAYAK,email,Booking Change,Low,2024-10-23 16:32:00,2024-10-24 08:51:48,A0034,1
T0003254,KAYAK,social,TECHNICAL ISSUE,Urgent,2024-09-20 16:28:00,2024-09-21 11:56:48,A0011,1
T0001591,KAYAK,email,Technical Issue,High,2025-03-15 01:01:00,2025-03-15 14:49:36,A0010,1
T0000549,KAYAK,chat,Booking Change,Medium,28/09/2024 08:24,2024-09-28 13:01:12,A0014,3
T0003045,KAYAK,SOCIAL,Booking Change,Low,2024-07-03 04:13:00,2024-07-03 09:04:36,A0030,5
T0004407,KAYAK,phone,General Query,Medium,2025-01-09 11:18:00,2025-01-10 01:56:24,A0010,10
T0000356,agoda,phone,TECHNICAL ISSUE,High,2024-06-14 19:20:00,2024-06-15 00:11:00,A0025,1
T0001027,KAYAK,chat,Billing,Urgent,21/12/2024 20:35,2024-12-22 06:37:24,A0007,4
T0000404,Booking.com,chat,General Query,High,2024-09-03 11:00:00,2024-09-03 16:52:12,A0019,5
T0001977,agoda,social,General Query,Medium,2024-12-24 08:49:00,2024-12-24 09:31:00,,
T0000560,agoda,chat,General Query ,Low,2025-03-21 15:55:00,2025-03-21 18:08:48,A0019,4
T0004597,KAYAK,phone,Booking Change,Urgent,04/11/2024 16:51,2024-11-04 17:14:24,A0051,3
T0001650,KAYAK,email,Cancellation,Medium,2024-10-11 05:16:00,2024-10-11 07:40:00,A0044,4
T0004929,priceline,social,General Query,High,2024-11-08 08:08:00,2024-11-09 01:01:24,A0034,5
T0003888,priceline,e-mail,Technical Issue,High,2025-01-03 11:43:00,2025-01-03 21:27:24,A0044,
T0003384,priceline,email,Technical Issue,Urgent,2025-05-17 15:34:00,2025-05-17 16:49:36,A0020,1
T0003953,priceline,chat,Billing,Low,2024-07-02 06:59:00,2024-07-02 11:32:36,A0046,5
T0000982,Booking.com,social,GENERAL QUERY,Low,2024-12-22 07:08:00,2024-12-22 12:09:48,A0039,5
T0004992,priceline,CHAT,General Query,Medium,2024-06-10 13:15:00,2024-06-10 15:42:00,A0004,
T0000260,agoda,social,Cancellation,Low,2024-07-24 07:29:00,2024-07-24 16:14:36,A0033,
T0004351,agoda,phone,Cancellation,Medium,2024-07-23 11:33:00,2024-07-23 17:29:24,A0046,5
T0000333,Booking.com,Email,Billing,Low,2025-03-13 04:04:00,2025-03-13 11:59:48,A0003,3
T0000158,priceline,social,General Query ,Medium,2025-02-18 05:07:00,2025-02-18 08:07:00,A0033,9
T0001288,agoda,phone,Technical Issue,Low,2024-12-28 12:22:00,2024-12-28 14:37:36,A0054,3
T0001084,Booking.com,chat,Billing,High,24/10/2024 11:18,2024-10-24 20:03:36,A0055,2
T0003597,priceline,social,billing,Urgent,2025-02-18 20:56:00,,A0032,
T0003791,priceline,social,BOOKING CHANGE,Low,2024-08-26 07:31:00,2024-08-26 15:10:36,A0034,
T0001753,priceline,social,Technical Issue,Medium,2024-06-13 06:33:00,2024-06-13 14:42:00,A0042,2
T0000597,agoda,PHONE,billing,Medium,2024-08-02 08:55:00,2024-08-02 16:05:48,A0036,
T0002016,Booking.com,social,booking change,High,2024-11-22 08:34:00,2024-11-22 12:13:00,A0017,6
T0000502,priceline,social,general query,Medium,2024-08-09 04:56:00,,A0042,
T0000415,KAYAK,chat,technical issue,Medium,2024-06-14 19:48:00,2024-06-15 08:45:00,A0028,
T0002292,priceline,email,cancellation,Urgent,2025-04-22 00:21:00,2025-04-22 14:06:00,A0013,1
T0003079,agoda,CHAT,Billing ,Low,2025-01-05 00:01:00,2025-01-05 04:08:48,A0039,4
T0002155,agoda,phone,billing,Medium,2024-10-03 18:29:00,2024-10-04 08:14:36,A0002,1
T0001503,KAYAK,social,Booking Change,High,2024-09-24 03:57:00,2024-09-24 11:25:48,A0023,5
T0004123,agoda,phone,General Query,High,2025-04-20 12:29:00,2025-04-20 23:42:48,A0028,1
T0000449,Booking.com,social,Cancellation,Urgent,2025-04-07 13:12:00,2025-04-08 23:58:12,A0038,7
T0001432,Booking.com,email,Technical Issue,Medium,2024-08-16 19:33:00,2024-08-17 08:33:00,A0020,2
T0001449,Booking.com,social,Cancellation,Low,2025-03-03 03:12:00,2025-03-03 06:40:48,A0015,10
T0002021,agoda,chat,GENERAL QUERY,Medium,2025-02-13 00:28:00,2025-02-14 04:12:24,A0003,1
T0004126,Booking.com,social,Cancellation,Low,2025-05-22 01:51:00,2025-05-22 23:08:24,A0042,3
T0003517,KAYAK,social,Technical Issue,Medium,2024-11-18 23:40:00,2024-11-19 03:52:00,A0060,
T0002776,Booking.com,social,Booking Change,Low,2024-06-26 05:23:00,,A0019,
T0001360,agoda,email,Cancellation ,Urgent,03/03/2025 00:41,2025-03-03 01:16:24,A0042,
T0001941,priceline,email,CANCELLATION,Low,2025-04-30 05:37:00,2025-04-30 22:00:24,A0049,5
T0000608,agoda,social,Technical Issue,Urgent,2024-11-19 19:32:00,,A0026,
T0004237,Booking.com,chat,Billing,Low,2024-10-21 02:51:00,2024-10-21 19:00:00,A0033,2
T0000745,priceline,chat,Billing,Low,2025-03-08 13:59:00,2025-03-08 18:05:00,A0030,
T0001037,priceline,SOCIAL,Booking Change,Low,2025-04-10 19:19:00,2025-04-11 05:05:12,A0002,3
T0002424,Booking.com,chat,Cancellation,Urgent,01/06/2025 08:07,2025-06-01 13:35:12,A0016,
T0004319,agoda,CHAT,Technical Issue,Low,2024-11-08 10:52:00,2024-11-09 01:17:12,A0050,1
T0004856,priceline,social,Cancellation,High,2024-06-05 18:44:00,2024-06-06 09:46:24,A0039,3
T0003878,priceline,phone,technical issue,Medium,2024-07-30 19:14:00,2024-07-31 00:22:24,A0032,1
T0004465,Booking.com,social,booking change,Urgent,2024-09-27 07:30:00,2024-09-27 22:49:12,A0003,
T0001562,KAYAK,social,Billing,High,2025-02-24 20:17:00,2025-02-24 23:30:48,A0037,7
T0000105,priceline,email,Cancellation,Medium,2024-09-10 15:44:00,2024-09-10 16:35:36,A0031,
T0004926,priceline,e-mail,Billing ,Low,2024-11-23 15:58:00,2024-11-24 09:07:36,A0036,1
T0004559,Booking.com,social,Technical Issue,High,28/01/2025 11:11,2025-01-29 17:26:36,A0014,2
T0003777,priceline,phone,technical issue,Urgent,2025-03-04 18:48:00,2025-03-04 22:17:24,A0025,3
T0003252,Booking.com,chat,Billing,Low,2024-12-08 03:01:00,2024-12-08 03:17:48,A0056,3
T0002425,KAYAK,PHONE,Cancellation,Medium,09/02/2025 11:15,2025-02-09 12:00:00,A0049,
T0001768,KAYAK,email,General Query,High,13/01/2025 13:00,2025-01-14 03:30:36,A0038,2
T0001282,agoda,social,Cancellation,Low,17/09/2024 11:18,2024-09-17 13:22:48,A0011,5
T0003225,agoda,social,Billing ,Urgent,2025-03-05 06:36:00,2025-03-05 08:28:48,A0009,3
T0000225,priceline,email,Cancellation,Urgent,24/02/2025 06:33,2025-02-24 10:23:24,A0008,4
T0002060,KAYAK,email,General Query,High,2024-09-11 02:21:00,2024-09-11 05:25:48,A0028,1
T0003482,KAYAK,phone,Technical Issue,High,2024-06-07 09:52:00,2024-06-07 13:16:36,A0019,6
T0003129,Booking.com,phone,CANCELLATION,Urgent,2024-06-15 11:26:00,2024-06-15 16:14:00,A0006,
T0000572,priceline,social,cancellation,High,2024-10-05 09:04:00,2024-10-05 17:03:24,A0015,5
T0001090,Booking.com,chat,Technical Issue,Urgent,2024-12-01 19:00:00,2024-12-02 11:39:36,A0038,
T0002263,agoda,email,Billing,Medium,2025-05-01 12:38:00,2025-05-02 02:56:00,A0041,
T0004674,agoda,email,Technical Issue,High,2024-12-31 03:41:00,2024-12-31 11:30:12,A0040,5
T0000065,Booking.com,chat,Booking Change,Low,2025-04-08 20:24:00,2025-04-09 06:34:12,A0026,4
T0000416,agoda,email,Cancellation,Urgent,2025-01-28 16:13:00,2025-01-28 18:10:36,A0019,
T0002094,Booking.com,email,Billing,Medium,2024-08-10 11:28:00,2024-08-10 12:08:48,A0023,4
T0002748,priceline,email,general query,Medium,2024-10-10 16:49:00,2024-10-10 18:35:12,A0037,1
T0002233,agoda,email,Booking Change,Urgent,2025-05-13 02:09:00,2025-05-13 10:57:36,A0053,
T0002208,KAYAK,social,Technical Issue,Medium,2025-03-29 18:48:00,2025-03-29 19:43:12,A0017,5
T0002185,KAYAK,social,booking change,Medium,26/05/2025 10:00,2025-05-26 12:01:12,A0039,
T0004435,KAYAK,chat,CANCELLATION,Urgent,2025-02-03 11:50:00,2025-02-03 17:53:00,A0053,1
T0001323,agoda,chat,Booking Change,Low,2025-01-22 22:26:00,2025-01-22 23:58:24,A0043,
T0000621,KAYAK,phone,General Query,Medium,2025-02-21 16:34:00,2025-02-21 19:11:12,A0043,
T0003184,priceline,email,Technical Issue,Medium,2025-02-19 00:55:00,2025-02-19 10:37:36,A0008,4
T0002070,KAYAK,social,Technical Issue,Low,2024-11-08 13:07:00,2024-11-08 19:46:36,A0034,10
T0002397,priceline,phone,Cancellation,Urgent,2024-12-15 14:09:00,2024-12-15 15:43:48,A0032,2
T0003874,Booking.com,phone,Billing,Urgent,09/06/2024 22:02,2024-06-11 01:29:36,A0034,
T0004374,agoda,chat,Booking Change ,Low,2025-04-21 13:05:00,2025-04-21 16:56:36,A0040,
T0003997,agoda,social,cancellation,High,2025-05-01 07:10:00,2025-05-01 08:58:36,A0033,9
T0004907,priceline,social,Technical Issue,Urgent,2024-09-20 03:20:00,2024-09-20 05:30:12,A0005,
T0002833,Booking.com,social,Technical Issue,High,2025-03-04 12:12:00,2025-03-04 23:51:00,A0007,4
T0004369,KAYAK,chat,Billing,High,2024-07-25 13:50:00,2024-07-26 20:30:12,A0003,4
T0002824,Booking.com,phone,BILLING,Urgent,2024-06-04 20:51:00,2024-06-05 10:51:36,A0043,3
T0002561,priceline,phone,Billing,High,2025-05-28 14:26:00,2025-05-28 16:50:36,,
T0002544,KAYAK,social,general query,High,2025-02-22 10:01:00,2025-02-22 14:38:48,A0014,7
T0002951,priceline,e-mail,Billing,Low,2025-02-20 18:43:00,2025-02-21 04:04:36,A0017,4
T0002736,agoda,phone,Booking Change,Low,2025-04-19 11:02:00,2025-04-19 13:17:00,A0032,8
T0004214,priceline,email,billing,Medium,2025-05-17 14:19:00,2025-05-17 17:05:48,A0049,
T0002366,Booking.com,social,Cancellation,Low,2025-05-08 06:08:00,2025-05-09 06:46:24,A0033,4
T0001194,Booking.com,social,CANCELLATION,High,2025-04-08 03:23:00,2025-04-09 14:17:36,A0016,1
T0003153,KAYAK,email,Billing,Medium,2024-10-13 12:39:00,2024-10-14 02:32:24,A0051,5
T0004127,KAYAK,email,General Query,Medium,2025-05-01 03:03:00,2025-05-01 15:32:24,A0048,5
T0002169,KAYAK,phone,BOOKING CHANGE,Low,2024-08-13 18:29:00,2024-08-15 11:18:48,A0041,
T0000217,agoda,PHONE,billing,Urgent,14/02/2025 19:14,2025-02-15 05:01:24,A0009,
T0000503,priceline,email,General Query,Medium,15/05/2025 17:16,2025-05-16 03:23:12,A0019,3
T0002011,KAYAK,chat,General Query,Low,2024-09-20 21:25:00,2024-09-21 14:13:36,A0033,
T0000874,Booking.com,chat,Booking Change,Urgent,2024-12-15 00:13:00,,A0018,
T0000640,agoda,chat,billing,Low,2025-02-15 23:48:00,,A0038,
T0002138,KAYAK,chat,General Query,Low,2024-06-21 16:26:00,2024-06-21 20:59:00,A0043,9
T0004671,priceline,social,Billing,Low,28/10/2024 10:33,2024-10-28 13:06:00,A0007,2
T0004506,agoda,chat,Booking Change,Urgent,07/06/2024 15:53,2024-06-08 17:57:48,A0051,
T0000408,KAYAK,phone,general query,Medium,2025-05-12 01:31:00,2025-05-12 14:37:36,A0043,2
T0001456,KAYAK,social,Booking Change,Low,2024-07-22 16:51:00,2024-07-22 21:43:48,A0010,
T0000730,KAYAK,email,Cancellation,Low,25/07/2024 07:00,2024-07-25 10:49:48,,2
T0000753,priceline,phone,General Query,Medium,2025-02-27 13:23:00,2025-02-27 18:32:36,A0027,
T0003977,KAYAK,email,Technical Issue,High,2025-02-14 21:42:00,2025-02-15 07:49:48,A0052,3
T0004565,Booking.com,Email,Cancellation,Low,13/05/2025 00:03,2025-05-13 06:09:00,A0057,4
T0004567,priceline,email,Cancellation,Low,2025-05-30 22:17:00,2025-05-31 02:54:48,A0043,3
T0003645,Booking.com,email,Cancellation,Low,2024-06-14 09:16:00,,A0011,
T0002073,KAYAK,phone,General Query,Low,05/11/2024 15:38,2024-11-05 18:47:00,A0024,
T0002114,KAYAK,email,General Query,Urgent,2024-10-20 09:30:00,2024-10-20 16:36:00,A0031,
T0003805,Booking.com,CHAT,GENERAL QUERY,Medium,27/02/2025 12:19,2025-02-27 13:01:36,A0057,3
T0003732,agoda,social,Technical Issue,Urgent,20/10/2024 18:14,2024-10-21 00:30:48,A0015,5
T0004014,Booking.com,social,General Query,High,14/04/2025 00:46,2025-04-14 11:29:48,A0032,
T0002003,agoda,chat,general query,Urgent,2025-04-13 03:47:00,,A0045,
T0002069,Booking.com,chat,Booking Change,Medium,21/01/2025 22:37,2025-01-22 00:22:00,A0058,3
T0001304,KAYAK,phone,Booking Change,Low,2025-04-09 14:52:00,2025-04-10 01:23:48,A0006,1
T0001065,priceline,chat,BILLING,Urgent,2024-11-05 18:33:00,2024-11-06 21:06:36,A0033,5
T0004344,priceline,chat,Booking Change,High,2024-07-26 03:22:00,2024-07-26 13:44:48,A0050,3
T0000531,agoda,social,Cancellation,Urgent,2024-09-23 03:28:00,2024-09-23 04:37:36,A0012,3
T0001500,agoda,social,Cancellation,High,2025-03-15 07:01:00,2025-03-15 08:52:00,A0054,5
T0002230,agoda,social,technical issue,Low,2024-10-01 10:50:00,2024-10-01 17:39:12,A0036,3
T0004464,priceline,email,Cancellation,Low,2024-11-26 03:51:00,2024-11-26 05:41:24,A0026,5
T0000731,KAYAK,social,BILLING,Medium,2024-07-21 15:17:00,2024-07-21 19:01:24,A0044,
T0000696,KAYAK,social,Technical Issue,High,17/07/2024 12:33,2024-07-18 03:39:36,A0032,1
T0004315,KAYAK,social,Cancellation,Urgent,2024-12-04 16:59:00,2024-12-04 23:14:00,A0058,1
T0000942,priceline,social,Cancellation,High,2025-01-23 08:03:00,,A0021,
T0001064,KAYAK,email,General Query,Urgent,24/07/2024 03:34,2024-07-23 11:34:00,A0019,1
T0004572,KAYAK,social,Cancellation,Low,2024-09-30 05:17:00,2024-10-01 06:03:12,A0006,7
T0000880,priceline,chat,Booking Change,Low,2024-10-28 03:09:00,2024-10-28 07:15:36,A0037,
T0002255,agoda,social,Booking Change,Urgent,2025-03-25 16:01:00,2025-03-25 16:35:48,A0014,
T0003147,Booking.com,phone,BILLING,High,2024-11-28 22:58:00,2024-11-29 05:35:12,A0059,
T0002151,agoda,email,Technical Issue,Low,2024-09-23 10:35:00,2024-09-24 00:28:24,A0019,4
T0002333,KAYAK,phone,Booking Change,Urgent,2024-10-12 17:02:00,2024-10-12 20:20:36,A0003,4
T0002626,KAYAK,chat,General Query,Urgent,2024-11-11 13:32:00,2024-11-11 20:21:12,A0043,5
T0004373,agoda,CHAT,Booking Change,Urgent,23/01/2025 03:23,2025-01-24 02:29:00,A0019,
T0001559,agoda,phone,General Query,High,2025-05-25 06:37:00,2025-05-25 11:02:12,A0044,3
T0003545,agoda,social,GENERAL QUERY,Low,08/01/2025 21:46,2025-01-09 04:41:48,A0014,4
T0004013,agoda,chat,General Query,Urgent,2025-05-25 22:52:00,2025-05-26 22:22:36,A0018,4
T0002562,priceline,social,Booking Change,Medium,2025-01-22 12:57:00,2025-01-22 18:53:24,A0017,2
T0000841,Booking.com,phone,TECHNICAL ISSUE,Medium,2025-02-19 23:28:00,2025-02-20 01:27:24,A0019,
T0004470,agoda,chat,General Query,High,2024-12-22 19:16:00,2024-12-22 22:39:24,A0005,
T0004970,agoda,email,Technical Issue,Medium,17/07/2024 13:03,2024-07-17 22:49:48,A0058,
T0001218,priceline,email,technical issue,High,2024-07-22 18:20:00,2024-07-22 19:54:12,A0044,
T0002377,KAYAK,email,Booking Change,Medium,2024-10-08 18:13:00,2024-10-08 19:16:36,A0039,
T0004153,KAYAK,social,billing,Medium,2025-04-05 14:55:00,2025-04-05 19:55:36,A0052,3
T0000895,agoda,social,Booking Change,Medium,2024-09-21 06:34:00,2024-09-21 07:25:36,A0040,
T0002399,Booking.com,social,Technical Issue,Medium,2024-09-18 08:36:00,2024-09-18 19:31:48,A0054,
T0004240,priceline,chat,Technical Issue,Low,19/11/2024 08:43,2024-11-20 00:49:36,A0043,1
T0001229,KAYAK,e-mail,booking change,Medium,2024-12-23 07:27:00,2024-12-23 10:33:00,A0011,7
T0000382,Booking.com,chat,General Query,Medium,2025-01-31 18:24:00,2025-01-31 23:46:48,A0005,1
T0000250,Booking.com,email,Billing,Low,2024-07-14 21:37:00,2024-07-15 00:02:48,A0003,
T0000766,KAYAK,social,General Query,Urgent,2024-12-30 04:45:00,2024-12-30 12:09:00,A0053,10
T0003907,agoda,CHAT,Billing,Medium,2025-01-29 10:54:00,2025-01-29 12:34:12,A0014,1
T0001401,Booking.com,chat,Billing ,High,2024-09-03 23:53:00,2024-09-04 03:05:36,A0008,3
T0004353,Booking.com,social,Billing,Medium,2024-08-20 05:45:00,2024-08-20 07:28:48,A0007,3
T0002606,KAYAK,chat,General Query,High,2025-05-31 04:12:00,,A0032,
T0003842,priceline,phone,technical issue,High,2025-03-30 02:13:00,2025-03-30 20:47:48,A0023,8
T0002340,Booking.com,social,Technical Issue,High,2024-09-17 09:17:00,2024-09-18 02:28:24,A0047,
T0002010,KAYAK,phone,billing,Low,2025-05-03 19:17:00,2025-05-04 04:09:48,A0045,4
T0001447,KAYAK,phone,booking change,Urgent,2024-08-22 05:36:00,2024-08-22 11:00:36,A0039,
T0004840,agoda,email,Cancellation,Medium,2024-08-01 05:01:00,2024-08-01 05:26:48,A0029,
T0000658,Booking.com,Email,Cancellation,Medium,2025-01-01 07:52:00,2025-01-01 13:28:36,A0040,7
T0004832,Booking.com,chat,Technical Issue ,High,2024-09-30 01:35:00,2024-09-30 12:17:36,A0040,4
T0003970,Booking.com,Email,CANCELLATION,Medium,14/04/2025 19:29,2025-04-15 01:51:48,A0060,
T0004267,KAYAK,social,Technical Issue,Low,2024-08-26 14:44:00,2024-08-26 15:51:12,A0034,9
T0003441,Booking.com,phone,Billing ,Medium,2024-08-16 01:45:00,2024-08-16 05:56:24,A0027,3
T0004740,priceline,social,Billing ,Low,2025-02-03 11:17:00,2025-02-03 20:17:36,A0042,9
T0003739,agoda,social,Booking Change,Medium,2025-05-14 06:53:00,2025-05-14 18:22:24,A0008,
T0004271,agoda,social,Cancellation,Low,2024-06-19 22:18:00,2024-06-20 00:19:12,A0050,1
T0004977,KAYAK,chat,Technical Issue,Medium,2025-03-06 17:35:00,2025-03-06 22:32:00,A0017,1
T0002211,priceline,email,General Query ,High,2024-11-10 08:09:00,2024-11-11 01:54:00,A0042,10
T0000844,KAYAK,Email,general query,Low,2024-06-16 13:57:00,2024-06-16 23:30:00,A0002,1
T0000819,priceline,Email,GENERAL QUERY,High,27/05/2025 23:37,2025-05-28 00:55:00,A0011,1
T0001589,agoda,social,Cancellation,Low,2024-07-03 11:14:00,,A0057,
T0003582,agoda,phone,Booking Change,Medium,2025-05-22 10:53:00,,A0001,
T0000110,priceline,social,Billing,Low,01/06/2025 09:08,2025-06-01 17:23:36,A0001,
T0004772,agoda,phone,General Query,High,31/08/2024 12:49,2024-08-31 16:24:24,A0055,
T0002439,KAYAK,chat,CANCELLATION,High,2024-11-02 21:14:00,2024-11-02 22:59:36,A0023,1
T0001493,Booking.com,email,Booking Change,Urgent,13/01/2025 19:15,2025-01-14 07:34:48,A0031,3
T0002374,Booking.com,SOCIAL,Technical Issue ,Low,2024-08-02 05:13:00,2024-08-02 18:52:36,A0050,
T0004460,Booking.com,Email,booking change,Medium,2025-03-15 22:09:00,2025-03-16 20:01:12,A0015,
T0003059,priceline,chat,General Query,Low,2025-04-14 00:12:00,2025-04-16 11:30:36,A0058,1
T0001794,Booking.com,Email,Cancellation,Urgent,2024-12-18 08:36:00,2024-12-19 05:11:24,A0012,
T0001543,priceline,phone,Booking Change,Urgent,06/10/2024 23:43,,A0011,
T0000509,Booking.com,social,General Query,High,2024-09-03 04:19:00,2024-09-03 19:45:24,A0012,2
T0002103,KAYAK,email,cancellation,Medium,2025-04-23 16:10:00,2025-04-23 21:49:00,A0059,4
T0004413,KAYAK,email,General Query,High,2025-03-09 22:52:00,2025-03-10 05:35:48,A0051,5
T0002391,priceline,phone,Cancellation,Low,30/12/2024 17:42,,A0012,
T0004704,priceline,email,General Query,Urgent,2024-09-25 04:27:00,2024-09-25 04:55:48,A0035,2
T0003339,agoda,email,Booking Change,Medium,2024-09-29 22:58:00,,A0043,
T0001997,priceline,email,BILLING,Urgent,2025-04-13 20:07:00,,A0001,
T0001110,Booking.com,phone,General Query,Medium,2024-12-08 04:32:00,,A0027,
T0001120,agoda,email,Booking Change ,High,2025-04-26 13:17:00,,A0045,
T0001696,priceline,chat,Technical Issue,Low,2024-10-21 13:25:00,2024-10-21 18:04:36,A0060,1
T0001035,agoda,phone,BOOKING CHANGE,Medium,2024-12-14 16:43:00,2024-12-15 09:23:48,A0009,2
T0001933,agoda,phone,Billing,High,2024-07-15 22:01:00,2024-07-16 07:52:00,A0009,5
T0000961,agoda,email,Billing,Urgent,04/09/2024 13:32,2024-09-05 07:22:24,A0036,2
T0001935,Booking.com,phone,Booking Change ,Urgent,2024-12-20 09:52:00,2024-12-20 19:19:00,A0033,
T0000699,priceline,email,General Query,Low,2025-01-16 16:03:00,2025-01-16 23:15:36,A0048,8
T0004916,KAYAK,email,billing,Low,2024-12-14 08:09:00,2024-12-14 11:01:48,A0024,
T0003142,Booking.com,PHONE,General Query,High,2024-07-27 04:40:00,,A0034,
T0002809,Booking.com,Email,BILLING,Medium,2025-01-19 21:24:00,,A0048,
T0001871,agoda,email,Cancellation,High,2024-09-19 02:56:00,2024-09-19 07:16:24,A0059,3
T0001974,priceline,phone,Billing,Medium,2024-06-02 07:01:00,2024-06-02 07:46:00,A0059,
T0000134,agoda,CHAT,Cancellation,Medium,2025-03-14 15:53:00,2025-03-14 18:28:24,A0004,3
T0002647,Booking.com,email,Technical Issue,Low,2025-04-06 19:32:00,2025-04-07 02:11:36,A0038,2
T0003891,Booking.com,phone,BILLING,Low,2025-02-02 11:02:00,2025-02-02 17:39:12,A0017,6
T0004198,Booking.com,chat,Technical Issue,Low,2024-06-20 04:54:00,2024-06-20 13:31:12,A0021,5
T0004485,Booking.com,chat,Billing,Medium,2024-11-26 22:04:00,2024-11-27 03:06:24,A0019,5
T0003506,KAYAK,social,cancellation,Medium,18/12/2024 04:45,2024-12-18 08:34:12,A0043,2
T0000629,Booking.com,chat,Billing,Low,2025-04-04 08:53:00,2025-04-04 18:14:36,A0039,3
T0002594,KAYAK,social,Billing ,Low,2024-11-04 23:10:00,2024-11-05 00:34:36,A0048,3
T0002293,Booking.com,social,General Query,High,2024-08-23 04:43:00,2024-08-23 14:32:12,A0054,8
T0004770,Booking.com,phone,General Query ,High,16/10/2024 16:45,2024-10-16 20:31:12,A0018,4
T0003215,agoda,SOCIAL,Technical Issue,High,2025-01-19 12:59:00,,A0026,
T0002277,KAYAK,phone,Billing,Urgent,2024-07-22 04:26:00,2024-07-22 10:42:12,A0044,
T0002260,priceline,phone,Technical Issue,Urgent,2024-10-09 15:14:00,2024-10-10 01:47:36,A0015,2
T0003619,Booking.com,phone,Cancellation,High,2024-11-15 00:10:00,2024-11-15 04:44:48,A0024,2
T0000482,agoda,chat,Billing,Medium,2025-01-04 16:30:00,2025-01-05 02:37:48,A0056,1
T0002705,Booking.com,phone,General Query,Urgent,2024-09-15 15:23:00,2024-09-16 10:56:36,A0041,
T0000723,Booking.com,chat,Booking Change ,High,2024-09-25 13:13:00,2024-09-25 13:52:00,A0029,3
T0003394,Booking.com,email,General Query,Urgent,2025-03-15 05:37:00,2025-03-15 11:29:12,A0009,4
T0003924,agoda,phone,Booking Change,Medium,2024-10-28 22:23:00,,A0035,
T0001835,priceline,social,Technical Issue,Low,2024-09-30 17:38:00,2024-09-30 21:33:12,A0002,
T0000978,Booking.com,social,Technical Issue,Urgent,2025-01-13 23:22:00,2025-01-14 01:09:24,A0044,3
T0002031,KAYAK,e-mail,Booking Change,Low,2025-03-11 21:43:00,2025-03-11 23:23:48,A0044,2
T0002530,priceline,email,Cancellation,Medium,2024-06-18 21:01:00,2024-06-19 02:29:12,A0051,
T0003926,Booking.com,chat,BILLING,Urgent,2024-06-21 02:57:00,2024-06-21 03:46:12,A0013,
T0003060,priceline,phone,Technical Issue,Urgent,04/06/2024 04:33,2024-06-04 14:06:36,A0056,8
T0000178,Booking.com,chat,Technical Issue,Urgent,2025-03-08 13:48:00,,A0054,
T0000783,KAYAK,social,Cancellation,Medium,31/07/2024 08:42,,A0031,
T0001261,priceline,email,Technical Issue,Medium,2024-12-22 23:29:00,2024-12-23 13:44:00,A0011,
T0000073,Booking.com,phone,Billing ,High,2025-01-13 07:11:00,2025-01-14 08:44:36,A0040,3
T0002615,KAYAK,email,Billing,Urgent,2025-03-07 15:09:00,2025-03-08 01:00:00,A0026,2
T0002313,KAYAK,social,Cancellation,Low,2025-03-29 09:04:00,2025-03-30 06:04:00,A0039,
T0004947,priceline,chat,Booking Change ,Urgent,2024-12-14 02:21:00,2024-12-14 14:27:00,A0051,
T0000891,Booking.com,phone,Technical Issue,Medium,2024-10-02 11:20:00,2024-10-02 20:06:12,A0001,
T0002510,KAYAK,PHONE,general query,High,2025-02-15 12:46:00,2025-02-16 01:36:24,A0031,2
T0001007,priceline,phone,Booking Change,Low,22/09/2024 10:29,2024-09-22 12:47:00,A0006,5
T0004585,KAYAK,email,cancellation,Urgent,30/12/2024 23:50,2024-12-31 01:29:36,A0040,5
T0004101,KAYAK,email,Cancellation,High,2025-01-14 07:29:00,2025-01-14 08:48:12,A0037,8
T0003109,agoda,social,CANCELLATION,Medium,2024-08-12 00:32:00,2024-08-12 15:29:00,A0043,10
T0004996,KAYAK,Email,Billing,Urgent,2024-08-03 07:27:00,2024-08-03 16:58:12,A0051,1
T0004284,Booking.com,social,General Query,High,2025-01-19 12:07:00,2025-01-19 12:41:48,A0016,8
T0004738,agoda,email,BILLING,Urgent,2024-06-13 21:35:00,2024-06-12 20:35:00,A0002,9
T0003913,Booking.com,phone,Billing,Urgent,2024-11-02 06:13:00,2024-11-02 07:05:12,A0049,3
T0000836,priceline,email,general query,Medium,2025-01-02 00:55:00,2025-01-02 03:07:36,A0049,5
T0003472,agoda,chat,Booking Change,Urgent,08/01/2025 11:53,,A0015,
T0002960,priceline,email,GENERAL QUERY,Low,2024-07-02 19:08:00,2024-07-02 22:20:00,A0007,1
T0004834,Booking.com,phone,General Query,Low,2025-02-19 11:00:00,2025-02-19 14:03:36,A0048,5
T0004971,KAYAK,chat,CANCELLATION,Medium,2024-10-30 17:22:00,,A0005,
T0003743,Booking.com,Email,Booking Change,Urgent,2025-01-02 18:12:00,2025-01-03 15:07:12,A0026,4
T0000140,KAYAK,chat,Cancellation,Low,2025-01-15 16:01:00,2025-01-15 22:23:12,A0002,4
T0003354,KAYAK,phone,cancellation,Urgent,2024-12-14 11:34:00,2024-12-14 20:13:36,A0060,3
T0000037,KAYAK,chat,General Query,Low,2024-12-30 10:18:00,2024-12-30 21:15:00,A0011,
T0004098,Booking.com,social,Cancellation,Low,2024-11-30 03:34:00,2024-11-30 15:28:36,A0024,1
T0004006,priceline,email,Billing,Urgent,2024-11-09 00:47:00,2024-11-09 04:32:00,A0003,4
T0002082,Booking.com,email,technical issue,Low,2024-07-17 15:12:00,2024-07-17 20:13:12,A0032,3
T0001810,Booking.com,social,general query,High,07/03/2025 08:00,,A0001,
T0002949,agoda,e-mail,Bill,Urgent,2024-09-02 01:39:00,2024-09-02 11:33:36,A0017,
T0000959,KAYAK,social,Billing,Urgent,27/03/2025 12:25,2025-03-27 13:08:12,A0030,2
T0000887,KAYAK,PHONE,Technical Issue,High,2024-07-06 17:11:00,2024-07-06 22:33:12,A0055,
T0001085,priceline,social,cancellation,Urgent,31/08/2024 10:26,,A0048,
T0000681,Booking.com,email,Cancellation,Low,2024-08-19 01:19:00,2024-08-19 04:15:24,A0010,
T0000066,agoda,email,CANCELLATION,Urgent,14/12/2024 11:07,2024-12-15 15:33:24,A0036,
T0001309,priceline,email,GENERAL QUERY,Low,2024-07-03 17:20:00,2024-07-03 17:54:48,A0025,5
T0003385,KAYAK,social,Cancellation,Low,20/12/2024 12:41,2024-12-20 18:05:36,A0013,1
T0001698,priceline,social,Technical Issue,Urgent,2024-06-17 05:07:00,2024-06-17 14:46:00,A0021,
T0002814,agoda,social,Technical Issue,High,2024-10-21 16:26:00,2024-10-21 22:54:48,A0014,1
T0003731,Booking.com,email,Billing,Medium,06/01/2025 16:26,2025-01-07 05:32:00,A0041,6
T0004913,priceline,chat,Booking Change ,Medium,2025-03-16 04:47:00,2025-03-16 08:45:48,A0028,4
T0000928,agoda,chat,Booking Change,Low,2024-12-02 10:16:00,2024-12-02 19:39:24,A0011,1
T0004806,Booking.com,e-mail,Booking Change ,Low,2024-07-19 06:45:00,2024-07-19 10:28:48,A0026,5
T0003130,agoda,chat,Technical Issue,Low,2025-05-22 02:20:00,2025-05-22 17:09:48,A0002,
T0003126,KAYAK,phone,Billing,High,2025-01-20 13:25:00,2025-01-20 19:46:36,A0059,3
T0004482,priceline,chat,CANCELLATION,High,2025-02-20 17:33:00,2025-02-21 02:00:00,A0007,1
T0002519,KAYAK,chat,Booking Change,High,2024-09-01 03:18:00,2024-09-01 03:42:36,A0025,7
T0001087,agoda,phone,Technical Issue,High,20/12/2024 11:21,,A0030,
T0002363,agoda,chat,General Query,Medium,2025-02-06 06:00:00,,A0047,
T0003293,Booking.com,chat,Technical Issue,Low,2024-08-16 11:42:00,2024-08-15 21:42:00,A0025,4
T0002290,KAYAK,Email,Billing,Urgent,17/12/2024 01:58,2024-12-18 08:09:24,A0026,2
T0002439,KAYAK,chat,CANCELLATION,High,2024-11-02 21:14:00,2024-11-02 22:59:36,A0023,1
T0002947,priceline,chat,Booking Change,High,21/02/2025 01:51,,A0047,
T0004526,Booking.com,chat,General Query ,Urgent,2025-05-09 17:13:00,2025-05-09 19:48:24,A0003,3
T0001573,Booking.com,PHONE,General Query,High,2024-12-16 15:07:00,2024-12-16 20:09:24,A0014,5
T0003792,priceline,phone,Technical Issue ,Medium,2024-11-20 12:08:00,2024-11-20 14:26:36,A0040,2
T0002301,KAYAK,chat,TECHNICAL ISSUE,Medium,2025-02-20 16:35:00,2025-02-21 04:53:00,A0050,3
T0002939,agoda,phone,Booking Change,Medium,2025-04-29 03:18:00,2025-04-29 09:20:24,A0051,1
T0004778,priceline,Email,Cancellation,High,23/01/2025 02:09,2025-01-23 02:57:36,A0038,5
T0000988,priceline,chat,TECHNICAL ISSUE,Medium,2024-09-05 03:30:00,2024-09-05 11:04:48,A0002,3
T0000636,Booking.com,phone,Cancellation ,Medium,2024-06-29 06:20:00,2024-06-29 08:05:36,A0049,4
T0001924,agoda,PHONE,Billing,Urgent,2025-03-29 12:14:00,2025-03-29 14:14:36,A0008,
T0002368,priceline,chat,Billing,High,07/01/2025 16:45,2025-01-07 21:20:24,A0034,4
T0002628,KAYAK,email,BILLING,High,2024-07-05 10:34:00,2024-07-05 20:59:12,A0027,4
T0004084,Booking.com,social,Cancellation,High,2025-04-04 11:21:00,2025-04-05 11:26:24,A0054,
T0000580,agoda,phone,Billing,High,2024-10-30 15:23:00,2024-10-30 16:08:00,A0004,5
T0001786,agoda,chat,General Query,Low,09/05/2025 10:45,2025-05-09 23:16:48,A0023,1
T0001302,priceline,phone,Booking Change ,Urgent,11/06/2024 20:16,2024-06-12 01:55:36,A0011,3
T0002304,KAYAK,chat,Cancellation,Urgent,2025-03-03 05:26:00,2025-03-03 07:15:48,A0059,8
T0000329,agoda,phone,General Query,Low,2024-07-02 07:29:00,2024-07-02 21:43:24,A0050,
T0002024,priceline,CHAT,Booking Change,High,09/04/2025 09:19,2025-04-09 18:10:00,A0024,
T0004268,priceline,email,CANCELLATION,Low,2024-09-27 10:57:00,2024-09-27 22:01:48,A0032,5
T0002101,Booking.com,chat,Technical Issue,High,2025-03-16 00:03:00,2025-03-16 03:46:12,A0019,1
T0003816,agoda,chat,general query,Low,2024-06-06 18:04:00,2024-06-07 00:07:00,A0011,4
T0000889,agoda,email,Billing,Medium,2024-06-19 20:22:00,2024-06-19 22:01:36,A0013,2
T0003028,priceline,chat,Billing,Medium,17/08/2024 01:50,2024-08-17 03:23:36,A0043,4
T0004899,priceline,chat,General Query ,High,2024-11-27 10:51:00,2024-11-27 14:39:36,A0012,5
T0004576,Booking.com,phone,Billing,Urgent,2025-01-29 16:56:00,2025-01-29 23:11:36,A0007,5
T0000556,priceline,chat,Billing,Medium,2024-12-15 04:36:00,2024-12-15 11:39:36,A0035,
T0002463,agoda,chat,General Query,Medium,07/02/2025 17:46,2025-02-08 16:50:12,A0057,7
T0002715,KAYAK,social,Billing,High,14/11/2024 13:58,2024-11-14 20:44:48,A0047,
T0004564,Booking.com,phone,Cancellation,Low,2024-08-07 08:34:00,2024-08-07 11:59:48,A0014,
T0001688,agoda,PHONE,General Query,High,2025-03-17 14:03:00,2025-03-18 15:27:36,A0026,4
T0000747,priceline,phone,Cancellation,Medium,2024-10-07 13:57:00,2024-10-07 16:49:12,A0021,
T0004912,priceline,chat,Billing,Low,11/05/2025 08:41,2025-05-11 17:48:48,A0053,
T0001609,priceline,e-mail,Booking Change,Medium,2025-01-16 13:01:00,2025-01-16 22:07:36,A0043,3
T0000873,priceline,social,Billing,High,28/01/2025 07:54,2025-01-28 12:45:00,A0015,2
T0001095,agoda,chat,General Query,Urgent,24/03/2025 01:02,2025-03-24 09:46:24,A0033,
T0001317,Booking.com,phone,CANCELLATION,High,2024-09-20 12:43:00,2024-09-20 21:23:12,A0007,
T0000438,agoda,social,Booking Change,Medium,2024-12-18 12:43:00,2024-12-18 16:40:00,A0033,3
T0001701,agoda,email,general query,Medium,2024-07-01 08:14:00,2024-07-01 11:36:48,A0025,
T0001598,Booking.com,social,General Query,High,2025-02-04 13:57:00,2025-02-06 11:24:36,A0053,5
T0003879,Booking.com,social,BOOKING CHANGE,Medium,2025-01-16 16:47:00,2025-01-18 22:14:36,A0046,
T0001242,KAYAK,chat,Booking Change,Medium,2024-08-27 02:08:00,2024-08-27 03:05:36,A0048,9
T0004280,priceline,social,BILLING,High,2024-09-11 06:54:00,2024-09-11 11:03:00,A0055,
T0001732,priceline,email,Booking Change,Low,2024-06-18 02:02:00,,A0041,
T0000378,KAYAK,email,General Query,Urgent,27/11/2024 22:37,2024-11-28 00:24:24,A0026,4
T0001929,priceline,chat,Booking Change,Low,2024-09-30 07:31:00,2024-09-30 18:21:24,A0056,5
T0004495,Booking.com,CHAT,Billing,High,2024-09-29 12:46:00,2024-09-29 13:16:00,A0047,3
T0003750,Booking.com,PHONE,Technical Issue,High,2024-09-23 18:07:00,,A0029,
T0000191,Booking.com,email,Technical Issue,Medium,2025-01-12 04:55:00,2025-01-12 10:46:36,A0037,
T0004786,agoda,CHAT,Cancellation,Urgent,2025-04-16 22:52:00,2025-04-17 02:35:48,A0056,2
T0001134,Booking.com,Email,Booking Change,Urgent,2025-04-18 21:49:00,2025-04-18 23:31:36,A0032,2
T0002862,agoda,chat,Billing,Medium,2024-07-04 06:26:00,,A0031,
T0003255,agoda,email,Cancellation ,Low,2025-04-07 19:56:00,2025-04-07 22:07:24,A0020,2
T0000220,priceline,phone,Technical Issue,Urgent,2025-05-19 01:41:00,2025-05-19 04:32:00,A0049,3
T0003529,Booking.com,e-mail,CANCELLATION,Urgent,2024-06-26 02:52:00,2024-06-26 05:34:36,A0042,
T0002989,agoda,email,Booking Change,Medium,2024-11-05 05:45:00,2024-11-05 06:31:12,A0055,2
T0004469,KAYAK,email,Booking Change,Urgent,2024-12-02 07:45:00,2024-12-02 11:22:48,A0036,4
T0000884,priceline,email,CANCELLATION,High,2024-09-19 09:18:00,2024-09-19 20:24:00,A0022,5
T0002200,Booking.com,email,BILLING,Medium,2024-09-18 08:44:00,2024-09-18 18:12:12,A0026,
T0003040,KAYAK,social,Booking Change ,Urgent,2024-12-15 15:35:00,2024-12-15 20:18:48,A0033,3
T0001369,agoda,email,Booking Change,Medium,2024-11-12 09:11:00,2024-11-12 09:30:12,A0005,5
T0001991,KAYAK,SOCIAL,Technical Issue,High,2024-08-28 14:18:00,2024-08-28 16:58:48,A0035,
T0002113,priceline,social,booking change,High,2024-07-20 22:17:00,2024-07-21 02:42:48,A0025,6
T0000127,KAYAK,chat,General Query,Urgent,2025-02-05 02:55:00,2025-02-05 07:10:00,A0055,5
T0001410,KAYAK,social,billing,Low,2024-06-01 14:14:00,2024-06-01 17:30:48,A0001,
T0002110,KAYAK,PHONE,cancellation,Medium,2025-01-24 19:41:00,2025-01-25 07:03:12,A0015,8
T0002869,KAYAK,email,Booking Change,Urgent,06/11/2024 16:13,2024-11-06 16:54:24,A0029,1
T0004243,priceline,chat,General Query,Urgent,21/10/2024 05:39,2024-10-21 18:28:12,A0019,5
T0004313,priceline,email,Cancellation,Low,2024-07-28 16:32:00,2024-07-29 03:44:00,A0022,5
T0000011,Booking.com,phone,General Query,Low,2025-01-12 05:38:00,2025-01-12 18:40:24,A0057,1
T0002608,Booking.com,chat,Cancellation,Low,2025-02-18 22:15:00,2025-02-19 07:20:24,A0051,3
T0000358,KAYAK,phone,Billing,Low,12/06/2024 02:12,2024-06-12 13:04:48,A0050,2
T0002359,priceline,phone,Booking Change,Medium,2024-08-07 23:49:00,2024-08-08 13:44:12,A0024,2
T0003380,agoda,chat,Booking Change,Medium,2025-06-01 01:31:00,2025-06-01 07:00:24,A0012,
T0000774,Booking.com,phone,Technical Issue,High,2025-03-19 13:19:00,2025-03-19 19:42:24,A0053,3
T0004173,agoda,phone,technical issue,High,2025-03-08 02:49:00,,A0010,
T0001267,priceline,chat,Booking Change,High,2025-03-16 16:40:00,2025-03-16 20:26:48,A0046,4
T0004386,KAYAK,chat,Technical Issue,High,2024-09-22 07:52:00,2024-09-22 17:58:36,A0026,2
T0000802,KAYAK,social,Booking Change,Medium,29/11/2024 06:57,2024-11-29 07:54:00,A0049,1
T0004021,KAYAK,phone,Billing,High,2025-04-02 01:41:00,2025-04-03 08:09:12,A0037,1
T0004808,Booking.com,phone,General Query,Low,2024-06-28 06:42:00,2024-06-28 14:15:00,A0049,1
T0001674,agoda,phone,Booking Change,Low,2024-12-05 14:33:00,2024-12-06 09:00:00,A0002,2
T0002777,Booking.com,chat,Technical Issue,Urgent,2025-04-17 16:26:00,2025-04-17 21:33:12,A0035,9
T0002723,KAYAK,chat,GENERAL QUERY,High,27/09/2024 13:29,2024-09-28 02:08:00,A0011,
T0004616,priceline,chat,BILLING,Medium,2024-07-10 14:52:00,2024-07-10 23:14:48,A0016,
T0004847,priceline,chat,Billing,High,2025-03-17 00:41:00,2025-03-17 04:49:24,A0030,
T0003158,Booking.com,phone,Billing,Urgent,2024-08-23 12:59:00,2024-08-23 23:57:12,A0059,
T0002713,KAYAK,phone,Technical Issue,Medium,2024-07-19 05:50:00,2024-07-21 12:30:12,A0034,
T0003938,priceline,social,general query,Urgent,2024-06-09 18:07:00,2024-06-10 00:04:36,A0051,
T0003214,Booking.com,social,CANCELLATION,Urgent,2024-10-14 18:53:00,2024-10-15 13:27:48,A0033,2
T0001734,KAYAK,email,Cancellation,Urgent,04/07/2024 01:47,2024-07-04 06:07:24,A0029,4
T0004318,Booking.com,chat,Technical Issue,Urgent,2024-07-17 13:33:00,2024-07-17 22:56:24,A0052,2
T0002170,KAYAK,chat,Technical Issue,Medium,2025-05-29 07:34:00,2025-05-29 13:19:00,A0011,4
T0004830,agoda,social,Cancellation,High,2025-02-10 20:52:00,2025-02-10 21:44:12,A0013,
T0000872,KAYAK,phone,Cancellation ,Medium,21/05/2025 15:43,2025-05-22 04:02:12,A0012,1
T0003798,priceline,CHAT,Booking Change,Low,2025-04-10 04:36:00,,A0043,
T0004684,Booking.com,email,Cancellation,Medium,2025-04-14 02:25:00,2025-04-14 11:29:12,A0015,
T0002635,agoda,e-mail,billing,Urgent,2025-01-04 16:35:00,2025-01-04 17:00:48,A0037,
T0003344,priceline,phone,BOOKING CHANGE,Medium,2025-03-20 05:23:00,2025-03-20 15:31:24,A0025,5
T0003558,agoda,phone,Booking Change,High,2024-11-14 05:46:00,2024-11-14 08:36:24,A0034,1
T0003197,agoda,phone,General Query,High,2025-01-24 12:51:00,2025-01-25 08:32:24,A0038,3
T0000793,agoda,social,General Query,Urgent,2024-11-12 12:22:00,,A0008,
T0002346,priceline,social,Technical Issue,Low,2024-09-30 22:50:00,2024-10-01 02:03:12,A0020,8
T0000320,KAYAK,phone,Technical Issue,Urgent,2025-04-12 13:41:00,2025-04-12 20:51:48,A0045,
T0004897,Booking.com,email,Cancellation,High,2025-05-22 05:37:00,2025-05-22 07:04:36,A0007,
T0004596,Booking.com,social,Technical Issue,Medium,2024-09-26 21:47:00,2024-09-27 00:21:12,A0060,5
T0000593,priceline,email,cancellation,Medium,28/10/2024 07:29,2024-10-28 11:11:00,A0057,7
T0000255,priceline,email,Technical Issue,High,2024-09-27 07:12:00,2024-09-27 14:00:00,A0053,
T0000478,priceline,e-mail,Booking Change,Medium,2025-05-14 22:58:00,2025-05-15 01:31:00,A0052,
T0003231,Booking.com,chat,Booking Change,Urgent,28/11/2024 08:32,2024-11-28 23:39:12,A0050,2
T0001010,KAYAK,social,Billing,Urgent,2024-09-07 23:34:00,2024-09-08 14:44:48,A0040,
T0002135,Booking.com,email,General Query,Low,2025-01-09 02:41:00,2025-01-09 11:31:24,A0052,1
T0003527,KAYAK,social,BOOKING CHANGE,High,2024-06-06 11:14:00,2024-06-06 13:47:36,A0050,5
T0003425,Booking.com,social,Cancellation,Medium,2024-11-01 03:58:00,2024-11-01 08:30:24,A0031,3
T0002618,priceline,social,Cancellation,Low,2025-05-29 21:02:00,2025-05-30 00:01:24,A0012,3
T0002044,KAYAK,phone,TECHNICAL ISSUE,Urgent,2024-06-09 07:48:00,2024-06-09 15:21:36,A0032,2
T0000420,Booking.com,phone,General Query ,Medium,2024-06-09 06:28:00,2024-06-09 18:20:12,A0042,2
T0004543,Booking.com,chat,Billing,High,2025-04-01 20:52:00,2025-04-02 01:08:12,A0054,3
T0002893,priceline,social,Technical Issue,Medium,2024-07-06 10:26:00,2024-07-06 17:59:00,A0039,4
T0002039,priceline,chat,Technical Issue ,High,24/11/2024 08:46,2024-11-24 23:24:24,A0056,1
T0004869,agoda,chat,Billing ,High,2024-07-04 23:32:00,2024-07-05 05:38:36,A0007,4
T0002447,KAYAK,phone,cancellation,High,2025-01-08 19:38:00,2025-01-08 21:08:36,A0001,
T0001821,priceline,social,Cancellation,Medium,2024-07-28 19:09:00,2024-07-29 09:49:48,A0040,3
T0003518,priceline,social,BOOKING CHANGE,High,2024-09-12 01:50:00,2024-09-12 08:24:48,A0014,5
T0004137,Booking.com,social,Booking Change,Urgent,2025-04-13 17:56:00,2025-04-13 20:15:12,A0002,5
T0000361,KAYAK,chat,Booking Change,Low,2024-09-28 15:01:00,,A0029,
T0003512,KAYAK,PHONE,Technical Issue,Low,2025-02-03 21:53:00,2025-02-04 02:24:12,A0024,1
T0001687,agoda,SOCIAL,Billing,Low,2025-02-01 14:03:00,2025-02-01 14:42:00,A0039,
T0003547,agoda,email,Technical Issue,Urgent,2025-01-14 12:52:00,2025-01-14 23:28:36,A0020,3
T0003870,Booking.com,Email,Booking Change,High,15/05/2025 23:36,2025-05-16 06:49:12,A0003,
T0004974,priceline,phone,Booking Change ,High,12/07/2024 00:28,2024-07-12 05:19:00,A0018,
T0001883,KAYAK,social,BILLING,Urgent,2025-05-26 02:08:00,,A0044,
T0004979,Booking.com,social,GENERAL QUERY,Urgent,2024-09-10 10:21:00,2024-09-10 19:46:12,A0035,3
T0000274,Booking.com,social,Booking Change,Low,2024-12-02 00:44:00,2024-12-02 01:58:24,A0029,
T0001873,agoda,chat,Cancellation,Urgent,2024-07-02 06:13:00,2024-07-02 17:01:00,A0014,5
T0004620,Booking.com,chat,Cancellation,Medium,2024-09-27 06:40:00,2024-09-27 19:34:36,A0033,
T0004383,priceline,social,Booking Change,Urgent,2025-03-01 04:48:00,2025-03-01 16:11:24,A0029,9
T0002149,priceline,phone,BILLING,High,12/03/2025 21:11,2025-03-13 00:02:36,A0026,1
T0002501,Booking.com,PHONE,Billing,Low,2025-05-15 05:41:00,,A0024,
T0002581,Booking.com,chat,Booking Change,High,13/07/2024 11:01,,A0054,
T0002422,KAYAK,chat,General Query,High,2024-10-27 12:02:00,2024-10-28 20:27:12,A0040,4
T0001477,Booking.com,email,Technical Issue,Medium,02/03/2025 20:14,2025-03-04 04:37:24,A0021,4
T0001161,Booking.com,CHAT,Technical Issue ,Urgent,2024-07-05 03:25:00,2024-07-05 04:37:00,A0046,
T0001461,Booking.com,phone,Booking Change,Low,2025-01-02 15:29:00,2025-01-02 21:21:48,A0029,
T0004864,agoda,social,Technical Issue,Low,08/10/2024 16:09,2024-10-09 02:02:24,A0050,
T0003902,priceline,phone,General Query,Urgent,18/09/2024 11:42,2024-09-18 14:22:48,A0005,
T0000352,agoda,social,Cancellation,Medium,2025-01-15 02:09:00,2025-01-15 05:23:24,A0031,4
T0001045,agoda,phone,Booking Change,Urgent,2024-08-05 23:44:00,2024-08-06 06:29:00,A0040,
T0004946,KAYAK,chat,Cancellation,Low,2024-08-30 19:59:00,2024-08-30 20:28:24,A0016,4
T0001918,priceline,chat,technical issue,Low,2024-07-05 03:31:00,,A0057,
T0002587,agoda,email,Cancellation,High,2025-05-09 17:31:00,,A0057,
T0002279,KAYAK,phone,Booking Change,Urgent,2024-09-24 23:31:00,2024-09-25 19:13:36,A0049,
T0002198,KAYAK,SOCIAL,Billing,High,2024-07-31 23:25:00,2024-08-01 16:51:24,A0058,
T0002522,KAYAK,email,technical issue,Low,2024-12-19 09:42:00,2024-12-19 11:28:12,A0004,4
T0002968,Booking.com,phone,Billing,Low,2025-03-24 04:32:00,2025-03-24 07:41:36,A0034,10
T0000824,KAYAK,chat,Cancellation,Low,2024-09-03 23:49:00,2024-09-04 08:14:12,A0058,2
T0001932,Booking.com,phone,Booking Change,Medium,2024-06-07 22:40:00,2024-06-07 22:53:12,A0004,1
T0003633,Booking.com,phone,General Query,High,16/12/2024 11:36,2024-12-16 13:14:24,A0034,2
T0000461,agoda,chat,Billing,Urgent,2024-07-08 00:05:00,,A0041,
T0002884,priceline,PHONE,Booking Change,High,2025-02-26 21:54:00,2025-02-27 00:59:24,A0060,
T0001147,KAYAK,social,Cancellation,Medium,2025-02-18 19:41:00,,A0025,
T0001529,agoda,email,General Query,Medium,2024-11-04 12:17:00,2024-11-04 15:51:12,A0043,
T0003322,Booking.com,chat,Technical Issue,Urgent,2025-02-01 19:00:00,2025-02-02 02:02:24,A0045,1
T0001388,priceline,email,TECHNICAL ISSUE,Medium,2024-06-13 15:53:00,,A0003,
T0000930,Booking.com,social,Technical Issue,Medium,2024-07-30 23:20:00,2024-07-31 05:16:24,A0038,
T0004964,priceline,social,Billing,Medium,03/10/2024 00:25,2024-10-03 06:25:36,A0016,
T0002144,agoda,chat,Cancellation,High,2025-02-12 03:56:00,2025-02-12 05:03:12,A0018,
T0001746,KAYAK,chat,Cancellation,Medium,2025-04-08 15:17:00,2025-04-08 23:46:24,A0052,1
T0004755,KAYAK,chat,General Query,High,2025-01-14 17:06:00,2025-01-15 00:01:48,A0041,
T0003770,agoda,social,Booking Change,Low,2024-10-09 16:25:00,,A0044,
T0001739,agoda,chat,Billing,Medium,17/07/2024 00:36,2024-07-17 03:11:24,A0054,
T0004247,KAYAK,social,Booking Change,High,2024-10-16 03:15:00,2024-10-16 05:07:12,A0045,4
T0001833,KAYAK,phone,General Query,High,2024-07-07 05:31:00,2024-07-07 10:57:24,A0042,
T0004881,priceline,social,Booking Change,Low,01/12/2024 17:49,2024-12-02 15:29:48,A0037,1
T0002266,agoda,chat,Billing,Urgent,12/01/2025 06:09,2025-01-12 15:35:24,A0052,
T0002556,Booking.com,phone,Booking Change,Medium,2025-04-13 03:24:00,2025-04-13 05:57:00,A0058,
T0002104,agoda,chat,Billing,High,2024-11-08 03:21:00,2024-11-08 05:45:00,A0028,3
T0003395,KAYAK,email,booking change,Medium,2024-10-30 10:31:00,2024-10-30 16:24:24,A0012,4
T0001861,agoda,email,Cancellation,Urgent,25/08/2024 22:25,2024-08-26 02:40:00,A0011,3
T0003144,KAYAK,chat,Cancellation,Low,2024-09-04 01:04:00,2024-09-04 06:10:00,A0036,
T0000355,agoda,chat,Technical Issue,High,2025-04-17 11:43:00,2025-04-18 00:26:12,A0008,3
T0002475,agoda,chat,Technical Issue,Medium,21/03/2025 09:49,2025-03-21 10:40:00,A0010,3
T0000362,Booking.com,social,General Query,Urgent,12/01/2025 17:50,,A0033,
T0001789,Booking.com,phone,Booking Change,Low,2025-03-17 06:55:00,,A0045,
T0002405,KAYAK,chat,Cancellation,Medium,11/10/2024 05:38,,A0028,
T0004141,agoda,phone,CANCELLATION,Urgent,2024-07-04 09:33:00,2024-07-04 15:12:36,A0058,
T0000807,KAYAK,CHAT,Cancellation,High,2024-09-18 07:00:00,2024-09-19 09:42:00,A0026,4
T0003596,KAYAK,SOCIAL,Technical Issue,Medium,2024-06-05 21:01:00,2024-06-06 07:18:24,A0017,
T0002773,KAYAK,chat,Cancellation,Medium,2024-06-24 09:36:00,2024-06-24 13:29:24,A0001,5
T0003475,agoda,social,TECHNICAL ISSUE,High,09/06/2024 08:56,,A0015,
T0000989,KAYAK,email,Technical Issue ,Medium,13/01/2025 19:53,2025-01-13 23:08:36,A0034,
T0003658,priceline,social,Technical Issue,Urgent,2024-06-20 00:34:00,2024-06-20 06:53:12,A0031,
T0004503,KAYAK,email,Booking Change,Low,2024-08-28 18:02:00,2024-08-28 18:44:36,A0012,1
T0000958,priceline,social,Billing,Low,2024-08-13 22:41:00,2024-08-14 10:22:24,A0051,
T0001808,KAYAK,chat,Technical Issue,High,2025-04-11 08:50:00,2025-04-11 15:02:36,A0041,2
T0003048,agoda,chat,Billing ,Urgent,19/11/2024 13:08,2024-11-20 01:46:24,A0029,1
T0000235,priceline,phone,General Query,Low,2024-09-06 16:00:00,2024-09-06 22:23:24,A0020,4
T0001682,priceline,chat,General Query ,Low,2024-12-13 08:23:00,,A0055,
T0002817,Booking.com,PHONE,CANCELLATION,High,2024-10-16 01:45:00,2024-10-16 08:26:24,A0054,3
T0000707,priceline,phone,Bill,Low,2024-06-24 00:42:00,2024-06-24 01:13:12,A0020,3
T0001784,agoda,chat,Billing,Medium,2024-12-13 19:29:00,2024-12-14 03:15:48,A0007,
T0002106,KAYAK,phone,Technical Issue,Medium,2025-05-19 04:24:00,,A0001,
T0002460,agoda,email,Booking Change,Low,2025-03-01 13:40:00,2025-03-01 23:47:48,A0020,
T0004678,KAYAK,email,Booking Change,Medium,2024-07-30 03:30:00,2024-07-30 16:37:12,A0031,5
T0002673,agoda,chat,general query,Medium,2024-10-28 20:31:00,,A0013,
T0002825,Booking.com,phone,Booking Change ,Urgent,03/06/2024 03:29,2024-06-03 08:40:24,A0016,
T0000343,KAYAK,email,TECHNICAL ISSUE,Medium,2024-11-11 11:46:00,2024-11-11 22:43:00,A0014,10
T0003776,Booking.com,email,General Query,Medium,27/04/2025 04:01,2025-04-27 07:13:00,A0006,3
T0003341,agoda,social,Booking Change ,Low,2024-12-08 19:37:00,2024-12-08 23:47:12,A0016,2
T0004289,Booking.com,social,Billing,Urgent,2025-04-01 03:59:00,2025-04-01 06:34:24,A0060,4
T0002401,agoda,chat,Booking Change,High,2025-03-19 00:19:00,2025-03-19 02:53:12,A0051,
T0002296,Booking.com,phone,Billing,Low,2025-05-14 04:20:00,2025-05-14 06:14:36,A0022,5
T0003188,Booking.com,PHONE,Cancellation,High,2024-11-01 07:51:00,2024-11-01 10:53:24,A0014,5
T0003883,Booking.com,chat,General Query,High,29/05/2025 15:20,2025-05-29 22:26:00,A0001,2
T0004637,KAYAK,social,Billing,Urgent,25/11/2024 23:10,2024-11-26 03:41:48,A0040,4
T0000519,Booking.com,social,General Query,High,2025-03-19 12:20:00,2025-03-19 21:02:36,A0032,5
T0001909,agoda,email,General Query,Low,2025-05-24 22:26:00,,A0028,
T0002257,Booking.com,social,Billing,Low,2024-06-08 21:59:00,2024-06-09 03:35:36,A0029,
T0003787,KAYAK,Email,General Query,Urgent,2025-03-27 01:45:00,2025-03-27 05:06:36,A0015,
T0000335,agoda,social,Booking Change,High,2025-01-21 17:07:00,2025-01-22 16:13:36,A0049,
T0004419,Booking.com,chat,General Query,Urgent,2025-03-26 01:50:00,2025-03-26 02:21:48,A0008,5
T0000219,agoda,email,General Query,High,23/09/2024 23:04,2024-09-24 00:49:36,A0001,1
T0000276,agoda,social,General Query,Low,15/06/2024 16:17,2024-06-15 17:00:12,A0052,5
T0001945,KAYAK,SOCIAL,Technical Issue,Urgent,2024-10-22 19:59:00,2024-10-22 20:37:24,A0038,5
T0001953,KAYAK,e-mail,Billing,High,2025-05-03 15:32:00,2025-05-04 09:05:00,A0022,
T0004956,priceline,phone,booking change,Urgent,28/01/2025 17:08,2025-01-28 18:11:36,A0007,2
T0002520,KAYAK,social,Technical Issue,Urgent,17/07/2024 10:52,2024-07-17 13:15:24,A0040,9
T0004513,agoda,email,Technical Issue,High,2024-06-11 13:19:00,2024-06-11 16:44:48,A0018,4
T0000380,KAYAK,chat,booking change,Low,2024-08-22 11:46:00,2024-08-22 13:07:00,A0011,
T0001438,Booking.com,email,Booking Change,Medium,2024-09-22 20:14:00,,A0048,
T0004102,agoda,social,Billing,High,2024-10-09 21:02:00,,A0005,
T0003072,KAYAK,phone,CANCELLATION,High,2024-07-27 13:05:00,2024-07-27 15:09:48,A0022,7
T0000494,KAYAK,social,Bill,Medium,2024-08-15 13:16:00,2024-08-16 18:02:12,A0037,1
T0002171,Booking.com,social,Billing,High,2025-05-06 05:30:00,2025-05-06 08:59:24,A0041,
T0002474,KAYAK,chat,General Query,Medium,2025-05-08 23:26:00,2025-05-09 05:57:12,A0008,4
T0001928,KAYAK,email,technical issue,Urgent,30/04/2025 08:42,2025-04-30 16:12:36,A0060,5
T0003234,agoda,social,Cancellation,Low,2025-04-29 10:45:00,2025-04-29 20:39:00,A0014,
T0004777,Booking.com,phone,Cancellation,High,2025-01-02 22:40:00,2025-01-03 00:23:12,A0032,2
T0001069,Booking.com,phone,TECHNICAL ISSUE,High,2024-10-03 12:22:00,2024-10-03 17:20:12,A0030,2
T0003413,agoda,chat,booking change,Medium,2024-07-11 00:15:00,,A0045,
T0001524,priceline,phone,Technical Issue,High,2025-05-28 13:15:00,,A0057,
T0002398,Booking.com,email,Billing,High,2024-10-20 04:54:00,,A0046,
T0004289,Booking.com,social,Billing,Urgent,2025-04-01 03:59:00,2025-04-01 06:34:24,A0060,4
T0003638,KAYAK,email,Technical Issue,Urgent,2024-11-29 07:21:00,2024-11-29 09:28:12,A0055,3
T0004223,agoda,social,technical issue,High,2025-04-24 01:52:00,2025-04-24 02:20:12,A0041,2
T0000919,KAYAK,email,Technical Issue,Medium,2025-05-02 19:22:00,2025-05-03 08:17:12,A0021,
T0000760,KAYAK,chat,booking change,Medium,2025-04-30 23:34:00,2025-05-01 01:49:36,A0049,4
T0001012,KAYAK,Email,Billing,High,2025-01-17 09:46:00,2025-01-17 14:04:00,A0052,2
T0004360,Booking.com,phone,GENERAL QUERY,Medium,2025-03-09 03:49:00,2025-03-09 22:38:48,A0017,
T0000238,agoda,CHAT,Technical Issue,Low,2025-01-11 09:12:00,2025-01-11 22:22:12,A0004,4
T0002990,KAYAK,social,General Query,Urgent,2025-01-15 12:56:00,2025-01-15 14:08:36,A0052,5
T0004181,priceline,Email,Billing,High,2025-02-02 04:23:00,2025-02-02 19:03:12,A0031,5
T0002950,Booking.com,email,Booking Change,Medium,2024-10-29 12:44:00,2024-10-30 02:41:00,A0044,2
T0004773,priceline,email,Booking Change,Medium,2025-04-15 02:16:00,2025-04-15 06:22:36,A0032,
T0000609,agoda,chat,Cancellation,High,2025-02-03 13:45:00,2025-02-04 05:32:24,A0011,
T0004889,Booking.com,chat,Technical Issue,High,06/03/2025 03:32,2025-03-06 08:13:24,A0039,7
T0002708,agoda,chat,Cancellation,Medium,2024-09-18 10:23:00,2024-09-18 11:57:48,A0049,3
T0000641,KAYAK,SOCIAL,General Query,Medium,2024-10-10 05:48:00,2024-10-11 02:59:24,A0042,4
T0002652,priceline,CHAT,BILLING,Medium,05/10/2024 22:18,2024-10-06 05:18:00,A0033,1
T0002922,Booking.com,SOCIAL,General Query,Urgent,2024-10-04 07:50:00,2024-10-04 08:43:24,A0032,
T0003632,agoda,social,Booking Change,High,2024-06-07 02:29:00,2024-06-07 14:38:00,A0018,1
T0003675,KAYAK,chat,Technical Issue,Low,08/03/2025 23:10,2025-03-09 12:21:24,A0033,5
T0001314,KAYAK,email,technical issue,Urgent,2025-02-05 13:38:00,2025-02-05 20:55:24,A0055,
T0004524,agoda,phone,Billing,Low,07/09/2024 13:31,2024-09-07 21:40:36,A0006,4
T0001424,Booking.com,e-mail,General Query,High,16/05/2025 17:07,2025-05-17 00:23:48,A0029,5
T0001114,priceline,social,Booking Change,High,2024-10-17 00:27:00,2024-10-17 03:51:00,A0033,2
T0003621,Booking.com,Email,General Query,High,2024-06-07 12:48:00,2024-06-07 16:32:24,A0009,3
T0004668,agoda,social,Booking Change,Low,14/10/2024 09:42,,A0007,
T0004630,agoda,phone,GENERAL QUERY,High,2025-02-11 13:18:00,2025-02-11 22:25:48,A0012,4
T0001542,agoda,Email,Billing,High,2025-05-30 02:08:00,2025-05-30 07:24:48,A0010,3
T0000585,agoda,phone,Billing,Medium,2024-07-24 03:22:00,2024-07-24 09:47:12,A0005,2
T0001137,priceline,e-mail,Technical Issue,High,2024-11-30 08:11:00,2024-11-30 09:02:36,A0029,
T0002678,Booking.com,Email,General Query ,Medium,2024-09-20 23:43:00,2024-09-21 02:24:24,A0031,4
T0003345,agoda,chat,General Query,Urgent,01/10/2024 22:20,2024-10-02 06:30:12,A0035,2
T0001593,priceline,chat,Bill,Medium,2025-02-27 03:17:00,2025-02-27 05:55:24,A0032,3
T0000969,agoda,social,Cancellation ,Medium,2025-05-15 16:27:00,2025-05-16 01:24:00,A0049,2
T0002309,priceline,social,General Query,Urgent,2024-08-09 17:34:00,2024-08-09 22:08:12,A0046,2
T0001173,KAYAK,phone,general query,Urgent,2025-03-05 18:07:00,2025-03-05 21:45:24,A0004,4
T0003036,priceline,social,Cancellation,Urgent,2024-11-30 10:38:00,2024-11-30 13:47:36,A0015,4
T0000469,priceline,email,Billing,Medium,2024-12-15 10:31:00,2024-12-15 11:01:00,A0032,1
T0004031,agoda,social,Cancellation,Low,01/07/2024 22:24,,A0045,
T0002743,agoda,social,Technical Issue,High,2025-01-30 05:01:00,2025-01-30 14:41:12,A0022,3
T0000103,Booking.com,phone,general query,Medium,2025-05-03 00:13:00,,A0012,
T0002310,KAYAK,chat,Technical Issue,Medium,18/01/2025 14:32,2025-01-18 20:55:24,A0039,5
T0000018,priceline,email,CANCELLATION,Medium,2024-07-16 08:03:00,2024-07-16 09:52:12,A0005,
T0001948,Booking.com,social,Cancellation,High,2024-06-01 17:10:00,2024-06-02 01:45:24,A0058,7
T0001358,agoda,email,Technical Issue,Medium,2025-05-20 07:49:00,2025-05-20 12:34:36,A0039,9
T0000595,Booking.com,PHONE,BOOKING CHANGE,Medium,2024-12-04 15:59:00,2024-12-05 00:20:00,A0024,6
T0002700,agoda,phone,Cancellation,Low,2025-01-11 17:36:00,2025-01-12 01:11:24,A0031,4
T0004790,priceline,social,Booking Change,Urgent,2024-08-19 22:10:00,2024-08-20 03:16:00,A0026,
T0001074,Booking.com,chat,Booking Change,High,2024-11-29 18:32:00,2024-11-29 22:01:24,A0006,5
T0001062,priceline,chat,Billing,Low,2025-01-06 03:18:00,,A0009,
T0003863,agoda,social,Billing,Medium,2024-10-30 00:34:00,2024-10-30 17:33:24,A0044,4
T0001236,priceline,social,Technical Issue,Urgent,2025-04-13 08:12:00,2025-04-13 13:36:00,A0044,5
T0002246,Booking.com,CHAT,Technical Issue,Low,2024-08-18 17:04:00,2024-08-19 11:29:48,A0050,
T0002724,KAYAK,email,Cancellation,Urgent,2024-07-20 21:30:00,2024-07-20 23:07:48,A0028,3
T0001712,priceline,phone,booking change,Urgent,29/01/2025 00:01,2025-01-29 15:37:36,A0042,8
T0001955,KAYAK,chat,GENERAL QUERY,High,2025-05-11 11:02:00,2025-05-11 18:19:24,A0026,
T0000624,Booking.com,CHAT,TECHNICAL ISSUE,Low,2024-06-22 02:37:00,2024-06-22 18:19:00,A0008,8
T0000271,KAYAK,phone,Cancellation,Urgent,2025-02-11 10:22:00,2025-02-11 20:31:36,A0005,4
T0003151,KAYAK,phone,Technical Issue,Low,2024-07-29 01:08:00,2024-07-29 04:48:12,A0042,5
T0001985,agoda,Email,General Query,High,07/09/2024 20:59,2024-09-08 01:46:24,A0056,2
T0000259,KAYAK,chat,Booking Change,Low,2024-11-05 15:20:00,,A0001,
T0000100,agoda,chat,Technical Issue,High,2024-08-24 04:59:00,2024-08-23 15:59:00,A0049,5
T0001234,Booking.com,email,Booking Change,Urgent,2024-10-01 07:00:00,2024-10-01 23:34:12,A0058,2
T0004233,KAYAK,social,Booking Change,Low,2024-07-27 21:23:00,2024-07-28 21:17:36,A0033,
T0002192,agoda,chat,Technical Issue,Low,2024-10-09 02:25:00,2024-10-09 10:19:00,A0039,1
T0000035,priceline,phone,Cancellation,Urgent,2025-04-22 04:15:00,,A0057,
T0001897,KAYAK,Email,Booking Change,Low,2024-10-31 09:36:00,2024-10-31 16:36:00,A0005,4
T0003295,Booking.com,email,TECHNICAL ISSUE,Urgent,2024-08-23 17:59:00,2024-08-24 07:39:12,A0008,3
T0000687,KAYAK,phone,Booking Change,Urgent,2024-09-13 21:03:00,2024-09-13 21:55:12,A0058,
T0003276,priceline,phone,Cancellation,High,2025-05-16 03:01:00,,A0022,
T0002261,priceline,social,BILLING,Low,2025-02-26 09:22:00,2025-02-26 19:10:36,A0042,2
T0000398,agoda,email,Booking Change,Low,2024-08-17 11:32:00,2024-08-18 06:23:00,A0048,5
T0000680,priceline,social,Cancellation,High,2024-12-09 22:53:00,2024-12-10 19:12:12,A0050,
T0003649,agoda,email,Booking Change,Medium,2025-02-25 08:30:00,,A0016,
T0003450,priceline,CHAT,Cancellation,High,2024-06-25 06:30:00,,A0014,
T0003166,Booking.com,chat,Booking Change,High,2024-09-01 21:24:00,2024-09-02 11:06:00,A0030,5
T0004810,agoda,social,Billing,High,2025-03-12 00:21:00,2025-03-12 11:40:48,A0021,3
T0003037,priceline,phone,Billing,Medium,2025-04-01 00:50:00,,A0059,
T0000505,Booking.com,phone,Cancellation ,Low,2025-04-19 18:55:00,2025-04-19 21:20:12,A0026,
T0004750,agoda,email,Billing,Medium,2024-12-30 02:24:00,2024-12-30 08:01:12,A0005,3
T0000022,agoda,Email,Cancellation,Low,2025-05-28 23:40:00,2025-05-30 12:16:00,A0006,
T0001453,agoda,chat,General Query,High,2024-07-05 09:25:00,2024-07-05 20:08:12,A0053,
T0000825,Booking.com,chat,General Query,Urgent,2024-10-19 04:57:00,,A0035,
T0000926,agoda,chat,cancellation,Low,2024-10-29 15:23:00,2024-10-29 19:14:00,A0057,
T0001679,Booking.com,phone,Cancellation,Medium,2024-10-31 13:08:00,2024-10-31 20:06:12,A0049,9
T0002577,agoda,chat,General Query,Urgent,28/06/2024 04:31,2024-06-28 10:47:12,A0058,5
T0001754,agoda,phone,Billing,Urgent,2024-08-02 14:32:00,2024-08-03 03:36:48,A0033,2
T0003093,priceline,social,Technical Issue,High,2025-03-01 13:05:00,2025-03-01 14:26:00,A0021,4
T0004535,KAYAK,chat,Billing,Urgent,2024-12-17 18:30:00,2024-12-17 23:34:48,A0012,
T0004299,KAYAK,CHAT,GENERAL QUERY,Urgent,2025-02-06 18:08:00,2025-02-06 19:35:00,A0057,5
T0001554,Booking.com,phone,Cancellation,High,06/02/2025 15:44,2025-02-06 20:48:48,A0020,4
T0002874,agoda,chat,Cancellation,Urgent,07/04/2025 13:56,2025-04-07 18:20:00,A0027,
T0004867,Booking.com,e-mail,billing,Low,11/03/2025 13:17,2025-03-11 17:29:00,A0020,1
T0002745,agoda,chat,Technical Issue,Low,2024-12-16 07:18:00,2024-12-17 00:42:36,A0002,1
T0001823,Booking.com,email,Booking Change ,Low,2024-11-03 19:02:00,2024-11-03 22:47:36,A0003,
T0003190,Booking.com,social,Booking Change,Low,20/07/2024 04:40,2024-07-22 07:27:24,A0041,10
T0002912,KAYAK,email,General Query,Low,2024-07-19 08:42:00,2024-07-19 09:55:12,A0052,
T0004061,Booking.com,phone,cancellation,Medium,2025-02-18 00:08:00,2025-02-18 07:20:00,A0010,2
T0001385,priceline,CHAT,GENERAL QUERY,Medium,2024-07-05 11:57:00,2024-07-06 18:49:48,A0029,4
T0003936,priceline,phone,Booking Change,Low,2024-07-29 16:42:00,2024-07-30 05:59:24,A0046,8
T0003440,priceline,email,Cancellation,High,2024-10-24 01:09:00,2024-10-24 05:02:24,A0030,9
T0000166,KAYAK,e-mail,General Query,Medium,2024-10-24 11:15:00,2024-10-24 14:04:12,A0036,4
T0002108,priceline,phone,CANCELLATION,Medium,01/07/2024 02:13,2024-07-01 05:39:24,A0025,
T0002480,priceline,social,BILLING,Urgent,2025-04-16 12:51:00,,A0043,
T0002919,agoda,social,General Query,High,2025-02-08 11:00:00,2025-02-08 22:34:12,A0054,9
T0000727,priceline,social,Cancellation,High,2025-01-30 22:04:00,2025-01-30 23:55:00,A0043,4
T0003105,Booking.com,email,Cancellation,High,27/05/2025 18:52,2025-05-28 01:17:12,A0037,3
T0003019,KAYAK,Email,Billing,High,2024-08-12 12:03:00,2024-08-12 14:39:36,A0006,2
T0004380,Booking.com,phone,Booking Change,Medium,2024-06-30 13:46:00,2024-07-01 05:37:00,A0008,4
T0003285,KAYAK,social,general query,Urgent,2025-03-19 11:36:00,2025-03-19 14:28:12,A0046,2
T0001181,Booking.com,CHAT,Cancellation,Urgent,2024-06-30 22:27:00,2024-07-01 07:01:48,A0005,
T0002375,agoda,chat,GENERAL QUERY,Low,03/12/2024 00:10,2024-12-03 08:26:12,A0005,5
T0003362,KAYAK,email,General Query,Medium,2025-02-01 03:28:00,2025-02-01 10:03:24,A0049,1
T0001353,Booking.com,phone,General Query,Medium,2024-10-25 10:06:00,2024-10-25 15:14:24,A0022,
T0002843,Booking.com,chat,General Query,High,2025-03-08 02:41:00,2025-03-08 09:17:00,A0026,
T0000242,agoda,e-mail,Booking Change,Urgent,2024-08-17 21:14:00,2024-08-17 21:42:12,A0022,2
T0004220,agoda,CHAT,Billing,Urgent,2024-11-09 03:20:00,2024-11-10 00:36:48,A0026,5
T0001662,KAYAK,phone,Billing,Low,2025-04-22 05:50:00,2025-04-22 10:36:48,A0035,
T0001565,Booking.com,PHONE,Billing,Medium,30/11/2024 02:09,2024-11-30 09:01:48,A0006,
T0001943,KAYAK,phone,Technical Issue,Medium,2024-07-30 17:10:00,2024-07-30 17:24:24,A0017,2
T0003683,KAYAK,email,Cancellation,Medium,2025-05-26 02:14:00,2025-05-27 13:29:36,A0030,9
T0004566,agoda,social,general query,Urgent,2025-01-03 03:12:00,2025-01-04 02:27:36,A0012,
T0003673,agoda,social,Billing ,High,2024-07-04 14:26:00,2024-07-05 02:24:48,A0035,
T0000312,KAYAK,phone,Technical Issue,Urgent,2025-05-09 22:01:00,2025-05-10 09:58:36,A0009,3
T0000045,priceline,chat,Cancellation,High,2024-06-29 00:12:00,2024-06-29 09:22:48,A0044,4
T0003439,agoda,phone,General Query,High,2024-10-17 21:21:00,2024-10-17 22:33:36,A0020,1
T0003648,agoda,social,Bill,Urgent,2025-03-06 01:42:00,,A0004,
T0002681,agoda,email,Technical Issue,High,2025-02-11 17:51:00,2025-02-12 00:27:36,A0011,
T0003180,priceline,social,cancellation,Low,12/04/2025 09:38,2025-04-12 18:57:12,A0056,5
T0000735,priceline,email,Billing,Urgent,06/12/2024 16:49,,A0039,
T0002426,agoda,SOCIAL,booking change,High,2024-10-05 06:26:00,2024-10-06 04:06:48,A0024,
T0003218,Booking.com,CHAT,Billing ,Medium,2024-07-06 07:51:00,2024-07-06 10:42:00,A0002,
T0001117,Booking.com,email,BILLING,High,2025-03-02 10:30:00,2025-03-02 15:00:00,A0013,5
T0004876,agoda,email,Billing,Low,2025-03-09 08:00:00,2025-03-10 01:36:36,A0019,3
T0003618,priceline,chat,Billing,Urgent,02/03/2025 17:59,2025-03-03 09:48:12,A0016,
T0001606,agoda,phone,Booking Change,High,2024-12-26 07:00:00,2024-12-26 13:33:36,A0058,1
T0002805,Booking.com,social,booking change,Urgent,2025-03-22 19:36:00,2025-03-23 01:15:36,A0056,
T0001783,Booking.com,social,General Query,Low,2024-07-03 10:27:00,2024-07-03 16:04:48,A0017,
T0002512,priceline,email,General Query,Low,2025-04-12 08:35:00,2025-04-12 21:59:00,A0014,2
T0003386,KAYAK,PHONE,Billing,High,2025-02-22 16:03:00,2025-02-23 13:42:36,A0009,2
T0003329,priceline,phone,Technical Issue,Medium,27/01/2025 21:57,,A0051,
T0004593,KAYAK,chat,General Query,High,20/11/2024 13:25,2024-11-21 09:50:12,A0021,2
T0004086,priceline,email,Billing,Low,2024-07-05 06:36:00,2024-07-06 02:24:36,A0014,1
T0003981,agoda,phone,Billing,High,2024-11-20 20:40:00,,A0046,
T0001245,priceline,chat,Booking Change ,High,2024-07-02 07:52:00,2024-07-03 00:39:24,A0016,3
T0001048,agoda,social,general query,Urgent,2025-02-04 00:04:00,2025-02-04 10:11:48,A0026,1
T0004368,Booking.com,phone,Technical Issue,Medium,2025-01-14 05:06:00,2025-01-14 20:15:36,A0046,1
T0001122,KAYAK,social,Billing,High,2025-03-03 07:18:00,2025-03-03 12:30:00,A0014,4
T0002885,KAYAK,email,Cancellation,Low,2025-04-16 12:46:00,2025-04-17 08:30:24,A0038,2
T0000334,priceline,chat,Technical Issue,High,10/05/2025 04:33,2025-05-10 05:20:24,A0008,4
T0003984,priceline,email,technical issue,Medium,2024-12-29 00:25:00,,A0017,
T0004484,KAYAK,phone,TECHNICAL ISSUE,Low,2024-11-02 04:58:00,2024-11-02 20:59:12,A0037,2
T0001001,KAYAK,chat,General Query,Low,2024-12-15 23:44:00,2024-12-16 00:08:36,A0037,5
T0000142,Booking.com,chat,Booking Change,Urgent,2025-01-25 15:37:00,2025-01-25 18:26:12,A0048,2
T0001983,KAYAK,chat,General Query,Low,2025-03-13 21:01:00,2025-03-14 09:10:36,A0001,4
T0003306,agoda,phone,Booking Change,Medium,2025-01-02 22:15:00,2025-01-03 03:00:36,A0037,3
T0000955,Booking.com,social,General Query,Medium,2024-07-04 07:54:00,2024-07-04 14:27:36,A0047,
T0004346,KAYAK,phone,Cancellation,Medium,2025-02-23 23:50:00,2025-02-24 06:48:12,A0003,3
T0001730,Booking.com,phone,Booking Change,Urgent,2025-03-04 03:47:00,2025-03-06 07:00:48,A0045,4
T0000122,KAYAK,email,Technical Issue,High,2024-09-11 23:59:00,,A0038,
T0000977,priceline,social,General Query,Medium,2024-06-30 18:12:00,2024-06-30 22:45:00,A0060,3
T0004147,Booking.com,chat,CANCELLATION,Urgent,2024-07-02 15:50:00,2024-07-03 07:20:36,A0010,
T0000567,agoda,chat,cancellation,Low,16/04/2025 22:00,,A0007,
T0000304,Booking.com,email,Booking Change,Urgent,28/01/2025 14:31,2025-01-28 19:38:48,A0029,
T0002607,agoda,chat,Booking Change,Urgent,2024-12-30 09:04:00,2024-12-31 07:23:12,A0031,
T0001325,KAYAK,social,General Query,Low,2025-03-28 02:03:00,2025-03-28 10:47:24,A0023,
T0004255,agoda,email,Cancellation ,High,2024-08-25 15:34:00,2024-08-25 19:26:48,A0005,
T0004796,KAYAK,CHAT,Technical Issue,High,03/09/2024 09:16,2024-09-03 21:44:48,A0042,
T0001938,agoda,phone,booking change,Medium,2024-09-19 16:15:00,2024-09-20 08:00:36,A0007,1
T0001776,KAYAK,email,General Query,Low,2025-04-03 19:13:00,2025-04-04 06:19:00,A0029,5
T0001963,Booking.com,phone,Technical Issue ,Urgent,2025-05-20 11:38:00,2025-05-21 01:35:36,A0047,3
T0001689,Booking.com,phone,Booking Change,Medium,2024-12-08 07:59:00,2024-12-09 01:04:24,A0042,4
T0002308,agoda,chat,Cancellation,High,2024-08-30 18:11:00,2024-08-31 02:42:48,A0059,
T0003082,agoda,phone,BOOKING CHANGE,Low,2025-01-30 21:44:00,2025-01-31 05:12:48,A0009,
T0003662,priceline,social,TECHNICAL ISSUE,Low,2024-11-02 09:20:00,2024-11-02 09:38:00,A0059,1
T0000806,priceline,email,General Query,Urgent,2025-01-23 15:39:00,2025-01-23 22:28:12,A0031,3
T0003029,priceline,chat,CANCELLATION,Medium,2024-06-09 23:33:00,2024-06-10 04:50:24,A0001,
T0001158,agoda,chat,Cancellation,Urgent,2024-08-31 07:16:00,2024-08-31 11:05:12,A0038,
T0004012,KAYAK,SOCIAL,General Query,High,2024-10-29 06:15:00,2024-10-29 22:04:12,A0019,
T0003000,Booking.com,social,booking change,High,2024-07-24 20:09:00,2024-07-25 07:15:36,A0031,1
T0002966,priceline,phone,Billing,Medium,2025-05-27 22:47:00,2025-05-27 23:20:00,A0033,4
T0000114,Booking.com,email,Booking Change,Low,2024-06-08 21:24:00,2024-06-10 13:26:24,A0028,4
T0003290,Booking.com,phone,General Query,Low,2025-05-17 01:58:00,2025-05-18 11:05:12,A0051,
T0003742,Booking.com,phone,Booking Change,High,2024-10-22 05:05:00,2024-10-22 15:59:36,A0033,
T0003213,agoda,e-mail,Booking Change ,Low,16/06/2024 15:25,2024-06-16 21:30:24,A0055,4
T0000085,agoda,social,General Query,Urgent,2024-10-29 10:21:00,2024-10-29 10:43:12,A0002,3
T0004139,Booking.com,chat,Booking Change,High,2025-03-03 09:09:00,2025-03-05 01:15:36,A0051,5
T0004698,priceline,chat,Billing,High,2024-09-22 10:33:00,2024-09-23 02:42:36,A0017,10
T0001179,agoda,phone,Technical Issue,High,2025-04-20 01:32:00,,A0007,
T0004517,KAYAK,chat,Booking Change,Medium,2025-05-07 15:00:00,2025-05-07 17:25:48,A0040,5
T0002831,KAYAK,phone,Cancellation,Urgent,2024-06-15 13:47:00,2024-06-15 14:51:12,,
T0000729,agoda,social,technical issue,Low,2024-08-16 03:37:00,,A0001,
T0000339,KAYAK,email,Booking Change,High,2025-04-22 18:48:00,,A0017,
T0003873,Booking.com,phone,General Query,Urgent,2025-04-08 02:35:00,2025-04-08 20:54:12,A0010,10
T0004969,KAYAK,email,Bill,High,2025-05-16 07:55:00,2025-05-16 11:08:12,A0035,3
T0001729,KAYAK,phone,Booking Change,High,2024-06-30 17:46:00,2024-06-30 19:48:24,A0012,4
T0003106,agoda,PHONE,booking change,High,2025-04-17 20:53:00,2025-04-18 15:53:00,A0037,4
T0001265,priceline,email,Cancellation,Low,2025-06-01 03:24:00,2025-06-02 02:14:24,A0035,2
T0002601,Booking.com,phone,GENERAL QUERY,Medium,2024-09-06 07:21:00,2024-09-06 14:09:00,A0022,4
T0004625,agoda,chat,Booking Change,Low,2024-11-08 08:54:00,2024-11-08 09:07:12,A0053,
T0004281,Booking.com,email,Technical Issue,Medium,26/01/2025 01:55,,A0057,
T0003287,priceline,email,General Query,High,2024-09-21 19:33:00,,A0051,
T0002701,Booking.com,phone,Cancellation,Urgent,26/06/2024 15:40,2024-06-26 18:55:00,A0060,5
T0001560,KAYAK,email,Technical Issue,Medium,13/02/2025 22:49,,A0022,
T0000775,priceline,social,Booking Change,High,2024-10-25 22:06:00,2024-10-25 23:09:36,A0035,
T0000726,Booking.com,chat,Technical Issue,Urgent,2025-04-03 21:48:00,2025-04-04 02:59:24,A0008,2
T0002045,agoda,e-mail,Technical Issue,High,2024-06-19 02:58:00,2024-06-19 11:17:48,A0008,
T0003468,Booking.com,e-mail,booking change,Urgent,2024-11-15 06:11:00,,A0046,
T0000348,agoda,phone,Booking Change,Urgent,2025-02-17 14:59:00,2025-02-17 17:06:12,A0004,1
T0001406,priceline,social,Billing,High,2024-07-29 21:29:00,2024-07-29 22:20:00,A0047,1
T0001555,priceline,social,BOOKING CHANGE,Low,2024-08-14 02:29:00,2024-08-14 16:09:12,A0053,6
T0003068,agoda,SOCIAL,CANCELLATION,High,2024-07-20 02:19:00,2024-07-20 03:25:36,A0012,5
T0004044,priceline,email,Billing,Urgent,2024-07-13 20:09:00,2024-07-13 21:31:48,A0021,5
T0004231,KAYAK,social,Billing ,Medium,2024-08-01 12:55:00,2024-08-01 13:29:48,A0008,
T0001993,Booking.com,phone,Cancellation,Low,14/03/2025 03:27,2025-03-14 10:45:36,A0023,
T0000214,priceline,social,Billing,Medium,2024-10-23 02:21:00,2024-10-23 19:00:00,A0055,5
T0004114,agoda,phone,Billing,High,02/11/2024 18:24,2024-11-02 20:40:12,A0055,5
T0002080,priceline,SOCIAL,Technical Issue,Urgent,06/06/2024 03:37,,A0022,
T0004051,agoda,social,Booking Change,Low,2024-12-19 13:32:00,2024-12-19 18:13:24,A0021,
T0004840,agoda,email,Cancellation,Medium,2024-08-01 05:01:00,2024-08-01 05:26:48,A0029,
T0001561,Booking.com,social,GENERAL QUERY,Urgent,04/12/2024 16:52,2024-12-05 02:03:24,A0019,6
T0000534,KAYAK,phone,Booking Change,Urgent,10/01/2025 17:41,2025-01-10 19:07:24,A0001,6
T0002270,Booking.com,social,Technical Issue,Medium,05/12/2024 20:45,,A0017,
T0000280,Booking.com,chat,Technical Issue,Low,2024-06-23 23:11:00,2024-06-24 03:45:12,A0059,1
T0003305,agoda,phone,Billing,Low,2024-10-11 10:08:00,2024-10-12 17:52:24,A0056,
T0003516,Booking.com,chat,CANCELLATION,Low,2024-09-25 12:43:00,2024-09-26 10:50:48,A0057,
T0003374,KAYAK,phone,Billing,Low,15/01/2025 19:09,2025-01-17 12:18:36,A0034,
T0001195,Booking.com,chat,General Query,High,10/05/2025 20:35,2025-05-11 03:27:48,A0050,5
T0001354,priceline,phone,Technical Issue,High,2025-03-11 03:14:00,2025-03-11 12:04:24,A0042,2
T0004770,Booking.com,phone,General Query ,High,16/10/2024 16:45,2024-10-16 20:31:12,A0018,4
T0000324,agoda,email,CANCELLATION,Low,2025-01-27 10:04:00,2025-01-27 13:21:24,A0045,3
T0000491,Booking.com,social,booking change,Urgent,2024-07-18 15:30:00,2024-07-19 00:14:24,A0050,
T0002551,agoda,social,Technical Issue,High,17/01/2025 21:28,2025-01-18 00:32:48,A0039,
T0000820,Booking.com,social,Technical Issue,Urgent,14/04/2025 23:44,2025-04-15 06:35:00,A0044,
T0004245,agoda,social,TECHNICAL ISSUE,Medium,2025-02-28 08:02:00,2025-02-28 12:57:12,A0024,8
T0001028,agoda,e-mail,Billing,Low,2025-05-18 11:04:00,2025-05-19 10:41:12,A0004,2
T0004444,Booking.com,social,GENERAL QUERY,Medium,2025-02-03 05:20:00,2025-02-03 07:21:48,A0052,3
T0000563,priceline,SOCIAL,Billing,Medium,2025-02-21 12:50:00,2025-02-21 14:21:48,A0015,
T0003454,priceline,phone,Technical Issue ,Urgent,2024-10-02 04:42:00,2024-10-02 11:24:00,A0049,2
T0000719,agoda,social,General Query,Low,2024-09-19 13:33:00,2024-09-21 09:17:24,A0031,5
T0002672,priceline,e-mail,Technical Issue ,Medium,2024-12-26 15:31:00,2024-12-27 02:16:36,A0058,2
T0001671,Booking.com,Email,Technical Issue,Urgent,2024-07-03 06:26:00,2024-07-03 10:36:12,A0006,
T0001766,Booking.com,chat,GENERAL QUERY,High,23/08/2024 18:31,,A0003,
T0001921,priceline,phone,General Query,Urgent,2024-06-02 09:04:00,2024-06-02 15:55:36,A0035,5
T0000702,agoda,social,Booking Change,Low,30/07/2024 23:32,2024-07-31 02:51:48,A0058,2
T0004520,priceline,email,Booking Change,Urgent,06/02/2025 18:12,2025-02-07 08:27:00,A0030,2
T0003586,KAYAK,SOCIAL,Cancellation,Medium,2025-05-24 21:56:00,2025-05-25 02:32:36,A0048,
T0002573,priceline,chat,Cancellation ,Low,2024-12-23 10:29:00,2024-12-23 16:00:12,A0027,9
T0000099,Booking.com,social,General Query,Urgent,2024-07-09 13:58:00,2024-07-09 23:45:24,A0030,2
T0004577,KAYAK,phone,Billing,High,2025-05-30 09:18:00,2025-05-30 11:22:12,A0044,5
T0002830,KAYAK,email,General Query,Medium,2024-11-10 21:47:00,2024-11-11 16:40:24,A0003,
T0000282,priceline,chat,billing,Urgent,2025-02-21 13:49:00,2025-02-21 17:53:48,A0002,
T0003192,KAYAK,social,TECHNICAL ISSUE,High,2025-03-05 17:56:00,2025-03-05 19:44:00,A0030,
T0001600,priceline,social,cancellation,Low,2025-02-10 08:59:00,2025-02-10 18:05:36,A0001,
T0000812,agoda,social,BOOKING CHANGE,Urgent,2024-07-15 03:31:00,,A0002,
T0000655,agoda,email,Booking Change,Low,2025-02-25 18:22:00,2025-02-26 07:01:36,A0006,7
T0000798,KAYAK,social,Cancellation ,Medium,2025-03-20 23:44:00,2025-03-21 06:59:36,A0051,3
T0002864,priceline,social,Booking Change,Medium,20/08/2024 09:19,2024-08-21 02:41:12,A0053,2
T0000107,priceline,email,Cancellation,Low,25/01/2025 11:27,2025-01-26 13:31:12,A0033,1
T0003915,agoda,email,Booking Change,Urgent,2025-05-30 17:38:00,2025-05-30 19:46:24,A0007,
T0004096,agoda,email,Booking Change,High,2025-01-22 04:03:00,,A0018,
T0000275,Booking.com,chat,Booking Change ,Low,2024-06-21 17:52:00,2024-06-21 23:21:24,A0015,6
T0003709,priceline,phone,Technical Issue ,Urgent,2024-08-02 23:21:00,2024-08-03 11:15:00,A0022,
T0004649,priceline,phone,Technical Issue,Urgent,2025-04-04 07:42:00,2025-04-05 17:58:48,A0060,4
T0001068,agoda,chat,Booking Change,Low,2025-04-23 10:24:00,2025-04-23 17:22:12,A0046,1
T0002495,priceline,Email,Bill,Medium,08/07/2024 23:55,2024-07-09 03:59:12,A0025,8
T0000785,Booking.com,PHONE,General Query,Urgent,20/09/2024 19:37,2024-09-21 01:24:24,A0028,
T0003609,priceline,CHAT,Cancellation,Urgent,2024-12-15 21:37:00,2024-12-15 23:58:00,A0021,
T0004696,KAYAK,social,Technical Issue,High,2024-12-13 20:19:00,2024-12-14 03:47:48,A0031,4
T0004855,Booking.com,email,Cancellation,Low,2024-08-05 18:10:00,2024-08-05 21:01:00,A0053,
T0001166,priceline,e-mail,Cancellation,Low,2024-10-04 03:44:00,2024-10-04 16:55:24,A0055,
T0000004,priceline,chat,General Query,Medium,2025-04-26 02:44:00,2025-04-26 08:47:00,A0040,
T0003052,KAYAK,chat,Technical Issue ,Urgent,06/08/2024 13:48,2024-08-06 18:07:12,A0006,8
T0004623,KAYAK,email,Technical Issue,Urgent,04/12/2024 13:29,2024-12-04 19:54:48,A0013,1
T0000087,Booking.com,phone,General Query ,Medium,2024-06-03 11:31:00,2024-06-03 21:13:36,A0019,
T0002191,agoda,phone,General Query,Medium,2024-08-23 19:41:00,,A0045,
T0001471,Booking.com,chat,Billing,High,2024-11-16 19:26:00,2024-11-17 03:59:36,A0054,3
T0004794,Booking.com,social,Technical Issue,Medium,2024-07-27 19:44:00,2024-07-28 02:38:00,A0036,10
T0002789,Booking.com,social,Billing,Medium,2024-10-27 09:04:00,2024-10-27 18:34:00,A0031,
T0002187,KAYAK,Email,Cancellation,Urgent,2024-09-09 21:20:00,2024-09-10 02:23:36,,7
T0002602,agoda,chat,Technical Issue,High,2025-05-05 02:09:00,2025-05-05 12:24:36,A0041,
T0004859,KAYAK,chat,Technical Issue,Urgent,2025-03-23 14:13:00,2025-03-24 01:05:48,A0035,1
T0003782,Booking.com,email,General Query,Low,2024-10-06 11:06:00,2024-10-06 14:22:48,A0055,5
T0000878,KAYAK,phone,cancellation,Urgent,2024-12-10 08:13:00,2024-12-10 18:19:36,A0038,2
T0001637,agoda,social,Cancellation,Urgent,2025-01-20 18:15:00,2025-01-22 12:26:24,A0005,2
T0004779,KAYAK,social,General Query,Medium,2025-02-02 11:02:00,2025-02-02 21:15:48,A0058,2
T0000694,priceline,chat,Booking Change ,Medium,25/12/2024 18:43,2024-12-25 22:17:48,A0008,4
T0002335,Booking.com,chat,TECHNICAL ISSUE,High,21/08/2024 21:48,2024-08-22 08:01:12,A0060,
T0002328,Booking.com,email,Technical Issue,High,2024-10-24 04:00:00,2024-10-24 06:29:24,A0053,5
T0001575,Booking.com,email,Cancellation,Urgent,2024-06-14 06:09:00,2024-06-14 06:32:24,A0026,4
T0004629,priceline,email,General Query ,Medium,2025-02-13 05:54:00,2025-02-13 16:16:12,A0010,
T0001628,KAYAK,phone,Technical Issue,Medium,19/08/2024 18:17,2024-08-19 23:43:24,A0026,5
T0000379,Booking.com,chat,Billing,Low,2024-07-05 19:53:00,2024-07-06 00:30:12,A0028,
T0001616,agoda,phone,general query,Urgent,2024-07-07 17:40:00,2024-07-08 08:23:48,A0030,
T0002790,Booking.com,social,booking change,High,2025-03-25 17:37:00,,A0059,
T0001350,agoda,social,Billing,Medium,2024-08-02 15:23:00,,A0055,
T0004422,Booking.com,phone,general query,Low,2024-07-07 21:01:00,2024-07-07 23:05:12,A0039,3
T0001370,agoda,chat,Booking Change,Urgent,2025-03-14 01:40:00,2025-03-14 02:27:24,A0002,
T0004296,Booking.com,email,Technical Issue,Medium,2025-02-16 05:15:00,2025-02-16 08:11:24,A0060,4
T0004170,agoda,chat,Billing ,Urgent,26/02/2025 19:42,2025-02-28 14:52:12,A0055,4
T0000321,Booking.com,chat,General Query,Medium,2025-05-13 21:49:00,2025-05-14 01:42:24,A0024,
T0000498,agoda,phone,Bill,Low,2025-01-12 10:13:00,2025-01-12 13:33:24,A0008,3
T0003286,priceline,social,Technical Issue,Low,2025-02-02 18:38:00,2025-02-02 19:51:12,A0024,2
T0003107,agoda,phone,General Query,Urgent,24/02/2025 09:51,2025-02-24 10:40:12,A0052,
T0000308,KAYAK,phone,Cancellation,Medium,18/05/2025 23:02,2025-05-19 01:21:48,A0045,3
T0000973,agoda,email,BOOKING CHANGE,Urgent,25/03/2025 11:53,2025-03-25 13:18:12,A0033,
T0002928,agoda,phone,Cancellation,Low,2025-01-08 16:53:00,2025-01-08 22:48:12,A0038,
T0003532,priceline,email,Booking Change,High,2024-12-23 16:52:00,,A0018,
T0001633,agoda,chat,Technical Issue,High,2025-01-19 17:33:00,2025-01-19 22:07:12,A0050,
T0003128,KAYAK,email,Cancellation,Low,2025-04-19 23:16:00,2025-04-20 06:26:48,A0026,6
T0003788,Booking.com,social,BILLING,High,25/07/2024 09:47,2024-07-25 11:17:36,A0037,
T0004795,Booking.com,chat,Technical Issue,Medium,2024-09-01 03:13:00,2024-09-01 04:27:24,A0001,
T0001931,Booking.com,social,Billing,Low,05/08/2024 09:08,2024-08-05 10:38:36,A0007,3
T0000230,priceline,chat,General Query,Medium,2024-12-26 13:41:00,2024-12-26 16:15:12,A0022,3
T0003672,priceline,chat,Billing,High,2024-09-23 04:54:00,2024-09-23 05:08:24,A0012,
T0002558,Booking.com,social,General Query,Urgent,2024-06-23 14:00:00,2024-06-24 02:07:48,A0029,4
T0001072,Booking.com,chat,Booking Change,Medium,2025-03-29 12:07:00,2025-03-29 13:25:36,A0057,1
T0001420,Booking.com,chat,Booking Change ,Low,2025-06-01 04:44:00,2025-06-01 07:18:12,,1
T0001464,Booking.com,phone,Cancellation,Urgent,2025-03-28 08:55:00,2025-03-28 13:59:12,A0050,3
T0002025,priceline,chat,Billing,Low,2024-11-12 10:19:00,2024-11-12 10:32:48,A0035,3
T0002207,priceline,phone,GENERAL QUERY,Low,14/05/2025 20:33,2025-05-15 05:11:24,A0047,
T0004941,KAYAK,PHONE,Booking Change,Low,2024-08-31 16:18:00,2024-09-01 05:55:12,A0006,
T0001657,KAYAK,phone,Booking Change,High,24/08/2024 03:32,,A0043,
T0002762,Booking.com,chat,Technical Issue,Medium,2025-01-16 02:38:00,2025-01-16 14:47:00,A0011,3
T0002354,priceline,chat,Cancellation,Low,2024-12-20 02:56:00,2024-12-20 12:59:36,A0058,
T0003314,priceline,social,Technical Issue,High,2024-09-01 18:50:00,2024-09-02 02:27:12,A0033,3
T0004409,priceline,social,Technical Issue,High,2024-09-26 02:06:00,2024-09-26 04:00:36,A0029,
T0003366,Booking.com,chat,Billing,Urgent,2024-10-28 13:46:00,2024-10-28 21:38:48,A0010,2
T0001071,Booking.com,email,Technical Issue,Urgent,2024-12-02 22:46:00,2024-12-03 03:03:24,A0012,
T0000835,KAYAK,social,TECHNICAL ISSUE,Medium,07/10/2024 03:26,2024-10-07 10:42:48,A0037,5
T0004925,Booking.com,Email,Booking Change,Medium,30/12/2024 04:31,2024-12-30 13:05:12,A0045,4
T0000708,priceline,phone,General Query,Low,2024-12-26 15:38:00,2024-12-27 14:21:12,A0060,8
T0000964,Booking.com,chat,Technical Issue,Low,2025-01-28 19:13:00,2025-01-28 23:52:36,A0020,
T0000244,Booking.com,chat,CANCELLATION,Low,2024-09-11 15:17:00,2024-09-11 22:46:24,A0001,2
T0002357,KAYAK,email,billing,Urgent,2024-08-05 07:21:00,2024-08-05 11:25:48,A0045,2
T0003364,agoda,chat,Technical Issue,Urgent,2024-12-29 03:55:00,2024-12-30 18:03:24,A0018,1
T0003898,KAYAK,social,cancellation,Urgent,2024-12-23 02:13:00,,A0007,
T0002342,Booking.com,social,General Query,High,23/08/2024 07:17,2024-08-24 01:39:48,A0018,
T0003710,priceline,social,billing,Medium,2025-05-11 16:43:00,2025-05-11 17:04:00,A0055,3
T0004534,agoda,chat,General Query ,Medium,2024-06-14 02:20:00,2024-06-14 03:47:00,A0059,
T0002032,Booking.com,social,Cancellation,Medium,21/03/2025 18:11,2025-03-22 10:51:12,A0017,
T0000012,Booking.com,chat,Technical Issue,Urgent,2024-10-06 06:17:00,2024-10-06 07:18:12,A0033,1
T0000671,KAYAK,email,Booking Change,Urgent,2024-08-19 10:14:00,2024-08-19 20:55:24,A0021,4
T0004849,KAYAK,social,Cancellation,Medium,2024-11-14 10:43:00,2024-11-14 17:01:00,A0053,3
T0000206,priceline,social,Technical Issue,Low,2024-08-29 01:55:00,2024-08-29 02:29:12,A0060,4
T0001704,KAYAK,social,Technical Issue ,Low,2024-08-24 03:54:00,2024-08-24 14:22:12,A0015,1
T0004428,KAYAK,email,Billing,Medium,2024-08-16 04:53:00,2024-08-16 15:33:48,A0051,
T0001809,agoda,e-mail,Booking Change,Urgent,2024-11-19 20:28:00,2024-11-20 04:53:12,A0053,3
T0001972,KAYAK,phone,Technical Issue,Urgent,20/01/2025 21:41,2025-01-21 06:09:48,A0019,7
T0004940,Booking.com,email,Cancellation,Urgent,2025-03-11 23:00:00,2025-03-12 02:14:24,A0033,
T0004269,Booking.com,chat,Cancellation,High,2024-12-05 02:14:00,2024-12-05 12:36:48,A0005,
T0004377,Booking.com,email,cancellation,Medium,2024-06-07 21:50:00,2024-06-08 12:08:36,A0052,1
T0001357,KAYAK,chat,billing,Low,2024-11-30 13:42:00,2024-11-30 17:10:48,A0021,
T0003887,agoda,social,TECHNICAL ISSUE,Low,19/02/2025 16:45,,A0049,
T0001221,KAYAK,phone,Cancellation,Low,22/01/2025 15:58,2025-01-23 04:44:48,A0051,10
T0004673,priceline,social,Cancellation ,Medium,24/12/2024 07:22,,A0008,
T0001466,priceline,phone,General Query,Medium,2025-05-05 02:22:00,2025-05-05 15:03:24,A0005,5
T0001126,Booking.com,chat,General Query,Low,06/10/2024 13:26,2024-10-06 15:38:36,A0013,4
T0003301,Booking.com,phone,Technical Issue,Low,08/09/2024 15:29,2024-09-09 12:34:24,A0047,2
T0003955,agoda,e-mail,Billing,High,2024-09-20 04:11:00,2024-09-20 04:40:24,A0039,
T0002442,priceline,email,Technical Issue,High,2024-06-02 03:19:00,,A0060,
T0004393,agoda,phone,Cancellation,Medium,2024-08-10 12:14:00,,A0058,
T0001605,Booking.com,social,Technical Issue,Low,2024-10-22 13:52:00,2024-10-22 14:18:24,A0031,9
T0004037,priceline,chat,Cancellation,High,2024-12-15 09:21:00,2024-12-15 17:29:24,A0013,4
T0002282,priceline,social,Billing,High,2025-01-23 15:42:00,2025-01-24 00:25:12,A0023,
T0003652,priceline,social,cancellation,Low,2024-12-06 17:30:00,2024-12-06 22:19:12,A0029,4
T0002972,priceline,chat,Billing,Low,2025-04-24 15:02:00,2025-04-24 21:20:36,A0005,5
T0003021,agoda,email,Cancellation,Urgent,2024-07-15 10:44:00,2024-07-16 00:07:24,A0019,2
T0002841,agoda,chat,Billing,High,2025-03-12 13:48:00,,A0011,
T0002413,agoda,phone,Cancellation ,High,2025-01-10 05:44:00,2025-01-10 13:48:12,A0045,5
T0000052,priceline,phone,Cancellation,High,2024-12-03 08:21:00,,A0001,
T0000951,agoda,chat,Billing,Urgent,2024-06-19 20:19:00,2024-06-20 01:01:36,A0048,
T0003001,Booking.com,email,Billing,High,2025-02-11 06:06:00,2025-02-12 04:49:48,A0039,
T0003908,priceline,email,Billing,Low,2024-08-16 14:09:00,2024-08-16 14:56:24,A0005,4
T0000619,Booking.com,social,Cancellation ,Low,27/05/2025 16:31,2025-05-28 04:11:12,A0056,4
T0000592,priceline,chat,general query,Urgent,2024-09-08 23:22:00,2024-09-09 08:35:48,A0027,5
T0002205,priceline,chat,Billing,High,2024-07-17 02:08:00,2024-07-17 15:01:24,A0011,5
T0003266,priceline,chat,General Query,High,2025-02-28 12:15:00,2025-03-01 00:40:12,A0007,2
T0001252,agoda,social,Cancellation,Medium,2024-08-24 12:46:00,2024-08-24 18:17:12,A0010,4
T0002849,agoda,Email,Cancellation,Urgent,2025-05-09 18:58:00,2025-05-09 20:53:12,A0017,10
T0000543,KAYAK,SOCIAL,cancellation,Medium,2024-12-20 07:17:00,2024-12-20 15:42:12,A0031,2
T0001026,agoda,PHONE,billing,High,2025-05-04 07:05:00,2025-05-04 11:39:48,A0026,
T0004343,KAYAK,SOCIAL,TECHNICAL ISSUE,Low,2024-10-08 18:58:00,2024-10-08 21:22:36,A0027,1
T0004813,priceline,email,Technical Issue,High,2024-11-05 21:58:00,2024-11-07 00:14:48,A0014,
T0001111,KAYAK,phone,Cancellation,High,2024-09-02 10:23:00,2024-09-02 20:02:00,A0021,1
T0001363,agoda,email,General Query,Low,2024-08-04 22:18:00,2024-08-04 23:03:00,A0026,9
T0004408,KAYAK,phone,Bill,Medium,2025-02-25 05:45:00,2025-02-25 06:22:12,A0051,5
T0003948,agoda,phone,GENERAL QUERY,Urgent,2025-05-26 20:30:00,2025-05-27 02:40:12,A0021,8
T0003373,priceline,email,GENERAL QUERY,Urgent,2024-12-13 21:46:00,2024-12-13 23:38:48,A0029,
T0001996,priceline,social,Booking Change,High,2024-10-30 05:45:00,2024-10-30 17:15:36,A0043,3
T0000411,Booking.com,chat,Cancellation,Medium,2024-08-30 16:01:00,2024-08-31 09:53:48,A0022,8
T0002455,KAYAK,phone,General Query,Urgent,2024-12-29 12:11:00,,A0004,
T0004744,agoda,social,booking change,High,2025-04-06 08:58:00,2025-04-06 10:23:12,A0003,
T0001699,agoda,email,Booking Change,High,2025-02-12 02:57:00,2025-02-12 09:27:36,A0037,5
T0002047,Booking.com,social,cancellation,High,2024-07-03 23:12:00,2024-07-04 00:02:24,A0037,9
T0002553,Booking.com,chat,Cancellation,Medium,2024-11-09 16:59:00,2024-11-09 21:41:36,A0017,8
T0000682,KAYAK,chat,TECHNICAL ISSUE,Low,2025-03-15 05:51:00,2025-03-15 09:03:36,A0025,4
T0002160,priceline,social,TECHNICAL ISSUE,Low,19/08/2024 13:39,2024-08-19 15:29:24,A0056,6
T0004998,Booking.com,email,Booking Change,Medium,2024-11-20 09:24:00,2024-11-20 10:06:36,A0036,2
T0001626,agoda,phone,Booking Change,Medium,2024-12-28 14:14:00,2024-12-28 23:25:24,A0040,4
T0000772,Booking.com,social,Cancellation,Low,06/11/2024 14:05,,A0018,
T0000246,Booking.com,PHONE,Booking Change,Low,2024-08-22 19:25:00,2024-08-22 19:53:12,A0022,2
T0000795,priceline,phone,Cancellation ,Medium,2025-02-14 05:47:00,2025-02-14 20:49:24,A0028,3
T0003123,agoda,phone,Booking Change,Urgent,2025-02-08 11:34:00,2025-02-08 21:11:12,A0010,1
T0002476,agoda,social,General Query,Urgent,2024-09-30 00:09:00,2024-09-30 01:31:12,A0017,1
T0001177,Booking.com,email,Billing,High,20/04/2025 21:23,2025-04-20 22:45:48,A0010,3
T0000964,Booking.com,chat,Technical Issue,Low,2025-01-28 19:13:00,2025-01-28 23:52:36,A0020,
T0002627,Booking.com,social,Cancellation,Urgent,2025-01-15 08:12:00,2025-01-15 21:01:48,A0052,5
T0004901,priceline,chat,CANCELLATION,High,04/01/2025 06:55,,A0008,
T0003054,KAYAK,social,Booking Change,Medium,2024-09-18 00:34:00,,A0036,
T0004636,agoda,social,technical issue,High,2024-12-13 03:37:00,2024-12-13 08:48:24,A0013,5
T0000483,KAYAK,PHONE,Technical Issue,Medium,2024-08-04 09:13:00,2024-08-04 12:40:36,A0013,4
T0002732,KAYAK,social,CANCELLATION,Medium,2025-04-19 10:11:00,2025-04-19 13:20:00,A0017,
T0003830,KAYAK,social,GENERAL QUERY,Urgent,2025-05-12 01:03:00,2025-05-12 05:30:00,A0045,1
T0000870,agoda,SOCIAL,CANCELLATION,Urgent,2025-01-13 21:09:00,2025-01-13 23:49:48,A0013,1
T0002944,priceline,email,CANCELLATION,High,2024-08-09 10:00:00,2024-08-10 12:26:24,A0054,5
T0000788,KAYAK,CHAT,Booking Change,Urgent,15/03/2025 18:05,2025-03-16 02:53:00,A0002,
T0000159,agoda,email,Cancellation,Low,2024-12-29 05:03:00,2024-12-29 12:38:24,A0059,1
T0004174,Booking.com,social,Technical Issue,Medium,2025-04-25 02:07:00,2025-04-25 11:01:00,A0058,4
T0000197,agoda,chat,Technical Issue,Urgent,09/04/2025 16:04,2025-04-09 22:16:36,A0025,5
T0002787,agoda,chat,Technical Issue ,Urgent,2024-08-17 10:51:00,2024-08-17 20:52:48,A0041,5
T0004725,Booking.com,social,BOOKING CHANGE,Low,25/08/2024 12:57,2024-08-25 19:03:36,A0019,
T0004329,priceline,social,Cancellation ,Low,2024-08-09 15:00:00,2024-08-09 19:49:12,A0015,
T0003676,KAYAK,social,Booking Change,Low,2025-01-03 17:43:00,,A0008,
T0001519,KAYAK,chat,Booking Change,Low,24/10/2024 12:52,2024-10-24 19:10:00,A0002,3
T0003971,agoda,email,Booking Change,Urgent,2024-06-10 22:18:00,2024-06-11 03:03:36,A0023,
T0004498,Booking.com,social,Booking Change,High,2024-12-03 01:03:00,2024-12-03 05:57:36,A0016,
T0004077,KAYAK,chat,General Query ,Urgent,2025-05-07 06:57:00,2025-05-08 00:51:36,A0055,
T0004008,priceline,phone,Billing,Medium,2024-06-18 09:36:00,2024-06-18 14:06:36,A0024,2
T0002818,priceline,social,General Query,Urgent,04/08/2024 04:50,2024-08-04 08:11:00,A0013,3
T0002698,priceline,phone,Technical Issue,Low,2024-06-15 13:02:00,2024-06-15 14:27:48,A0010,5
T0000188,priceline,phone,Billing,Medium,2025-04-08 21:19:00,2025-04-09 01:53:12,,2
T0001778,priceline,SOCIAL,Billing,Urgent,2024-06-18 05:01:00,2024-06-18 11:06:24,A0057,2
T0002055,Booking.com,phone,Technical Issue,Low,2024-07-15 14:16:00,2024-07-15 16:33:24,A0008,4
T0004239,agoda,chat,General Query ,Medium,2024-12-07 11:22:00,2024-12-07 15:41:12,A0029,3
T0000736,priceline,social,Technical Issue,High,24/06/2024 11:56,2024-06-24 15:32:00,A0019,2
T0002630,Booking.com,phone,technical issue,High,2025-05-26 19:57:00,2025-05-26 21:52:48,A0037,1
T0003219,KAYAK,phone,Technical Issue,Low,2024-11-30 20:15:00,2024-11-30 20:48:00,A0043,5
T0001107,KAYAK,e-mail,Booking Change,Low,2024-12-02 19:16:00,,A0026,
T0003279,agoda,chat,Technical Issue,High,20/08/2024 02:20,2024-08-20 03:47:00,A0040,1
T0002215,priceline,social,Booking Change,Medium,2025-03-28 14:45:00,,A0048,
T0003443,KAYAK,chat,General Query,Low,2024-07-21 15:21:00,2024-07-21 19:55:12,A0041,3
T0003910,priceline,CHAT,cancellation,Low,13/09/2024 19:41,2024-09-13 21:14:00,A0009,3
T0004664,KAYAK,chat,Technical Issue,High,27/03/2025 23:16,2025-03-28 00:19:00,A0042,2
T0000046,KAYAK,chat,Booking Change ,High,2024-09-10 00:51:00,2024-09-10 15:58:12,A0007,2
T0000638,Booking.com,e-mail,BOOKING CHANGE,Low,2024-09-25 23:50:00,2024-09-26 11:06:12,A0019,1
T0000464,KAYAK,social,Billing,Urgent,2024-10-10 15:16:00,2024-10-10 17:34:36,A0054,
T0001881,Booking.com,phone,Technical Issue,Urgent,25/07/2024 01:31,2024-07-25 08:29:48,A0015,4
T0001982,agoda,phone,General Query,Low,18/06/2024 00:19,2024-06-18 17:17:12,A0016,3
T0004667,agoda,email,Cancellation,Urgent,2024-10-30 01:07:00,2024-10-30 12:32:48,A0002,1
T0003753,KAYAK,social,BILLING,Medium,2024-11-06 16:57:00,2024-11-06 17:43:48,A0008,4
T0003223,priceline,chat,BOOKING CHANGE,Urgent,2024-12-01 02:21:00,2024-12-01 05:55:12,A0033,2
T0001259,Booking.com,phone,Billing,Urgent,2025-05-13 06:52:00,2025-05-13 15:59:48,A0017,5
T0002013,agoda,social,General Query,High,2024-09-15 10:38:00,2024-09-15 17:18:12,A0014,5
T0003337,Booking.com,social,General Query,Medium,2024-10-06 21:12:00,2024-10-07 09:40:12,A0041,1
T0001468,agoda,chat,Billing,High,2024-08-08 00:30:00,2024-08-08 03:44:24,A0051,9
T0001721,KAYAK,chat,technical issue,Medium,2024-12-24 12:35:00,2024-12-25 05:38:36,A0046,4
T0003630,agoda,phone,Cancellation,Medium,2025-01-26 22:16:00,,A0050,
T0000937,priceline,social,TECHNICAL ISSUE,Low,2025-02-11 22:31:00,,A0043,
